,id,product1,product2,k,dzien_rozliczenia
0,32,129.8427514926505,60.441799149144984,1,2022-12-02
1,23,143.24610109163896,37.020840954423726,1,2022-12-02
2,38,98.2895002567427,39.756999804423316,1,2022-12-02
3,39,59.28123395700556,22.983835438265793,1,2022-12-02
4,14,113.05991053052023,41.468251068219274,1,2022-12-02
5,27,100.58360368392239,56.031819248584455,1,2022-12-03
6,26,117.13009874944186,82.64992135827637,1,2022-12-03
7,25,196.20792267405955,55.0726870449683,1,2022-12-03
8,17,255.7211418543583,153.01223768905467,1,2022-12-03
9,28,106.8746973039808,66.59128606156703,1,2022-12-04
10,36,85.85421880650266,40.2645124644789,1,2022-12-05
11,10,103.19825561342752,57.457611533873916,1,2022-12-05
12,12,75.36420880989674,47.39509874317938,1,2022-12-05
13,11,103.32050038736783,49.43534091711026,1,2022-12-05
14,39,58.7206643570786,19.999634550896133,1,2022-12-06
15,16,81.43624236139145,46.66928326756465,1,2022-12-06
16,14,145.37932793624253,44.953654306726364,1,2022-12-06
17,15,126.03057683639251,21.472396641686807,1,2022-12-06
18,13,91.15283204879928,47.615925307940756,1,2022-12-06
19,35,131.8844672127412,62.27842321935531,1,2022-12-07
20,17,85.46018828968951,52.59243306375823,1,2022-12-07
21,18,67.49567779989376,39.43593754656639,1,2022-12-07
22,24,156.02130065550446,62.15231757986482,1,2022-12-07
23,29,171.4433962264151,76.81132075471699,1,2022-12-07
24,31,61.72422575377106,25.16756885240426,1,2022-12-08
25,21,110.92032851361041,63.12474138915958,1,2022-12-08
26,19,181.832467953399,63.71963307478912,1,2022-12-08
27,20,199.29141629958545,140.94645719003523,1,2022-12-08
28,22,168.8018867924529,81.05660377358491,1,2022-12-08
29,23,151.25250857103137,38.73250914554897,1,2022-12-09
30,38,98.9400406630727,39.31842320372987,1,2022-12-09
31,39,59.28123395700556,22.983835438265793,1,2022-12-09
32,32,127.9647744263118,56.49424660673875,1,2022-12-09
33,14,115.77996737054313,40.43347972125922,1,2022-12-09
34,27,105.01265106174657,53.64589465133463,1,2022-12-10
35,25,196.7096714997946,52.68890365121906,1,2022-12-10
36,39,68.89811796141312,26.76314177549198,1,2022-12-10
37,17,254.49849814821016,151.0540354578868,1,2022-12-10
38,28,106.23129210235693,69.53939121208548,1,2022-12-11
39,14,120.365980000242,43.52081139180741,1,2022-12-11
40,36,82.48393812065362,41.395175021613255,1,2022-12-12
41,10,103.41219755219548,60.34757897485625,1,2022-12-12
42,12,70.99235943369061,47.40052555353564,1,2022-12-12
43,11,100.9022876871171,50.35082376020269,1,2022-12-12
44,39,58.7206643570786,19.999634550896133,1,2022-12-13
45,14,115.5988727005223,46.035850189522286,1,2022-12-13
46,16,80.5870176150365,50.50713574118886,1,2022-12-13
47,13,86.20166941425929,51.46382006260859,1,2022-12-13
48,15,130.37741276806625,37.5526811921267,1,2022-12-13
49,35,137.29867645985857,60.14398713032775,1,2022-12-14
50,17,73.12972359967587,53.58143980388522,1,2022-12-14
51,18,61.58252872488886,41.236812786470665,1,2022-12-14
52,24,151.2760696551796,72.37091276987161,1,2022-12-14
53,29,171.4433962264151,76.81132075471699,1,2022-12-14
54,31,59.593274092289775,24.62026012841546,1,2022-12-15
55,21,92.53078262992392,55.08891086459804,1,2022-12-15
56,19,152.8183501775627,62.12169995335707,1,2022-12-15
57,20,162.13603608143845,117.48167589559463,1,2022-12-15
58,22,168.8018867924529,81.05660377358491,1,2022-12-15
59,32,117.01939712654111,65.45596406932364,1,2022-12-16
60,23,144.86050491273602,39.5857810441938,1,2022-12-16
61,38,93.72637522899501,42.624270612036646,1,2022-12-16
62,39,59.28123395700556,22.983835438265793,1,2022-12-16
63,14,96.66493688147999,41.48923894416321,1,2022-12-16
64,26,111.44467723964512,83.8024570876379,1,2022-12-17
65,27,87.30442857045077,53.32410778314874,1,2022-12-17
66,25,177.22534994778297,60.25601794139354,1,2022-12-17
67,36,76.71093465869191,31.917925268366503,1,2022-12-17
68,17,230.82634118447208,148.9449039735658,1,2022-12-17
69,28,104.48943260775606,66.36296896859585,1,2022-12-18
70,19,203.24492639904545,80.39800298698093,1,2022-12-18
71,14,116.4248172859824,43.21091280193951,1,2022-12-18
72,36,60.50418725144623,31.22237334074513,1,2022-12-19
73,12,71.57860336837614,49.8647294174331,1,2022-12-19
74,11,100.8919672566995,50.51488121044652,1,2022-12-19
75,10,104.07611797645401,60.787734508896996,1,2022-12-19
76,39,58.7206643570786,19.999634550896133,1,2022-12-20
77,16,78.72262555211772,44.82371466066821,1,2022-12-20
78,14,141.87459117392,46.61104812079947,1,2022-12-20
79,15,140.54218898934116,23.64176553949746,1,2022-12-20
80,13,91.21599165664419,46.83208834034277,1,2022-12-20
81,35,131.58514256531743,62.24356697228152,1,2022-12-21
82,17,87.4560325774866,52.48447537495966,1,2022-12-21
83,18,69.98562765895309,41.44113489091104,1,2022-12-21
84,24,157.9145964201043,62.54626817230376,1,2022-12-21
85,29,171.4433962264151,76.81132075471699,1,2022-12-21
86,31,60.752147897582375,23.870863433925223,1,2022-12-22
87,21,105.24331366326093,59.81100368069527,1,2022-12-22
88,20,189.59546608604327,123.99730877582329,1,2022-12-22
89,22,168.8018867924529,81.05660377358491,1,2022-12-22
90,19,179.45879077058663,62.049685065481704,1,2022-12-22
91,25,197.8984472028225,53.374876078530896,1,2022-12-23
92,32,129.00401540187994,52.27148051426312,1,2022-12-23
93,38,87.15836865440937,35.10543499139265,1,2022-12-23
94,23,154.87524200548123,37.73680846670053,1,2022-12-23
95,14,112.89524137075323,37.19541399503561,1,2022-12-23
96,21,112.72573881368699,57.38406687218998,1,2022-12-29
97,20,215.6013609046656,124.43473806796999,1,2022-12-29
98,22,168.8018867924529,81.05660377358491,1,2022-12-29
99,19,188.97136326528118,63.20824935061172,1,2022-12-29
100,32,134.14957678984388,47.892915238165514,1,2022-12-30
101,38,98.18539065467566,39.543161384425446,1,2022-12-30
102,23,164.6680975091891,35.19588466294693,1,2022-12-30
103,14,115.10991891485638,33.39932813035525,1,2022-12-30
104,27,104.76485452263906,53.20355880207677,1,2022-12-31
105,26,122.1361385611902,77.4522651037435,1,2022-12-31
106,25,205.1424963675593,53.070522527493665,1,2022-12-31
107,36,95.67321764682028,37.720153075155814,1,2022-12-31
108,17,277.45742754315313,144.3471782089213,1,2022-12-31
109,28,107.95902616329826,65.63261567894897,2,2023-01-15
110,10,101.61512620910842,53.23056695018694,2,2023-01-16
111,12,73.80775160319953,49.033915798056086,2,2023-01-16
112,11,108.51787625996538,49.996635551603696,2,2023-01-16
113,39,50.13538614320361,18.105784958874956,2,2023-01-17
114,16,81.02046275916886,40.802472346600695,2,2023-01-17
115,14,148.1001347236265,41.41038299197402,2,2023-01-17
116,15,126.30023153943279,18.58703089241845,2,2023-01-17
117,13,97.2491055738805,47.50295899024813,2,2023-01-17
118,35,132.48976725367436,62.31813797296062,2,2023-01-18
119,17,87.62995722557285,53.0372590135508,2,2023-01-18
120,18,70.54160804913474,40.24128031811741,2,2023-01-18
121,24,157.03314344321225,61.2481251770917,2,2023-01-18
122,29,170.12264150943403,76.7735849056604,2,2023-01-18
123,31,59.52763297405052,24.086652171119493,2,2023-01-19
124,21,105.46298378277552,59.99800246724303,2,2023-01-19
125,20,194.7787788013104,134.2444842094668,2,2023-01-19
126,22,168.9905660377359,81.52830188679249,2,2023-01-19
127,19,194.20407432035242,68.61764435112975,2,2023-01-19
128,23,163.73926227308718,45.10188992610285,2,2023-01-20
129,38,107.21316492238664,40.68682425759126,2,2023-01-20
130,39,58.03942154744634,22.58506025504168,2,2023-01-20
131,32,129.17510843915508,57.45748041242798,2,2023-01-20
132,14,116.06815710390484,40.199026572306984,2,2023-01-20
133,27,97.0075794784057,53.91634867854322,2,2023-01-21
134,26,115.47358035695541,79.1880705444199,2,2023-01-21
135,25,190.87207345973295,55.269018354865146,2,2023-01-21
136,36,103.16721442528721,36.6237679480642,2,2023-01-21
137,17,257.46104815102154,143.74493509572963,2,2023-01-21
138,28,105.94694487235287,68.10403595502017,2,2023-01-22
139,12,73.94822283979966,50.22796812364389,2,2023-01-23
140,11,101.38596282029481,50.072807055358126,2,2023-01-23
141,10,106.28940371941262,61.2988981788075,2,2023-01-23
142,39,50.13538614320361,18.105784958874956,2,2023-01-24
143,16,84.82543857070556,56.3295148137048,2,2023-01-24
144,14,148.05992634529622,46.48327094776888,2,2023-01-24
145,15,150.5169555873115,20.161830326446516,2,2023-01-24
146,13,93.31760541255629,44.90350667985918,2,2023-01-24
147,35,117.62202937547815,64.7279104610753,2,2023-01-25
148,18,69.02069312216011,34.80395497678823,2,2023-01-25
149,24,175.30674766313692,68.17255736178284,2,2023-01-25
150,29,170.12264150943403,76.7735849056604,2,2023-01-25
151,17,83.04252321759775,53.51398445443995,2,2023-01-25
152,31,62.34478343649326,26.125398346551794,2,2023-01-26
153,21,107.67877758835932,59.10614665120366,2,2023-01-26
154,19,179.44889379913286,62.62055753604966,2,2023-01-26
155,20,185.06952794266837,124.32042862308481,2,2023-01-26
156,22,168.9905660377359,81.52830188679249,2,2023-01-26
157,32,129.93061770384335,57.54811511150423,2,2023-01-27
158,23,156.1959370453295,39.841926894289195,2,2023-01-27
159,38,107.04815242810633,40.3785621310087,2,2023-01-27
160,14,120.19088895978979,40.007942476109655,2,2023-01-27
161,25,187.54445911961176,52.23120051254349,2,2023-01-28
162,27,99.17206875304312,52.84547705676558,2,2023-01-28
163,26,110.8220761337222,79.94907044770176,2,2023-01-28
164,34,80.75076382900103,34.28833229576175,2,2023-01-28
165,17,239.07034267913448,130.2416778757605,2,2023-01-28
166,28,102.85726127383526,64.25664854724191,2,2023-01-29
167,36,75.78538719334401,37.56393767279609,2,2023-01-30
168,10,102.38982984648119,56.601117972834054,2,2023-01-30
169,12,71.77220217887249,48.84853964015574,2,2023-01-30
170,11,103.25825339946243,48.89346691825885,2,2023-01-30
171,39,50.13538614320361,18.105784958874956,2,2023-01-31
172,16,82.15415202005103,47.80371062614749,2,2023-01-31
173,14,142.58598783396536,47.923517997539314,2,2023-01-31
174,13,93.33354836500939,44.98798266700562,2,2023-01-31
175,15,126.03283121390514,23.11888078257202,2,2023-01-31
176,35,136.2903529316933,61.17276847962766,2,2023-02-01
177,17,94.9115032894159,52.53657424613622,2,2023-02-01
178,18,71.91672445375222,39.10078032528444,2,2023-02-01
179,24,161.28667611721576,60.11820478450453,2,2023-02-01
180,29,170.12264150943403,76.7735849056604,2,2023-02-01
181,31,60.23588686481628,24.7765747423262,2,2023-02-02
182,21,104.95490222047464,58.28944257106344,2,2023-02-02
183,20,190.90395029412267,123.76217248686669,2,2023-02-02
184,22,168.9905660377359,81.52830188679249,2,2023-02-02
185,19,180.8904511603725,62.57019221944167,2,2023-02-02
186,32,127.75838259191721,52.2947644664667,2,2023-02-03
187,38,85.05141383175423,34.04688204557927,2,2023-02-03
188,39,58.03942154744634,22.58506025504168,2,2023-02-03
189,23,153.00896120445594,37.01117048528801,2,2023-02-03
190,14,111.94207290096537,37.596934136694486,2,2023-02-03
191,27,103.63368342217261,54.585609075852176,2,2023-02-04
192,26,120.83522685215034,78.23749229934029,2,2023-02-04
193,25,196.67100309989948,53.69515225930719,2,2023-02-04
194,34,83.80364999019852,30.68942948234059,2,2023-02-04
195,17,296.29125804417043,156.3031833827684,2,2023-02-04
196,28,105.9181793071416,68.21474270758664,2,2023-02-05
197,36,46.00863451055713,26.21280697994643,2,2023-02-06
198,10,88.98894030508096,47.03571680803382,2,2023-02-06
199,12,68.6942398664949,47.1325079042315,2,2023-02-06
200,11,99.26480703645817,53.29213801839559,2,2023-02-06
201,39,50.13538614320361,18.105784958874956,2,2023-02-07
202,16,81.64378976989973,49.72215279710533,2,2023-02-07
203,14,131.697285965241,51.29696495199641,2,2023-02-07
204,15,118.31380344296976,29.114358188552583,2,2023-02-07
205,13,89.78376471455029,50.06545368479092,2,2023-02-07
206,35,144.4570715756432,64.64725697051955,2,2023-02-08
207,17,81.54832413487675,52.145479019049574,2,2023-02-08
208,18,63.257248223200044,35.15867548541655,2,2023-02-08
209,24,152.05645653128525,60.47670070425342,2,2023-02-08
210,29,170.12264150943403,76.7735849056604,2,2023-02-08
211,31,61.6885847002016,25.739148775088932,2,2023-02-09
212,21,109.58484633011318,58.835298947861666,2,2023-02-09
213,20,191.04307432382035,127.9508786367631,2,2023-02-09
214,22,168.9905660377359,81.52830188679249,2,2023-02-09
215,19,188.95698042655468,64.52260984179726,2,2023-02-09
216,32,131.7013473632934,49.791787851323164,2,2023-02-10
217,38,132.37283199382168,51.92361078562259,2,2023-02-10
218,39,58.03942154744634,22.58506025504168,2,2023-02-10
219,23,165.84548662163863,38.719818320038236,2,2023-02-10
220,14,128.12586213710617,37.220821966703376,2,2023-02-10
221,27,103.31610695635305,52.37308907689688,2,2023-02-11
222,26,122.02179119436254,79.83333343857501,2,2023-02-11
223,25,212.81252587981766,49.01786193060491,2,2023-02-11
224,34,85.21700155380199,28.743718736075024,2,2023-02-11
225,17,290.88645658527264,135.9713770450853,2,2023-02-11
226,28,110.1782320346978,62.55703236357717,2,2023-02-12
227,36,78.09873531365464,36.078279469392434,2,2023-02-13
228,10,98.69925833324093,53.47129079304119,2,2023-02-13
229,12,73.60397511839494,50.67188359195575,2,2023-02-13
230,11,104.25742741066337,48.56304754935029,2,2023-02-13
231,39,36.41529369078669,13.639362857600238,3,2023-02-28
232,16,79.38055730391294,50.28061694171658,3,2023-02-28
233,14,73.88674376254704,49.48208474253031,3,2023-02-28
234,15,98.48730528104791,29.69619671541683,3,2023-02-28
235,13,83.21284356893887,46.025831103075625,3,2023-02-28
236,35,127.89112998670888,66.62005343505882,3,2023-03-01
237,17,74.24507391241515,50.91228605936467,3,2023-03-01
238,18,64.34550156477756,44.26399762530612,3,2023-03-01
239,24,163.8230629157103,74.98601539429363,3,2023-03-01
240,29,178.76923076923077,79.6923076923077,3,2023-03-01
241,31,74.24800371244602,33.29535201667651,3,2023-03-02
242,21,105.86677523179247,57.07595792153749,3,2023-03-02
243,19,152.09968044648744,56.89614399662876,3,2023-03-02
244,20,152.06983524777033,123.6361668070669,3,2023-03-02
245,22,154.80769230769232,68.65384615384615,3,2023-03-02
246,23,133.2747262530428,36.18681976331123,3,2023-03-03
247,38,91.59922468945886,39.05991794745742,3,2023-03-03
248,39,37.861333372720864,16.075362933751688,3,2023-03-03
249,32,123.94364629816798,61.16139225852599,3,2023-03-03
250,14,105.69202408421461,41.282702514134876,3,2023-03-03
251,27,85.51395001109992,56.790721535159385,3,2023-03-04
252,26,108.37903346979277,83.0272724703773,3,2023-03-04
253,25,169.50715528173552,60.116726533666515,3,2023-03-04
254,34,122.68351799748731,44.76434572663969,3,2023-03-04
255,17,212.01726009580233,140.99942707853876,3,2023-03-04
256,28,96.10688480791134,63.69921453654296,3,2023-03-05
257,12,67.56468997809938,48.016361235775214,3,2023-03-06
258,11,93.65091254031601,51.66767916159088,3,2023-03-06
259,10,102.41909978136398,70.43001087570809,3,2023-03-06
260,39,36.41529369078669,13.639362857600238,3,2023-03-07
261,16,80.6609571752102,55.20521691785628,3,2023-03-07
262,14,111.96666253049727,45.143086718810245,3,2023-03-07
263,15,127.36182559922224,19.433453418729858,3,2023-03-07
264,13,85.44577200077015,51.926179870360095,3,2023-03-07
265,35,122.68125975032643,64.02699695260327,3,2023-03-08
266,17,63.21075338285427,52.439312968243264,3,2023-03-08
267,18,58.87310924897604,39.41483529610336,3,2023-03-08
268,24,150.49488258724938,78.98303732614077,3,2023-03-08
269,29,178.76923076923077,79.6923076923077,3,2023-03-08
270,31,67.24347288298321,31.13153629735669,3,2023-03-09
271,21,83.4709356439609,52.91443982655009,3,2023-03-09
272,19,141.22179455184573,53.04664035999772,3,2023-03-09
273,20,144.32875058732003,108.15234486995733,3,2023-03-09
274,22,154.80769230769232,68.65384615384615,3,2023-03-09
275,32,118.30673967642623,56.026301978229725,3,2023-03-10
276,23,132.38370980945635,34.50310248163907,3,2023-03-10
277,38,91.00491711040873,41.011387640968145,3,2023-03-10
278,14,93.9536812826642,36.89677064075139,3,2023-03-10
279,27,85.22397022105694,56.201123605321975,3,2023-03-11
280,26,109.0428958466835,82.71562180436439,3,2023-03-11
281,25,171.1859573464259,57.99038075822008,3,2023-03-11
282,34,104.51479462112373,41.790332905901046,3,2023-03-11
283,17,210.0141473357277,143.38877002690046,3,2023-03-11
284,28,103.27310989177622,73.91181238970691,3,2023-03-12
285,36,44.764570431892714,23.34934245931505,3,2023-03-13
286,12,73.51496379723139,48.56742433943958,3,2023-03-13
287,11,107.28233055264634,47.61283614450968,3,2023-03-13
288,10,101.22241329635075,49.53394440514715,3,2023-03-13
289,39,36.41529369078669,13.639362857600238,3,2023-03-14
290,16,82.46822070343565,43.47245204541629,3,2023-03-14
291,14,145.43719475106022,40.44034181134562,3,2023-03-14
292,15,118.8288692424956,14.916680008274803,3,2023-03-14
293,13,90.91648491925291,43.57111723009034,3,2023-03-14
294,35,118.96013881854839,62.95327057699254,3,2023-03-15
295,17,69.38706564674116,49.680052617037674,3,2023-03-15
296,18,62.20114885986678,38.64239763161576,3,2023-03-15
297,24,140.88772328812283,62.56114746213474,3,2023-03-15
298,29,178.76923076923077,79.6923076923077,3,2023-03-15
299,31,66.66431505661252,28.564700259231,3,2023-03-16
300,21,100.28386664031893,60.70235780128001,3,2023-03-16
301,20,171.83970990878757,122.25276956562496,3,2023-03-16
302,22,154.80769230769232,68.65384615384615,3,2023-03-16
303,19,173.17691017749286,60.45575935656271,3,2023-03-16
304,32,130.29961872133546,50.21055393831006,3,2023-03-17
305,38,92.63381107101804,42.02404830524624,3,2023-03-17
306,39,37.861333372720864,16.075362933751688,3,2023-03-17
307,23,174.7282802109825,39.68500628027812,3,2023-03-17
308,14,121.39464548457535,32.92576541668615,3,2023-03-17
309,27,107.70379905251352,49.7437889217517,3,2023-03-18
310,26,124.25046269571938,74.50418360477694,3,2023-03-18
311,25,218.16504091766075,52.03730163845784,3,2023-03-18
312,34,86.75003826980233,30.752343481399972,3,2023-03-18
313,17,299.4839311789291,142.16257344937708,3,2023-03-18
314,28,111.41117953784244,62.69694805902388,3,2023-03-19
315,36,48.69305710496692,23.3863924628143,3,2023-03-20
316,10,97.86244061195228,47.35231079320302,3,2023-03-20
317,12,69.7572888528955,34.665762308804766,3,2023-03-20
318,11,107.67460160206566,47.39547234361267,3,2023-03-20
319,39,36.41529369078669,13.639362857600238,3,2023-03-21
320,16,83.83712046173049,43.87917614942864,3,2023-03-21
321,14,143.12223000014689,40.210991550015905,3,2023-03-21
322,15,119.6872111581984,13.574847909483127,3,2023-03-21
323,13,90.09321531566793,43.02877944766913,3,2023-03-21
324,35,135.75537097123046,56.23592371031521,3,2023-03-22
325,17,117.52834985159411,52.120333200766886,3,2023-03-22
326,18,59.486971813887436,32.24970496273752,3,2023-03-22
327,24,171.48602104106263,55.67004302048361,3,2023-03-22
328,29,178.76923076923077,79.6923076923077,3,2023-03-22
329,31,61.9750082726321,25.330035213814064,3,2023-03-23
330,21,109.44645726858508,55.64690631332659,3,2023-03-23
331,19,191.38967203473854,62.091564983056045,3,2023-03-23
332,20,215.33136659716806,123.94204327352064,3,2023-03-23
333,22,154.80769230769232,68.65384615384615,3,2023-03-23
334,32,133.80498826497754,43.105810105678984,3,2023-03-24
335,38,96.62358388887802,42.63934710616568,3,2023-03-24
336,39,37.861333372720864,16.075362933751688,3,2023-03-24
337,23,168.82511164131515,35.08319797466653,3,2023-03-24
338,14,119.55718055335421,33.00665892719278,3,2023-03-24
339,27,108.44749248487234,51.86990090135307,3,2023-03-25
340,26,124.56389016014421,75.15429326520886,3,2023-03-25
341,25,216.7214632354701,48.898063005460145,3,2023-03-25
342,34,85.1354977934422,30.58401810068884,3,2023-03-25
343,17,297.0280135141269,137.23896201402331,3,2023-03-25
344,28,110.18830290565928,64.34937747934009,3,2023-03-26
345,36,25.637564589225185,14.989189957728618,3,2023-03-27
346,10,109.84522161421536,66.55477094395282,3,2023-03-27
347,12,67.87459415096757,47.62419149959755,3,2023-03-27
348,11,97.66940034619779,50.712122872021304,3,2023-03-27
349,39,36.41529369078669,13.639362857600238,3,2023-03-28
350,14,101.46921096150409,43.93487339518463,3,2023-03-28
351,16,79.34721518545827,55.37707163555412,3,2023-03-28
352,13,84.89249811787455,51.7526937832133,3,2023-03-28
353,15,99.90951205115508,30.762171112500333,3,2023-03-28
354,35,136.75928383103616,63.02347129641284,3,2023-03-29
355,17,88.23951505789724,53.04675807556679,3,2023-03-29
356,18,61.59872511862473,35.155993530809326,3,2023-03-29
357,24,156.11991340658514,59.31823238658803,3,2023-03-29
358,29,178.76923076923077,79.6923076923077,3,2023-03-29
359,21,95.00230249794076,57.73584831960467,4,2023-04-13
360,19,200.317578043734,70.7808361289472,4,2023-04-13
361,20,180.77801785367478,119.33114162020343,4,2023-04-13
362,22,175.38461538461542,101.76923076923079,4,2023-04-13
363,23,162.93516568355764,37.07720636575989,4,2023-04-14
364,32,134.9392713981385,45.79809464755796,4,2023-04-14
365,38,116.97781848604376,53.26496649552216,4,2023-04-14
366,14,121.30719756754287,32.90788010680849,4,2023-04-14
367,27,107.11396382647503,58.125672103172526,4,2023-04-15
368,26,127.86642240887464,77.78576150688781,4,2023-04-15
369,25,221.4631898868192,48.81232539346911,4,2023-04-15
370,34,142.32728414869123,58.14024191257275,4,2023-04-15
371,17,313.19075462094526,144.732419671711,4,2023-04-15
372,28,110.18882339895845,68.98086896298267,4,2023-04-16
373,12,74.17689653231159,48.31747692926062,4,2023-04-17
374,11,110.62437123818417,47.63232337020813,4,2023-04-17
375,10,100.44134170868469,50.03541671818327,4,2023-04-17
376,39,44.0,14.692307692307692,4,2023-04-18
377,16,83.73068337796686,45.76955268322475,4,2023-04-18
378,14,149.88844136709955,38.32757996103863,4,2023-04-18
379,15,123.5958319002687,16.142950608840877,4,2023-04-18
380,13,98.54136200095043,46.60893478827592,4,2023-04-18
381,35,127.32695415322124,70.2772174385471,4,2023-04-19
382,17,72.13610446365645,49.545684430996864,4,2023-04-19
383,18,63.93998873650757,37.01813806940619,4,2023-04-19
384,24,143.3325700001311,65.49579772674032,4,2023-04-19
385,29,145.92307692307696,68.3076923076923,4,2023-04-19
386,31,62.0263835882554,25.398282460030867,4,2023-04-20
387,21,114.08585542289795,55.092450624336635,4,2023-04-20
388,19,196.77765330955344,66.0691043052744,4,2023-04-20
389,20,212.04160761688908,122.6687102262691,4,2023-04-20
390,22,175.38461538461542,101.76923076923079,4,2023-04-20
391,32,134.53934184976163,39.378006578614254,4,2023-04-21
392,23,165.2514344356128,33.79241358682201,4,2023-04-21
393,38,110.48700086533626,46.93910798858603,4,2023-04-21
394,39,42.92307692307693,16.76923076923077,4,2023-04-21
395,14,119.00066762490255,22.863348674879802,4,2023-04-21
396,27,109.4235692139877,48.28140494908657,4,2023-04-22
397,26,126.39671084167279,75.36345524884547,4,2023-04-22
398,25,218.0473191024561,48.901101366841345,4,2023-04-22
399,34,134.45821273400796,55.24875410832791,4,2023-04-22
400,17,314.93295932971637,137.97595612175067,4,2023-04-22
401,28,113.13945639559597,60.878651844216684,4,2023-04-23
402,10,104.40848653646687,50.04534495446316,4,2023-04-24
403,12,75.01785921380097,42.82597255165784,4,2023-04-24
404,11,109.9783638469116,47.50808783402924,4,2023-04-24
405,39,44.0,14.692307692307692,4,2023-04-25
406,16,76.86629770112444,47.021781641947115,4,2023-04-25
407,14,152.22920460296464,49.21707250548984,4,2023-04-25
408,13,89.61238098543446,43.2740453425335,4,2023-04-25
409,15,134.15129273120638,21.068811112830925,4,2023-04-25
410,35,131.5395152152215,63.26510942069317,4,2023-04-26
411,18,62.50523921680525,34.108414680118884,4,2023-04-26
412,24,157.64375530222375,60.17398676886054,4,2023-04-26
413,29,145.92307692307696,68.3076923076923,4,2023-04-26
414,17,91.3564653321741,54.806533695393426,4,2023-04-26
415,31,59.62535667385576,23.527406556474492,4,2023-04-27
416,21,116.91199745701127,57.30890770036996,4,2023-04-27
417,19,200.27730646582572,69.45989035906642,4,2023-04-27
418,20,204.39525050052967,123.08946539525353,4,2023-04-27
419,22,175.38461538461542,101.76923076923079,4,2023-04-27
420,23,169.65015157043234,30.541240474568657,4,2023-04-28
421,39,42.92307692307693,16.76923076923077,4,2023-04-28
422,38,111.0073913089923,46.50814469020449,4,2023-04-28
423,32,140.8829767778565,40.779615045204224,4,2023-04-28
424,14,122.41410948006293,30.854738787210312,4,2023-04-28
425,25,217.371397920606,48.08124518688405,4,2023-04-29
426,27,109.5446220317237,50.56685378427003,4,2023-04-29
427,26,124.8420197254798,71.14123476021626,4,2023-04-29
428,34,135.83456889161914,55.94827159711926,4,2023-04-29
429,17,303.7116793474975,135.05424811095,4,2023-04-29
430,28,113.361814658841,61.53706005223659,4,2023-04-30
431,14,142.9411097016219,40.58702918999296,4,2023-05-02
432,16,83.28890933808883,42.159862504829796,4,2023-05-02
433,13,93.68834001233954,46.18891065152706,4,2023-05-02
434,15,117.48284281726465,16.400924527433325,4,2023-05-02
435,31,56.71910272441866,24.29867438688154,4,2023-05-04
436,21,107.46123968923142,47.57892457624304,4,2023-05-04
437,19,192.3782282693037,58.1519725542682,4,2023-05-04
438,20,237.04310440097024,124.23891658288429,4,2023-05-04
439,22,175.38461538461542,101.76923076923079,4,2023-05-04
440,32,137.44940412955793,42.20188217783962,4,2023-05-05
441,23,172.89994228075653,31.336338595447835,4,2023-05-05
442,38,108.49885880414793,44.32139293659785,4,2023-05-05
443,39,42.92307692307693,16.76923076923077,4,2023-05-05
444,14,119.78002739189705,33.214218926788526,4,2023-05-05
445,27,96.09026410221307,51.71606614849931,4,2023-05-06
446,26,118.94234070200564,76.22117323605504,4,2023-05-06
447,25,189.03827234060975,45.968752954446266,4,2023-05-06
448,34,132.7927417725095,55.08455860470513,4,2023-05-06
449,17,265.33790428604107,134.43855258172346,4,2023-05-06
450,28,116.39913861284755,70.50018776004735,4,2023-05-07
451,36,23.023594559248885,13.417502515797784,4,2023-05-08
452,10,101.16300447879982,45.91108858337722,4,2023-05-08
453,12,72.63596663458925,46.243650424260956,4,2023-05-08
454,11,109.71267043132983,46.14392733722443,4,2023-05-08
455,39,44.0,14.692307692307692,4,2023-05-09
456,16,82.7928780129878,42.09285519415424,4,2023-05-09
457,14,139.03918810397894,37.00279099474518,4,2023-05-09
458,15,108.46604822592695,13.335559731120943,4,2023-05-09
459,13,86.19957286625176,42.56757001002619,4,2023-05-09
460,35,127.50691232307219,52.228544802984096,4,2023-05-10
461,17,123.26877733184224,50.31664057162271,4,2023-05-10
462,18,54.10092610241935,24.305157813445888,4,2023-05-10
463,24,175.65036543747706,52.0800089911783,4,2023-05-10
464,29,145.92307692307696,68.3076923076923,4,2023-05-10
465,31,54.85200448667938,24.16636433110196,4,2023-05-11
466,21,108.4593645775045,48.165848730563454,4,2023-05-11
467,19,181.65655662476271,57.83321777123514,4,2023-05-11
468,20,235.1300573274216,126.98251007877569,4,2023-05-11
469,22,175.38461538461542,101.76923076923079,4,2023-05-11
470,38,110.40184609406057,47.068522326173586,4,2023-05-12
471,39,42.92307692307693,16.76923076923077,4,2023-05-12
472,32,134.36774080115026,38.56702999492534,4,2023-05-12
473,23,165.91559035787404,32.66382843545209,4,2023-05-12
474,14,117.40161296684634,29.713188120877298,4,2023-05-12
475,26,124.83610639143973,79.37541232426044,5,2023-05-27
476,27,118.43388976101963,62.77346267720584,5,2023-05-27
477,25,223.92912378740587,61.10486448983669,5,2023-05-27
478,34,171.16167486570083,55.5206086743633,5,2023-05-27
479,17,311.9795177780175,161.46653647190752,5,2023-05-27
480,28,115.99831161535434,69.90337426850357,5,2023-05-28
481,36,53.04729145370254,20.49469022794414,5,2023-05-29
482,12,74.91708895017447,46.63138369541748,5,2023-05-29
483,11,111.88265352024395,48.82445959255189,5,2023-05-29
484,10,100.1299139152337,49.640511965425674,5,2023-05-29
485,39,39.38095238095238,14.952380952380954,5,2023-05-30
486,16,85.60720504790346,42.91161934675948,5,2023-05-30
487,14,151.35480485286124,41.57642745490587,5,2023-05-30
488,15,131.3890776132093,18.929335828652004,5,2023-05-30
489,13,96.08646400466226,46.972703521713775,5,2023-05-30
490,35,143.14578763506,55.04630968117296,5,2023-05-31
491,17,110.58762343968763,53.79410057849079,5,2023-05-31
492,18,64.07285898720154,31.41601405027667,5,2023-05-31
493,24,180.7648037724648,58.496965437823135,5,2023-05-31
494,29,136.07142857142856,71.71428571428572,5,2023-05-31
495,31,65.22502674349509,28.36063157027471,5,2023-06-01
496,21,117.25859771951932,54.677713174848364,5,2023-06-01
497,20,210.95621268370647,120.25786894052325,5,2023-06-01
498,22,138.52380952380952,67.14285714285712,5,2023-06-01
499,19,194.90102613312266,62.97865548796392,5,2023-06-01
500,32,130.83270207116462,52.172198682988196,5,2023-06-02
501,38,106.85832203531932,44.125632804870804,5,2023-06-02
502,39,31.11904761904762,14.476190476190478,5,2023-06-02
503,14,136.9383234073747,39.30947434666802,5,2023-06-02
504,27,127.91024767647357,76.51727329622871,5,2023-06-03
505,26,127.03822052308956,78.40738424989554,5,2023-06-03
506,25,223.92912378740587,61.10486448983669,5,2023-06-03
507,34,169.38217397042206,54.6349015308881,5,2023-06-03
508,17,310.7763255026045,157.21443894215133,5,2023-06-03
509,28,110.24582072187997,65.74136147356514,5,2023-06-04
510,36,46.27007885728306,18.933068356222744,5,2023-06-05
511,10,99.40406830364779,48.87757258766192,5,2023-06-05
512,12,74.53224775359128,46.504848290424746,5,2023-06-05
513,11,110.32956286340645,49.73036854054498,5,2023-06-05
514,39,39.38095238095238,14.952380952380954,5,2023-06-06
515,16,84.5710016914139,44.51428380227491,5,2023-06-06
516,14,151.01681382733955,40.82169801265747,5,2023-06-06
517,15,124.19768960220587,16.659094277297363,5,2023-06-06
518,13,94.760542412218,44.28408604093743,5,2023-06-06
519,35,141.7025896348801,58.216831155262206,5,2023-06-07
520,19,167.93703858324108,56.67640788218528,5,2023-06-07
521,17,112.7392281803096,53.574135949455375,5,2023-06-07
522,24,174.01363739179138,57.763715938987524,5,2023-06-07
523,29,136.07142857142856,71.71428571428572,5,2023-06-07
524,32,135.17547990700385,42.161957685475315,5,2023-06-09
525,23,166.58506419403213,34.379364048105835,5,2023-06-09
526,14,119.07892091944007,31.839355766490414,5,2023-06-09
527,27,109.84548549469197,49.84664647948868,5,2023-06-10
528,26,125.4044465111741,73.7658338688299,5,2023-06-10
529,25,217.35456354654417,52.130403657757185,5,2023-06-10
530,34,136.16653909624864,47.27160401648587,5,2023-06-10
531,17,310.1189070479381,139.61761762679924,5,2023-06-10
532,28,114.51225342471267,62.26731294617197,5,2023-06-11
533,36,41.56322619683331,16.83221205110436,5,2023-06-12
534,10,103.45915587166499,48.184095153265815,5,2023-06-12
535,12,75.25565924459333,50.932907469750695,5,2023-06-12
536,11,106.63958742733624,45.28289621572146,5,2023-06-12
537,39,39.38095238095238,14.952380952380954,5,2023-06-13
538,14,140.87996490293528,46.56697736994988,5,2023-06-13
539,16,77.72017925573759,48.754294632296315,5,2023-06-13
540,13,87.61984151237594,43.008650869900556,5,2023-06-13
541,15,123.37116223915588,20.303451467788,5,2023-06-13
542,35,137.23347933033435,62.0180862774054,5,2023-06-14
543,17,93.76444674834623,52.70639579985537,5,2023-06-14
544,18,67.43453739558164,36.094226249921014,5,2023-06-14
545,24,160.53177259940037,57.371249784550194,5,2023-06-14
546,29,136.07142857142856,71.71428571428572,5,2023-06-14
547,31,68.28892019844965,29.597174746966285,5,2023-06-15
548,21,106.18858660403555,57.38502724897886,5,2023-06-15
549,19,190.31745285346958,65.35102954668243,5,2023-06-15
550,20,197.68492051292452,118.29111372013483,5,2023-06-15
551,22,138.52380952380952,67.14285714285712,5,2023-06-15
552,23,167.2159106066109,35.09953429756515,5,2023-06-16
553,39,31.11904761904762,14.476190476190478,5,2023-06-16
554,32,134.32957378616908,44.273092356804746,5,2023-06-16
555,14,116.66938550378651,31.097817517402124,5,2023-06-16
556,27,107.03465957281294,50.316389435938866,5,2023-06-17
557,26,122.30547712531643,76.56048158465558,5,2023-06-17
558,25,216.00213917629628,51.295331703942004,5,2023-06-17
559,34,139.215679878805,47.90211105985525,5,2023-06-17
560,17,305.121125764177,138.64264171228078,5,2023-06-17
561,28,113.94638059340838,61.97590198347795,5,2023-06-18
562,36,39.7693147326097,17.300048177165294,5,2023-06-19
563,10,90.91384605735146,45.43048741098116,5,2023-06-19
564,12,73.19571670709779,41.83053915636872,5,2023-06-19
565,11,107.29613217838913,45.75767708599944,5,2023-06-19
566,39,39.38095238095238,14.952380952380954,5,2023-06-20
567,16,83.22078386524598,44.01949488462116,5,2023-06-20
568,14,143.67835182958612,39.65697687317316,5,2023-06-20
569,15,117.47336510859485,13.450570619739215,5,2023-06-20
570,13,92.6667667989721,44.015139623510564,5,2023-06-20
571,35,137.84495299413024,55.68708768700682,5,2023-06-21
572,17,113.59867237853662,53.296518691542445,5,2023-06-21
573,18,64.5479113961456,32.780683221791215,5,2023-06-21
574,24,174.40363253089376,57.46603538050527,5,2023-06-21
575,29,136.07142857142856,71.71428571428572,5,2023-06-21
576,31,65.21871218171886,28.906966017666342,5,2023-06-22
577,21,113.12864695163304,50.25124573424358,5,2023-06-22
578,20,221.96350199852353,118.81457095729067,5,2023-06-22
579,22,138.52380952380952,67.14285714285712,5,2023-06-22
580,19,184.51154112751985,56.73933874968104,5,2023-06-22
581,32,133.18701448517837,42.12006005630145,5,2023-06-23
582,23,166.66648736705324,34.37068106420824,5,2023-06-23
583,38,102.65375540199756,44.80498836038295,5,2023-06-23
584,39,31.11904761904762,14.476190476190478,5,2023-06-23
585,14,118.0762399868187,31.05666042383066,5,2023-06-23
586,27,106.48458574863874,52.348422555719694,5,2023-06-24
587,26,124.74287425276732,78.82090299578678,5,2023-06-24
588,25,215.32724146105187,53.652845166582665,5,2023-06-24
589,34,140.6871151093528,48.182372828405434,5,2023-06-24
590,17,303.3272081158868,138.15043668246588,5,2023-06-24
591,28,113.31861067457824,61.51858197977884,5,2023-06-25
592,40,65.28995569447316,23.737862175861117,6,2023-07-10
593,12,69.87377381644382,39.119211616969324,6,2023-07-10
594,11,105.071343134517,44.401523480323284,6,2023-07-10
595,10,95.3825396119287,45.25656932809282,6,2023-07-10
596,39,33.470588235294116,11.705882352941178,6,2023-07-11
597,16,87.82695891801025,43.38067933633221,6,2023-07-11
598,14,157.4615567927927,43.687889808674164,6,2023-07-11
599,15,111.69326952232983,14.773161722146146,6,2023-07-11
600,13,86.74537897082617,49.28249650204424,6,2023-07-11
601,35,135.30607402640345,53.414611091456244,6,2023-07-12
602,17,117.48721230554283,53.0005101694891,6,2023-07-12
603,18,72.43145195781607,34.5502282848538,6,2023-07-12
604,24,167.52868055297276,58.16798138011928,6,2023-07-12
605,29,194.3235294117647,77.52941176470588,6,2023-07-12
606,31,76.58815623159897,30.99887500765353,6,2023-07-13
607,21,114.25767835585694,54.869572148130096,6,2023-07-13
608,20,233.50522772347412,123.55321633359891,6,2023-07-13
609,22,132.2941176470588,67.99999999999999,6,2023-07-13
610,19,198.65628555634893,62.99761725859089,6,2023-07-13
611,32,153.6315531130128,43.11359131685622,6,2023-07-14
612,38,100.02683923309685,44.12647681948658,6,2023-07-14
613,39,39.1764705882353,16.11764705882353,6,2023-07-14
614,23,162.40366095326073,29.71759434762787,6,2023-07-14
615,14,129.71111609365317,36.79088470766793,6,2023-07-14
616,27,106.26751118726905,48.45616767864895,6,2023-07-15
617,26,125.08152137183735,75.01805891131083,6,2023-07-15
618,25,213.41639398999584,50.32669735940184,6,2023-07-15
619,34,168.0331651194994,42.836472890439104,6,2023-07-15
620,17,304.01054652270693,131.31598516199156,6,2023-07-15
621,28,110.11566024274902,58.762322697157614,6,2023-07-16
622,40,80.67505823231842,28.800343597801447,6,2023-07-17
623,10,92.7197863783992,44.21244256680414,6,2023-07-17
624,12,70.86208447972922,39.74807650350275,6,2023-07-17
625,11,103.58817730892738,44.37645077388363,6,2023-07-17
626,16,91.71985987253629,42.97714013284166,6,2023-07-18
627,15,113.8759731529822,13.011192532202333,6,2023-07-18
628,13,93.25918187437128,42.55015769391775,6,2023-07-18
629,14,155.3822325654227,42.20175000677195,6,2023-07-18
630,35,135.99269607820167,51.23413466324547,6,2023-07-19
631,17,124.66941300113032,59.83203946082789,6,2023-07-19
632,18,74.10421833196789,33.38861315927146,6,2023-07-19
633,24,168.47207651908369,58.71433737051217,6,2023-07-19
634,29,194.3235294117647,77.52941176470588,6,2023-07-19
635,31,80.98197437570671,33.531412404944525,6,2023-07-20
636,21,110.24389665031418,57.69219435858141,6,2023-07-20
637,20,202.06879784065433,116.84979679456474,6,2023-07-20
638,22,132.2941176470588,67.99999999999999,6,2023-07-20
639,19,196.05096866591998,66.210599590922,6,2023-07-20
640,32,148.43932528550826,45.927281707962656,6,2023-07-21
641,38,104.15492890842141,44.1487549565064,6,2023-07-21
642,39,39.1764705882353,16.11764705882353,6,2023-07-21
643,23,157.54072000397147,32.248251676247904,6,2023-07-21
644,14,127.50722424941533,30.34440461474357,6,2023-07-21
645,27,112.64137586146447,50.21162440885138,6,2023-07-22
646,26,123.82214297162788,71.45455813351354,6,2023-07-22
647,25,230.44622504331255,52.01029889968216,6,2023-07-22
648,34,166.45495185606677,40.18411578231765,6,2023-07-22
649,17,306.0132287038741,128.2417297508361,6,2023-07-22
650,28,111.59230146129687,54.66561850970087,6,2023-07-23
651,40,82.88209507951878,29.525807616104316,6,2023-07-24
652,10,88.96752831081078,41.62805924143542,6,2023-07-24
653,12,69.60077970538394,37.017547865582564,6,2023-07-24
654,11,104.67058521468799,44.552573409466,6,2023-07-24
655,39,33.470588235294116,11.705882352941178,6,2023-07-25
656,16,85.60386710538556,43.63907981325514,6,2023-07-25
657,14,153.7734095821854,38.63139519893441,6,2023-07-25
658,13,96.21766045832113,45.410845811613655,6,2023-07-25
659,15,122.24369908528301,16.088866460333445,6,2023-07-25
660,35,141.53424845198614,57.15729515978209,6,2023-07-26
661,17,95.70268198148199,46.8269961468826,6,2023-07-26
662,18,68.95385136925299,34.426489223017164,6,2023-07-26
663,24,170.88483386877172,57.78146585616872,6,2023-07-26
664,29,194.3235294117647,77.52941176470588,6,2023-07-26
665,31,73.20915974834308,29.68054686809815,6,2023-07-27
666,21,113.95500435530823,56.59238934058152,6,2023-07-27
667,19,199.96549237451185,66.92984590617459,6,2023-07-27
668,20,212.00630664381515,120.01101739547616,6,2023-07-27
669,22,132.2941176470588,67.99999999999999,6,2023-07-27
670,23,163.84720839734905,34.671457483094635,6,2023-07-28
671,38,106.85235881884073,46.874557476102886,6,2023-07-28
672,39,39.1764705882353,16.11764705882353,6,2023-07-28
673,32,143.92476308030155,46.08383818585321,6,2023-07-28
674,14,124.99487048021068,30.404370322677813,6,2023-07-28
675,27,107.14927519133686,48.90505831880249,6,2023-07-29
676,26,124.24954919316164,68.94006475515259,6,2023-07-29
677,25,214.0639360826525,48.156095389440324,6,2023-07-29
678,34,166.27538788805887,38.7158131711717,6,2023-07-29
679,17,300.6517709429586,127.94694716411271,6,2023-07-29
680,28,111.80323221611579,59.3463232664712,6,2023-07-30
681,40,96.22584146748986,33.9127454182435,6,2023-07-31
682,10,96.27192657390455,47.61554910974356,6,2023-07-31
683,12,70.40837147455878,43.59976468411957,6,2023-07-31
684,11,106.66101803425703,43.76864082523973,6,2023-07-31
685,39,33.470588235294116,11.705882352941178,6,2023-08-01
686,16,84.16254241894843,46.093085138252164,6,2023-08-01
687,14,148.6113539053191,44.09642875753593,6,2023-08-01
688,15,120.45458584291838,16.701490019665513,6,2023-08-01
689,13,96.22526838996208,44.32792055445663,6,2023-08-01
690,35,141.7016425428863,56.85904816546383,6,2023-08-02
691,17,105.24542577985844,51.96942497787439,6,2023-08-02
692,18,68.0356258300747,32.91102720659702,6,2023-08-02
693,24,171.53512805081465,56.77918336925754,6,2023-08-02
694,29,194.3235294117647,77.52941176470588,6,2023-08-02
695,31,79.4407076091755,32.63546277352624,6,2023-08-03
696,21,113.64078406257762,58.19405765192557,6,2023-08-03
697,20,210.86511423620442,119.44393027763007,6,2023-08-03
698,22,132.2941176470588,67.99999999999999,6,2023-08-03
699,19,189.79071809295203,62.820309273293475,6,2023-08-03
700,23,166.80137930445696,35.343645128148566,6,2023-08-04
701,39,39.1764705882353,16.11764705882353,6,2023-08-04
702,32,145.99631327702738,46.42775615653724,6,2023-08-04
703,14,127.9917573042164,32.54191937387524,6,2023-08-04
704,27,102.32789498666432,55.43722768781376,6,2023-08-05
705,26,120.13706070969945,73.27645806018387,6,2023-08-05
706,25,194.76424789639248,46.402762705186554,6,2023-08-05
707,17,276.0962623621896,125.16299010590723,6,2023-08-05
708,40,63.939738123299314,23.257996070812407,6,2023-08-07
709,12,73.94169523203658,48.255820418053716,6,2023-08-07
710,11,103.64952754082093,45.632636330194536,6,2023-08-07
711,10,103.72963470731922,57.33884311479317,6,2023-08-07
712,16,83.78835981425976,48.32597636174433,6,2023-08-08
713,14,152.9559643608487,44.94770979340782,6,2023-08-08
714,15,132.8368938837031,19.266306624379947,6,2023-08-08
715,13,97.18740679922975,43.944689349240505,6,2023-08-08
716,35,130.4807415567686,46.547666039088625,7,2023-08-23
717,17,115.02004088248694,48.34514888403991,7,2023-08-23
718,18,68.8187177164499,31.20216803928265,7,2023-08-23
719,24,164.67578925552584,54.49179334000712,7,2023-08-23
720,29,157.2777777777778,61.27777777777778,7,2023-08-23
721,31,56.37646665904486,25.14634485665308,7,2023-08-24
722,21,104.97418430927732,48.04189766113609,7,2023-08-24
723,19,191.04845806585524,56.99172198982825,7,2023-08-24
724,20,227.01741230446459,121.24575320743979,7,2023-08-24
725,22,157.00000000000003,65.44444444444444,7,2023-08-24
726,23,161.715348553984,32.82025800857584,7,2023-08-25
727,32,141.4421754936912,44.26030535254271,7,2023-08-25
728,38,96.38655075738939,42.80889454908848,7,2023-08-25
729,39,28.583333333333336,13.777777777777775,7,2023-08-25
730,14,121.21093504605963,29.34195557216898,7,2023-08-25
731,27,99.74966272626746,47.787536896054455,7,2023-08-26
732,26,126.46793054648839,75.56718892493019,7,2023-08-26
733,25,196.09989584525118,50.46949477802474,7,2023-08-26
734,34,155.022373091066,32.78771800846834,7,2023-08-26
735,17,309.687036503027,125.0268520947773,7,2023-08-26
736,35,135.65358331990504,29.480939379768294,7,2023-08-27
737,28,112.25899494605181,60.094631693261704,7,2023-08-27
738,40,123.01928890982528,36.18250656116353,7,2023-08-28
739,10,99.68284794780972,46.550679219371055,7,2023-08-28
740,12,70.29564678596417,41.00063324725522,7,2023-08-28
741,11,103.82318129785322,44.9866872105214,7,2023-08-28
742,39,37.27777777777777,13.722222222222223,7,2023-08-29
743,16,83.89468059958234,47.21008843900568,7,2023-08-29
744,14,147.34469803591657,43.04822035013515,7,2023-08-29
745,15,124.33385833872873,17.25787438152485,7,2023-08-29
746,13,95.78616787183654,41.61206705408625,7,2023-08-29
747,35,134.59967546362864,60.72577130694109,7,2023-08-30
748,24,164.20295231692472,58.77432066130041,7,2023-08-30
749,17,96.64489484020096,51.78473448542789,7,2023-08-30
750,18,68.14493609457547,34.267212850612495,7,2023-08-30
751,29,157.2777777777778,61.27777777777778,7,2023-08-30
752,31,85.63366669095203,36.09501967925431,7,2023-08-31
753,21,108.75395852477763,54.28975808042692,7,2023-08-31
754,20,216.56904288258963,117.47536325869349,7,2023-08-31
755,19,204.4394864572974,66.97084377037167,7,2023-08-31
756,22,157.00000000000003,65.44444444444444,7,2023-08-31
757,23,167.56875406244808,35.98562608063172,7,2023-09-01
758,38,95.27318685954398,42.17278906099514,7,2023-09-01
759,39,28.583333333333336,13.777777777777775,7,2023-09-01
760,32,143.08421744288563,44.519442940184355,7,2023-09-01
761,14,133.17438097921584,33.43927609999378,7,2023-09-01
762,25,207.53512383229827,47.73249344454113,7,2023-09-02
763,27,104.27019155464106,44.79331063385104,7,2023-09-02
764,26,124.78425223983997,74.05737081310207,7,2023-09-02
765,34,152.63654641897412,33.38568615233647,7,2023-09-02
766,17,306.7886253619343,128.26595995730972,7,2023-09-02
767,28,118.08864594689325,63.28111471609391,7,2023-09-03
768,40,135.88317252836927,42.0524708284832,7,2023-09-04
769,10,101.31921487620198,47.09539701687985,7,2023-09-04
770,12,69.22683583467104,46.251940477646436,7,2023-09-04
771,11,106.85351482777956,45.081748537957075,7,2023-09-04
772,36,60.21713182534825,22.288316472718254,7,2023-09-05
773,14,155.68501761389211,42.1677135294698,7,2023-09-05
774,16,86.96225928418123,44.079763608699295,7,2023-09-05
775,13,90.1979579394406,40.5213944021383,7,2023-09-05
776,15,121.67201717894642,15.657553451570951,7,2023-09-05
777,35,131.8305383577151,45.53446073451464,7,2023-09-06
778,18,67.77242966484313,30.4565821281744,7,2023-09-06
779,24,155.33689842375182,50.66051280153003,7,2023-09-06
780,29,157.2777777777778,61.27777777777778,7,2023-09-06
781,17,99.31403115135333,38.0808571624054,7,2023-09-06
782,31,68.92529308144559,29.36971150408543,7,2023-09-07
783,21,106.1400128466365,48.00173887001239,7,2023-09-07
784,19,188.46570730296122,57.018422731452304,7,2023-09-07
785,20,226.31740644351848,120.80572273614158,7,2023-09-07
786,22,157.00000000000003,65.44444444444444,7,2023-09-07
787,32,140.00745131154952,43.028035088947355,7,2023-09-08
788,23,162.62785487564116,35.27794819045969,7,2023-09-08
789,38,95.51128794938963,41.776927825300575,7,2023-09-08
790,39,28.583333333333336,13.777777777777775,7,2023-09-08
791,14,126.49820834752855,31.36224222249545,7,2023-09-08
792,25,193.3279114901801,51.06281965453526,7,2023-09-09
793,27,97.89252204972247,47.51676393037785,7,2023-09-09
794,26,127.80704392244908,76.58739090099905,7,2023-09-09
795,34,142.3092234761441,27.0229084765549,7,2023-09-09
796,17,311.34622803811243,125.66261316193444,7,2023-09-09
797,28,113.9167407207116,56.33786004919548,7,2023-09-10
798,40,135.34602009841777,39.93921829194579,7,2023-09-11
799,10,92.53341901404667,47.654291587474994,7,2023-09-11
800,12,66.55150487289717,37.28282593408307,7,2023-09-11
801,11,107.93003094959353,46.38642729883573,7,2023-09-11
802,14,120.74716651958737,50.97939024866709,7,2023-09-11
803,39,37.27777777777777,13.722222222222223,7,2023-09-12
804,16,80.86453948073562,41.923674720481245,7,2023-09-12
805,14,148.1273652689859,38.52686222050816,7,2023-09-12
806,15,107.83312730208601,10.853366087586409,7,2023-09-12
807,13,81.9758262504461,36.39002601413969,7,2023-09-12
808,35,131.79770070387355,45.01901859174686,7,2023-09-13
809,18,81.30698714153654,38.03075074139725,7,2023-09-13
810,24,165.04576687300735,56.7091859156129,7,2023-09-13
811,29,157.2777777777778,61.27777777777778,7,2023-09-13
812,17,111.7877402923615,47.79561772257501,7,2023-09-13
813,31,83.21170882309099,34.815402019993925,7,2023-09-14
814,21,109.10824343113035,49.661422450661846,7,2023-09-14
815,19,202.72633460962993,65.62454435917378,7,2023-09-14
816,20,208.49223832878764,114.03195606998113,7,2023-09-14
817,22,157.00000000000003,65.44444444444444,7,2023-09-14
818,23,162.96771589371332,32.366488798070286,7,2023-09-15
819,39,28.583333333333336,13.777777777777775,7,2023-09-15
820,38,96.46336533659918,41.05622927851575,7,2023-09-15
821,32,148.61144840652977,49.085103528811885,7,2023-09-15
822,14,128.97124985143245,33.25103238354465,7,2023-09-15
823,26,114.5192574434996,67.37775408762698,7,2023-09-16
824,27,93.77009204342792,48.345844461862534,7,2023-09-16
825,25,201.42289484606266,49.6110773777024,7,2023-09-16
826,34,177.15878405844106,39.286902107464755,7,2023-09-16
827,17,306.6509925315472,128.27662113588008,7,2023-09-16
828,39,53.059960328864705,14.770728262115005,7,2023-09-17
829,28,115.82914950114684,54.31036980756924,7,2023-09-17
830,40,137.3505085937131,40.25984422265004,7,2023-09-18
831,10,86.10999348810309,48.68771260901488,7,2023-09-18
832,12,65.41508852601385,39.018781025160926,7,2023-09-18
833,11,106.38782999720587,45.72396957007126,7,2023-09-18
834,39,37.27777777777777,13.722222222222223,7,2023-09-19
835,16,85.791357794552,44.084030041593145,7,2023-09-19
836,14,151.10279493947144,41.9682010128804,7,2023-09-19
837,15,117.00538469921474,15.71593487597286,7,2023-09-19
838,13,91.79099739742564,39.03778790103774,7,2023-09-19
839,35,137.77437819323796,49.163925698682576,7,2023-09-20
840,17,118.50362699655449,43.64853596246552,7,2023-09-20
841,18,83.45361121474488,34.912853697051986,7,2023-09-20
842,24,161.66411941580714,54.259499818318346,7,2023-09-20
843,29,157.2777777777778,61.27777777777778,7,2023-09-20
844,31,67.44537195044916,28.883055646587394,7,2023-09-21
845,21,106.27520488677709,48.72409831511567,7,2023-09-21
846,20,223.12292536687588,118.65061640407595,7,2023-09-21
847,22,157.00000000000003,65.44444444444444,7,2023-09-21
848,19,193.5006087136447,56.89458804590445,7,2023-09-21
849,23,169.07215974518516,34.30677885314992,8,2023-10-06
850,36,49.17442667652719,10.599082009022533,8,2023-10-06
851,39,28.16666666666666,12.904761904761907,8,2023-10-06
852,32,146.67981615906913,49.361888672187085,8,2023-10-06
853,14,132.75938932079586,30.374748550646196,8,2023-10-06
854,27,105.47895916876924,49.54705201365768,8,2023-10-07
855,26,126.994530727962,71.73902636635408,8,2023-10-07
856,25,200.4864318798748,46.51403963943607,8,2023-10-07
857,34,157.5156259996427,31.085236104955914,8,2023-10-07
858,17,300.8573317489327,120.21737989866755,8,2023-10-07
859,28,111.25506801971305,65.62717558897378,8,2023-10-08
860,40,136.8174286702153,45.5517855772835,8,2023-10-09
861,10,97.80614547347014,51.74025684194501,8,2023-10-09
862,12,73.41400311775683,49.00985384532293,8,2023-10-09
863,11,102.67049356702489,46.28032335049167,8,2023-10-09
864,38,43.69028961424146,18.223756039108174,8,2023-10-10
865,14,145.86345323183565,41.943606184123915,8,2023-10-10
866,15,120.8187149884033,16.11345409932051,8,2023-10-10
867,16,85.1795332571832,45.011032548722135,8,2023-10-10
868,13,100.44624202059275,40.27052684226017,8,2023-10-10
869,35,130.56833461545756,48.02239244359822,8,2023-10-11
870,24,172.42390072045893,53.4275630506661,8,2023-10-11
871,17,121.55195152866608,48.865212554036795,8,2023-10-11
872,18,69.13609806108504,31.212723385650488,8,2023-10-11
873,29,166.47619047619048,65.42857142857143,8,2023-10-11
874,31,93.22450110432993,38.63108846947727,8,2023-10-12
875,21,108.2477940845346,55.46851567718967,8,2023-10-12
876,19,201.06348036299093,65.24763472193663,8,2023-10-12
877,20,209.1415910222749,115.22035279283926,8,2023-10-12
878,22,152.76190476190473,78.04761904761904,8,2023-10-12
879,23,161.668917593124,32.64768611601457,8,2023-10-13
880,36,58.65545786844376,13.985310905640764,8,2023-10-13
881,39,28.16666666666666,12.904761904761907,8,2023-10-13
882,32,145.7546889435305,47.00724651499417,8,2023-10-13
883,14,126.17227571034275,29.27238128448617,8,2023-10-13
884,25,199.02369986880612,46.379833017881616,8,2023-10-14
885,27,105.52907282097772,50.345681985580846,8,2023-10-14
886,26,124.95037698290697,72.04120290416209,8,2023-10-14
887,34,158.43646290589447,31.366007686010484,8,2023-10-14
888,17,304.26989181504797,123.3824327692918,8,2023-10-14
889,28,100.01706059598632,62.90040688490026,8,2023-10-15
890,40,139.52407887190972,45.452655429644246,8,2023-10-16
891,10,101.42687936048095,58.42832651564943,8,2023-10-16
892,12,73.57229956944015,52.139508141823725,8,2023-10-16
893,11,101.82096355921556,48.80466887657048,8,2023-10-16
894,38,43.83322472939601,18.429310507387417,8,2023-10-17
895,14,146.36775601343223,47.485631541367006,8,2023-10-17
896,16,80.04711865171446,48.06737927631311,8,2023-10-17
897,13,89.01135531834137,45.8476077241165,8,2023-10-17
898,15,137.06429278683106,22.90825908831354,8,2023-10-17
899,35,132.12350994179332,59.09658075397324,8,2023-10-18
900,18,69.59764187173349,34.60317407629502,8,2023-10-18
901,24,164.46920459672387,54.210360956012615,8,2023-10-18
902,29,166.47619047619048,65.42857142857143,8,2023-10-18
903,17,90.08799029831073,51.49872386316,8,2023-10-18
904,31,80.1495401452023,36.790075952869636,8,2023-10-19
905,21,104.67600880868025,62.93663771354995,8,2023-10-19
906,19,185.57656790666044,65.27248988294062,8,2023-10-19
907,20,171.51446906316247,114.62666837005207,8,2023-10-19
908,22,152.76190476190473,78.04761904761904,8,2023-10-19
909,32,124.96804622282261,57.988762705918184,8,2023-10-20
910,23,130.91736525949224,36.15217532770673,8,2023-10-20
911,36,71.46218904628631,14.115216146701583,8,2023-10-20
912,39,28.16666666666666,12.904761904761907,8,2023-10-20
913,14,110.12756799755833,40.37039267680793,8,2023-10-20
914,25,195.30475361096813,49.25315666908965,8,2023-10-21
915,27,106.332113660066,55.638698901442545,8,2023-10-21
916,26,119.28748027552925,75.03213973378794,8,2023-10-21
917,34,162.1405245808297,40.987636954730135,8,2023-10-21
918,17,270.0606717906331,135.08726987227965,8,2023-10-21
919,28,108.56090330926776,64.64652542233956,8,2023-10-22
920,40,151.58080338091725,55.685560218921474,8,2023-10-23
921,10,98.03297787042875,50.20168933635651,8,2023-10-23
922,12,70.84157398450705,43.91905394922654,8,2023-10-23
923,11,104.14939965272723,40.08722154873852,8,2023-10-23
924,38,54.61010401989638,26.903783693852866,8,2023-10-24
925,16,88.54574458543529,44.85991000234676,8,2023-10-24
926,14,165.89321770144542,39.890402637197,8,2023-10-24
927,13,99.11105095334358,42.22558391500829,8,2023-10-24
928,15,123.38568517057395,23.454686764031567,8,2023-10-24
929,35,149.29035295642274,57.21647241650377,8,2023-10-25
930,17,100.64258492030315,50.13669448358274,8,2023-10-25
931,18,71.48646649801972,34.98034081913963,8,2023-10-25
932,24,163.71251832737065,58.22072252761765,8,2023-10-25
933,29,166.47619047619048,65.42857142857143,8,2023-10-25
934,31,86.37727413382831,37.05193906884831,8,2023-10-26
935,21,109.56024952363828,58.993208880080054,8,2023-10-26
936,20,201.61123896842807,120.2943077021391,8,2023-10-26
937,22,152.76190476190473,78.04761904761904,8,2023-10-26
938,19,201.86394363061095,70.56367483999453,8,2023-10-26
939,23,170.03751111663237,42.72612022469968,8,2023-10-27
940,39,28.16666666666666,12.904761904761907,8,2023-10-27
941,32,131.90463125160025,53.55754708706157,8,2023-10-27
942,14,132.0490953814571,40.95692740138757,8,2023-10-27
943,26,123.75094516734485,73.69612994363644,8,2023-10-28
944,27,109.73147101125194,54.898747073105476,8,2023-10-28
945,25,214.16985234270243,56.51144763746102,8,2023-10-28
946,34,168.08036657359284,38.88846273683022,8,2023-10-28
947,17,284.3685932307755,129.762101526516,8,2023-10-28
948,28,104.05762688435341,61.99952660176003,8,2023-10-29
949,19,220.9901206617289,59.14868719181378,8,2023-10-29
950,14,146.8146773186711,48.30329438103395,8,2023-10-29
951,40,143.61076003768116,48.783614829989624,8,2023-10-30
952,10,93.57960025251941,49.175329290918135,8,2023-10-30
953,12,65.21258924749648,39.619207547430754,8,2023-10-30
954,11,105.23192225518619,47.537358968383266,8,2023-10-30
955,38,41.7674275539369,16.79088661304106,8,2023-10-31
956,16,83.35258963284569,46.01360364795787,8,2023-10-31
957,15,122.321622082047,16.61295219292862,8,2023-10-31
958,13,97.13668092791892,40.988812226405685,8,2023-10-31
959,14,146.16437554265246,42.92848502688269,8,2023-10-31
960,20,203.9879344812223,112.78360207714756,8,2023-11-02
961,23,164.08359986671846,41.18335662793077,8,2023-11-03
962,32,134.88377034399568,46.95606238214436,8,2023-11-03
963,14,126.66806746936771,30.18050128798773,8,2023-11-03
964,27,109.95479854852836,55.40068582204866,8,2023-11-04
965,26,118.75456683706808,76.55954840820854,8,2023-11-04
966,34,165.08055853470935,43.60437319967073,8,2023-11-04
967,25,202.54287831337808,54.819954487220585,8,2023-11-04
968,17,279.59315910619523,153.6345223261763,8,2023-11-04
