id,dzien_rozliczenia,product1,product2,product3,product4
25,2023-11-04,149.0,39,0.0,5.0
34,2023-11-04,180.0,45,0.0,10.0
27,2023-11-04,97.0,49,0.0,15.0
26,2023-11-04,111.0,62,0.0,0.0
17,2023-11-04,214.0,113,0.0,14.0
23,2023-11-03,104.0,29,0.0,1.0
32,2023-11-03,120.0,50,0.0,36.0
14,2023-11-03,70.0,22,0.0,1.0
20,2023-11-02,55.5,31,0.0,0.0
16,2023-10-31,73.0,44,0.0,5.0
38,2023-10-31,108.0,60,0.0,0.0
15,2023-10-31,80.0,10,0.0,2.0
14,2023-10-31,133.0,43,0.0,18.0
13,2023-10-31,118.0,50,0.0,8.0
40,2023-10-30,180.0,64,0.0,10.0
10,2023-10-30,108.0,67,0.0,4.0
12,2023-10-30,75.0,52,0.0,10.0
11,2023-10-30,105.0,56,0.0,10.0
19,2023-10-29,197.0,79,0.0,4.0
28,2023-10-29,100.0,59,0.0,0.0
14,2023-10-29,120.0,49,0.0,17.0
27,2023-10-28,87.0,48,0.0,12.0
17,2023-10-28,249.0,143,0.0,11.0
34,2023-10-28,155.0,40,0.0,5.0
26,2023-10-28,110.0,80,0.0,0.0
25,2023-10-28,180.0,61,0.0,13.0
32,2023-10-27,140.0,56,0.0,46.0
39,2023-10-27,27.0,4,0.0,1.0
14,2023-10-27,135.0,34,0.0,5.0
23,2023-10-27,160.0,72,0.0,23.0
31,2023-10-26,101.5,44,0.0,2.0
19,2023-10-26,160.0,54,0.0,3.0
21,2023-10-26,83.0,46,0.0,5.0
20,2023-10-26,160.0,107,0.0,4.0
22,2023-10-26,150.0,77,0.0,12.0
18,2023-10-25,73.0,38,0.0,6.0
17,2023-10-25,84.5,45,0.0,4.0
24,2023-10-25,160.0,61,0.0,4.0
35,2023-10-25,129.0,56,0.0,7.0
29,2023-10-25,176.0,67,0.0,1.0
14,2023-10-24,165.0,51,0.0,11.0
38,2023-10-24,65.0,34,0.0,0.0
15,2023-10-24,115.0,22,0.0,4.0
16,2023-10-24,99.5,46,0.0,7.0
13,2023-10-24,93.0,35,0.0,2.0
10,2023-10-23,73.0,41,0.0,3.0
11,2023-10-23,110.0,41,0.0,9.0
12,2023-10-23,75.0,50,0.0,5.0
40,2023-10-23,150.0,49,0.0,9.0
28,2023-10-22,65.0,51,0.0,1.0
25,2023-10-21,210.0,63,0.0,30.0
27,2023-10-21,90.0,56,0.0,5.0
34,2023-10-21,174.0,41,0.0,1.0
17,2023-10-21,260.0,123,0.0,17.0
26,2023-10-21,135.0,84,0.0,5.0
39,2023-10-20,46.0,17,0.0,1.0
23,2023-10-20,155.0,59,0.0,11.0
14,2023-10-20,125.0,32,0.0,0.0
36,2023-10-20,8.0,5,0.0,0.0
32,2023-10-20,120.0,50,0.0,35.0
21,2023-10-19,100.0,47,0.0,1.0
31,2023-10-19,100.0,44,0.0,4.0
20,2023-10-19,174.5,122,0.0,4.0
22,2023-10-19,150.0,60,0.0,11.0
19,2023-10-19,205.0,64,0.0,0.0
24,2023-10-18,180.0,69,0.0,10.0
18,2023-10-18,70.0,35,0.0,2.0
17,2023-10-18,83.0,59,0.0,12.0
29,2023-10-18,196.5,97,0.0,6.0
35,2023-10-18,133.0,56,0.0,4.0
15,2023-10-17,140.0,21,0.0,5.0
38,2023-10-17,73.0,40,0.0,0.0
14,2023-10-17,150.0,33,0.0,3.0
16,2023-10-17,97.0,67,0.0,5.0
13,2023-10-17,117.0,45,0.0,5.0
12,2023-10-16,63.0,36,0.0,4.0
11,2023-10-16,105.0,52,0.0,7.0
10,2023-10-16,88.0,45,0.0,0.0
40,2023-10-16,160.0,60,0.0,7.0
28,2023-10-15,94.0,63,0.0,2.0
17,2023-10-14,249.0,94,0.0,10.0
25,2023-10-14,195.0,53,0.0,12.0
34,2023-10-14,200.0,40,0.0,3.0
26,2023-10-14,133.0,106,0.0,0.0
27,2023-10-14,108.0,54,0.0,4.0
36,2023-10-13,19.0,3,0.0,0.0
14,2023-10-13,145.0,45,0.0,2.0
39,2023-10-13,38.0,14,0.0,3.0
32,2023-10-13,140.0,66,0.0,22.0
23,2023-10-13,165.0,52,0.0,13.0
22,2023-10-12,140.0,68,0.0,12.0
20,2023-10-12,180.0,99,0.0,0.0
31,2023-10-12,118.0,67,0.0,4.0
19,2023-10-12,165.0,56,0.0,3.0
21,2023-10-12,110.0,54,0.0,3.0
18,2023-10-11,97.0,59,0.0,0.0
35,2023-10-11,188.0,79,0.0,6.0
17,2023-10-11,90.0,48,0.0,4.0
24,2023-10-11,170.0,63,0.0,12.0
29,2023-10-11,210.0,71,0.0,4.0
38,2023-10-10,85.0,40,0.0,0.0
14,2023-10-10,175.0,59,0.0,4.0
15,2023-10-10,120.0,21,0.0,12.0
16,2023-10-10,99.0,44,0.0,5.0
13,2023-10-10,105.0,46,0.0,8.0
40,2023-10-09,160.0,56,0.0,8.0
11,2023-10-09,105.0,47,0.0,12.0
12,2023-10-09,69.0,36,0.0,2.0
10,2023-10-09,80.0,43,0.0,0.0
28,2023-10-08,99.5,75,0.0,0.0
34,2023-10-07,159.0,25,0.0,1.0
17,2023-10-07,230.0,127,0.0,10.0
26,2023-10-07,126.0,85,0.0,9.0
25,2023-10-07,185.0,51,0.0,13.0
27,2023-10-07,101.0,48,0.0,6.0
14,2023-10-06,130.0,20,0.0,0.0
23,2023-10-06,149.0,50,0.0,21.0
36,2023-10-06,21.0,6,0.0,1.0
32,2023-10-06,145.0,65,0.0,10.0
39,2023-10-06,54.0,21,0.0,1.0
22,2023-10-05,190.0,90,0.0,0.0
31,2023-10-05,110.0,47,0.0,4.0
20,2023-10-05,148.0,95,0.0,4.0
21,2023-10-05,105.0,51,0.0,2.0
19,2023-10-05,201.0,69,0.0,6.0
29,2023-10-04,176.5,81,0.0,4.0
35,2023-10-04,120.0,42,0.0,3.0
24,2023-10-04,148.0,53,0.0,0.0
18,2023-10-04,70.0,38,0.0,6.0
17,2023-10-04,85.0,51,0.0,0.0
14,2023-10-03,191.0,65,0.0,6.0
16,2023-10-03,89.0,48,0.0,4.0
13,2023-10-03,112.0,53,0.0,12.0
38,2023-10-03,61.0,32,0.0,0.0
15,2023-10-03,100.0,17,0.0,5.0
40,2023-10-02,170.0,57,0.0,0.0
10,2023-10-02,89.0,48,0.0,0.0
12,2023-10-02,66.0,41,0.0,8.0
11,2023-10-02,125.0,56,0.0,12.0
28,2023-10-01,100.0,58,4.0,0.0
17,2023-09-30,300.0,136,8.0,10.0
34,2023-09-30,200.0,20,0.0,0.0
26,2023-09-30,158.0,100,2.0,0.0
27,2023-09-30,98.0,41,1.0,5.0
25,2023-09-30,170.0,53,4.0,4.0
14,2023-09-29,135.0,30,3.0,4.0
39,2023-09-29,59.0,19,2.0,11.0
23,2023-09-29,165.0,40,5.0,7.0
36,2023-09-29,32.0,4,0.0,0.0
32,2023-09-29,130.0,64,29.0,2.0
31,2023-09-28,105.0,50,3.0,12.0
19,2023-09-28,190.0,66,9.0,2.0
20,2023-09-28,185.0,105,10.0,9.0
22,2023-09-28,135.0,62,6.0,6.0
21,2023-09-28,129.0,64,3.0,0.0
24,2023-09-27,160.0,67,0.0,0.0
29,2023-09-27,202.0,89,2.0,0.0
17,2023-09-27,106.0,35,5.0,0.0
18,2023-09-27,85.5,41,3.0,0.0
35,2023-09-27,138.0,54,9.0,10.0
39,2023-09-26,20.0,4,1.0,0.0
15,2023-09-26,120.0,23,5.0,6.0
14,2023-09-26,170.0,36,2.0,0.0
16,2023-09-26,95.0,62,2.0,0.0
13,2023-09-26,115.0,46,9.0,10.0
10,2023-09-25,100.0,62,10.0,3.0
11,2023-09-25,100.0,33,5.0,3.0
12,2023-09-25,65.0,44,8.0,3.0
40,2023-09-25,158.0,63,18.0,0.0
28,2023-09-24,115.0,69,1.0,0.0
27,2023-09-23,115.0,55,9.0,4.0
26,2023-09-23,135.0,67,4.0,0.0
17,2023-09-23,272.0,106,13.0,2.0
34,2023-09-23,155.0,38,13.0,1.0
25,2023-09-23,205.0,60,4.0,9.0
39,2023-09-22,42.0,17,2.0,0.0
38,2023-09-22,89.0,9,4.0,0.0
32,2023-09-22,130.0,56,31.0,4.0
23,2023-09-22,167.0,46,7.0,15.0
14,2023-09-22,160.0,30,6.0,3.0
31,2023-09-21,118.0,38,11.0,2.0
19,2023-09-21,215.0,59,4.0,5.0
22,2023-09-21,160.0,74,12.0,3.0
20,2023-09-21,188.0,133,17.0,12.0
21,2023-09-21,110.0,74,12.0,2.0
17,2023-09-20,90.0,56,7.0,2.0
29,2023-09-20,195.0,72,3.0,0.0
24,2023-09-20,170.0,74,7.0,1.0
35,2023-09-20,169.0,64,21.0,0.0
18,2023-09-20,79.0,32,1.0,0.0
16,2023-09-19,73.0,45,2.0,3.0
14,2023-09-19,135.0,24,2.0,0.0
13,2023-09-19,115.0,37,2.0,1.0
15,2023-09-19,125.0,17,2.0,1.0
39,2023-09-19,20.0,1,0.0,0.0
11,2023-09-18,110.0,54,18.0,4.0
40,2023-09-18,137.0,55,10.0,3.0
12,2023-09-18,60.0,44,6.0,4.0
10,2023-09-18,110.0,56,17.0,1.0
39,2023-09-17,54.0,0,0.0,0.0
28,2023-09-17,115.5,60,5.0,0.0
26,2023-09-16,110.0,60,3.0,0.0
34,2023-09-16,180.0,36,2.0,0.0
17,2023-09-16,299.0,114,8.0,4.0
27,2023-09-16,119.0,60,14.0,7.0
25,2023-09-16,190.0,35,10.0,9.0
32,2023-09-15,150.0,63,52.0,6.0
39,2023-09-15,43.0,11,0.0,8.0
38,2023-09-15,84.0,32,5.0,0.0
23,2023-09-15,170.0,46,5.0,1.0
14,2023-09-15,135.0,28,9.0,4.0
31,2023-09-14,94.0,40,7.0,2.0
22,2023-09-14,190.0,87,17.0,1.0
21,2023-09-14,110.0,61,4.0,2.0
19,2023-09-14,200.0,70,11.0,0.0
20,2023-09-14,214.0,111,20.0,9.0
17,2023-09-13,89.0,31,2.0,0.0
24,2023-09-13,170.0,62,10.0,0.0
18,2023-09-13,81.0,49,1.0,5.0
35,2023-09-13,128.5,61,25.0,2.0
29,2023-09-13,160.0,65,3.0,2.0
14,2023-09-12,137.0,40,8.0,13.0
15,2023-09-12,125.0,26,3.0,5.0
13,2023-09-12,135.0,46,4.0,9.0
16,2023-09-12,88.0,50,6.0,5.0
39,2023-09-12,27.0,1,0.0,0.0
14,2023-09-11,45.0,64,36.0,0.0
10,2023-09-11,80.0,39,16.0,0.0
11,2023-09-11,100.0,45,7.0,0.0
40,2023-09-11,140.0,56,25.0,5.0
12,2023-09-11,64.0,49,11.0,0.0
28,2023-09-10,119.0,37,7.0,0.0
34,2023-09-09,135.0,21,2.0,0.0
17,2023-09-09,330.0,116,22.0,12.0
26,2023-09-09,150.0,83,9.0,0.0
25,2023-09-09,195.0,40,9.0,12.0
27,2023-09-09,118.0,68,20.0,12.0
32,2023-09-08,165.0,65,30.0,5.0
38,2023-09-08,88.0,26,2.0,0.0
14,2023-09-08,145.0,22,3.0,1.0
23,2023-09-08,180.0,39,8.0,4.0
39,2023-09-08,39.0,9,0.0,0.0
22,2023-09-07,120.0,45,8.0,0.0
20,2023-09-07,189.5,117,18.0,13.0
21,2023-09-07,120.0,48,3.0,1.0
19,2023-09-07,205.0,60,6.0,4.0
31,2023-09-07,105.0,52,8.0,3.0
17,2023-09-06,135.0,46,1.0,3.0
35,2023-09-06,149.0,54,22.0,0.0
24,2023-09-06,158.0,54,8.0,2.0
18,2023-09-06,80.0,30,2.0,3.0
29,2023-09-06,201.0,75,9.0,0.0
13,2023-09-05,125.0,49,11.0,3.0
15,2023-09-05,125.0,28,8.0,1.0
36,2023-09-05,26.0,3,4.0,0.0
14,2023-09-05,160.0,27,3.0,4.0
16,2023-09-05,89.0,46,1.0,1.0
12,2023-09-04,48.0,32,7.0,0.0
11,2023-09-04,105.0,43,8.0,1.0
10,2023-09-04,95.0,43,15.0,0.0
40,2023-09-04,160.0,57,19.0,2.0
28,2023-09-03,109.5,71,6.0,0.0
25,2023-09-02,200.0,44,12.0,30.0
27,2023-09-02,114.0,52,15.0,2.0
17,2023-09-02,268.0,146,30.0,0.0
34,2023-09-02,153.0,31,6.0,1.0
26,2023-09-02,120.0,85,12.0,1.0
38,2023-09-01,90.0,33,13.0,0.0
23,2023-09-01,140.0,40,13.0,7.0
14,2023-09-01,135.0,21,10.0,0.0
39,2023-09-01,50.0,10,5.0,1.0
32,2023-09-01,150.0,47,32.0,4.0
22,2023-08-31,160.0,80,14.0,4.0
19,2023-08-31,190.0,58,7.0,0.0
21,2023-08-31,95.0,52,11.0,1.0
31,2023-08-31,118.0,56,10.0,2.0
20,2023-08-31,174.0,116,9.0,4.0
18,2023-08-30,73.0,35,4.0,2.0
24,2023-08-30,140.0,60,3.0,0.0
35,2023-08-30,125.0,43,24.0,1.0
29,2023-08-30,152.0,58,4.0,0.0
17,2023-08-30,77.0,35,0.0,2.0
15,2023-08-29,90.0,9,4.0,0.0
39,2023-08-29,33.0,14,9.0,1.0
16,2023-08-29,95.0,38,6.0,2.0
14,2023-08-29,120.0,36,2.0,2.0
13,2023-08-29,125.0,44,20.0,1.0
12,2023-08-28,50.0,25,9.0,3.0
11,2023-08-28,110.0,61,18.0,7.0
40,2023-08-28,155.0,57,32.0,3.0
10,2023-08-28,100.0,49,36.0,4.0
28,2023-08-27,110.0,65,18.0,0.0
35,2023-08-27,134.0,41,2.0,7.0
34,2023-08-26,140.0,22,10.0,10.0
26,2023-08-26,125.0,70,11.0,2.0
25,2023-08-26,200.0,44,12.0,23.0
17,2023-08-26,270.0,82,15.0,1.0
27,2023-08-26,109.0,46,8.0,0.0
39,2023-08-25,34.0,10,2.0,0.0
23,2023-08-25,150.0,31,3.0,17.0
14,2023-08-25,125.0,34,6.0,7.0
32,2023-08-25,140.0,42,40.0,5.0
38,2023-08-25,80.0,31,6.0,0.0
21,2023-08-24,112.0,55,7.0,0.0
19,2023-08-24,205.0,54,11.0,0.0
20,2023-08-24,208.5,104,27.0,22.0
31,2023-08-24,97.0,38,11.0,1.0
22,2023-08-24,130.0,52,14.0,0.0
17,2023-08-23,135.0,67,16.0,1.0
29,2023-08-23,210.0,85,21.0,1.0
35,2023-08-23,125.0,47,30.0,0.0
24,2023-08-23,180.0,77,19.0,2.0
18,2023-08-23,90.0,47,14.0,0.0
39,2023-08-22,55.0,23,0.0,0.0
14,2023-08-22,170.0,52,11.0,3.0
15,2023-08-22,130.0,29,4.0,2.0
13,2023-08-22,110.0,29,16.0,1.0
16,2023-08-22,90.0,53,9.0,0.0
10,2023-08-21,110.0,64,36.0,1.0
11,2023-08-21,120.0,60,26.0,0.0
40,2023-08-21,150.0,57,36.0,6.0
39,2023-08-20,57.0,15,1.0,10.0
28,2023-08-20,119.0,52,4.0,0.0
26,2023-08-19,120.0,82,4.0,11.0
25,2023-08-19,150.0,40,17.0,24.0
27,2023-08-19,88.0,62,21.0,3.0
12,2023-08-19,100.0,12,6.0,0.0
17,2023-08-19,308.0,149,4.0,2.0
14,2023-08-18,155.0,43,11.0,2.0
39,2023-08-18,51.0,11,0.0,2.0
38,2023-08-18,78.5,40,11.0,1.0
23,2023-08-18,155.0,42,2.0,5.0
32,2023-08-18,160.0,63,36.0,5.0
31,2023-08-17,95.0,35,8.0,3.0
19,2023-08-17,170.0,42,7.0,0.0
21,2023-08-17,100.0,52,9.0,4.0
22,2023-08-17,130.0,46,5.0,0.0
20,2023-08-17,200.0,115,36.0,17.0
17,2023-08-16,88.0,30,22.0,0.0
35,2023-08-16,115.0,33,19.0,2.0
29,2023-08-16,105.0,51,2.0,2.0
24,2023-08-16,140.0,40,13.0,0.0
18,2023-08-16,55.0,25,5.0,0.0
12,2023-08-14,65.0,42,11.0,0.0
10,2023-08-14,125.0,80,36.0,0.0
11,2023-08-14,130.0,60,36.0,0.0
40,2023-08-14,150.0,35,29.0,5.0
28,2023-08-13,110.0,51,4.0,0.0
34,2023-08-12,180.0,40,1.0,0.0
17,2023-08-12,325.0,142,19.0,8.0
27,2023-08-12,105.0,41,15.0,2.0
26,2023-08-12,128.0,89,3.0,5.0
25,2023-08-12,190.0,35,19.0,11.0
23,2023-08-11,175.0,38,4.0,9.0
38,2023-08-11,93.0,48,11.0,0.0
32,2023-08-11,150.0,46,27.0,7.0
14,2023-08-11,160.0,32,11.0,6.0
21,2023-08-10,108.0,37,7.0,1.0
20,2023-08-10,228.0,104,21.0,4.0
31,2023-08-10,97.0,34,8.0,4.0
19,2023-08-10,210.0,63,21.0,8.0
17,2023-08-09,110.0,53,4.0,4.0
29,2023-08-09,175.0,63,4.0,0.0
35,2023-08-09,173.0,64,30.0,2.0
24,2023-08-09,160.0,58,2.0,0.0
13,2023-08-08,103.5,42,26.0,5.0
16,2023-08-08,77.0,31,4.0,3.0
14,2023-08-08,160.0,43,18.0,2.0
15,2023-08-08,100.0,19,15.0,17.0
11,2023-08-07,99.0,37,19.0,1.0
10,2023-08-07,95.0,40,17.0,1.0
40,2023-08-07,135.0,30,9.0,2.0
12,2023-08-07,60.0,44,11.0,0.0
26,2023-08-05,130.0,84,11.0,0.0
27,2023-08-05,85.0,47,4.0,1.0
17,2023-08-05,288.0,116,15.0,6.0
25,2023-08-05,185.0,39,16.0,12.0
32,2023-08-04,135.0,35,25.0,0.0
39,2023-08-04,71.0,32,12.0,0.0
23,2023-08-04,160.0,34,5.0,18.0
14,2023-08-04,150.0,46,11.0,5.0
19,2023-08-03,205.0,60,7.0,12.0
21,2023-08-03,98.0,38,10.0,0.0
22,2023-08-03,130.0,58,12.0,0.0
31,2023-08-03,90.0,40,9.0,9.0
20,2023-08-03,237.5,123,54.0,9.0
24,2023-08-02,170.0,59,7.0,0.0
35,2023-08-02,143.0,29,17.0,0.0
17,2023-08-02,122.0,63,7.0,9.0
29,2023-08-02,215.0,68,10.0,0.0
18,2023-08-02,85.0,34,7.0,0.0
16,2023-08-01,90.0,46,5.0,1.0
39,2023-08-01,28.0,5,6.0,1.0
13,2023-08-01,100.0,30,18.0,0.0
15,2023-08-01,90.0,6,4.0,12.0
14,2023-08-01,145.0,39,18.0,10.0
12,2023-07-31,53.0,32,5.0,0.0
11,2023-07-31,100.0,22,16.0,0.0
40,2023-07-31,125.0,32,30.0,2.0
10,2023-07-31,105.0,55,36.0,1.0
28,2023-07-30,110.0,48,6.0,1.0
26,2023-07-29,117.0,74,6.0,0.0
27,2023-07-29,84.0,45,11.0,1.0
25,2023-07-29,180.0,39,6.0,1.0
34,2023-07-29,135.0,31,2.0,0.0
17,2023-07-29,307.5,117,25.0,4.0
14,2023-07-28,75.0,19,2.0,1.0
39,2023-07-28,20.0,7,0.0,0.0
32,2023-07-28,120.0,42,14.0,0.0
38,2023-07-28,73.0,22,2.0,2.0
23,2023-07-28,160.0,37,14.0,2.0
19,2023-07-27,210.0,72,11.0,0.0
21,2023-07-27,99.0,47,7.0,0.0
20,2023-07-27,215.0,107,25.0,4.0
31,2023-07-27,112.0,49,10.0,6.0
22,2023-07-27,150.0,58,13.0,2.0
29,2023-07-26,182.0,61,15.0,2.0
18,2023-07-26,76.0,23,2.0,1.0
35,2023-07-26,155.0,36,16.0,2.0
17,2023-07-26,130.0,51,10.0,5.0
24,2023-07-26,153.0,52,6.0,0.0
14,2023-07-25,193.0,45,21.0,2.0
15,2023-07-25,119.0,14,10.0,6.0
13,2023-07-25,95.0,35,12.0,0.0
16,2023-07-25,94.0,39,16.0,0.0
39,2023-07-25,44.0,4,6.0,1.0
11,2023-07-24,105.0,27,14.0,0.0
40,2023-07-24,135.0,35,27.0,2.0
12,2023-07-24,54.0,28,12.0,0.0
10,2023-07-24,70.0,31,26.0,0.0
28,2023-07-23,105.0,55,8.0,0.0
17,2023-07-22,299.0,111,10.0,0.0
34,2023-07-22,149.0,25,5.0,0.0
26,2023-07-22,118.0,60,12.0,0.0
25,2023-07-22,219.0,56,12.0,1.0
27,2023-07-22,106.0,47,14.0,2.0
39,2023-07-21,40.0,8,4.0,0.0
32,2023-07-21,155.0,47,43.0,4.0
14,2023-07-21,140.0,31,15.0,3.0
38,2023-07-21,81.0,38,16.0,0.0
23,2023-07-21,155.0,26,9.0,6.0
19,2023-07-20,210.0,65,22.0,0.0
20,2023-07-20,245.0,107,42.0,4.0
22,2023-07-20,134.0,49,11.0,7.0
31,2023-07-20,95.0,45,12.0,7.0
21,2023-07-20,105.0,48,7.0,0.0
29,2023-07-19,212.5,75,14.0,4.0
17,2023-07-19,121.0,30,14.0,2.0
35,2023-07-19,150.0,38,15.0,1.0
24,2023-07-19,148.0,49,13.0,0.0
18,2023-07-19,93.0,37,4.0,0.0
16,2023-07-18,86.0,36,5.0,1.0
14,2023-07-18,177.0,40,6.0,2.0
15,2023-07-18,119.0,24,2.0,3.0
13,2023-07-18,79.0,35,7.0,0.0
11,2023-07-17,120.0,52,20.0,0.0
40,2023-07-17,150.0,45,27.0,4.0
12,2023-07-17,63.0,33,22.0,0.0
10,2023-07-17,90.0,37,12.0,0.0
28,2023-07-16,109.5,43,9.0,9.0
26,2023-07-15,138.0,80,16.0,0.0
34,2023-07-15,140.0,26,10.0,1.0
25,2023-07-15,179.0,71,31.0,22.0
27,2023-07-15,93.0,44,23.0,5.0
17,2023-07-15,330.0,118,13.0,0.0
14,2023-07-14,127.0,25,11.0,3.0
23,2023-07-14,165.0,45,27.0,11.0
32,2023-07-14,153.0,55,72.0,4.0
39,2023-07-14,41.0,4,6.0,2.0
38,2023-07-14,89.5,35,7.0,0.0
22,2023-07-13,140.0,49,7.0,1.0
21,2023-07-13,95.0,26,9.0,1.0
31,2023-07-13,100.0,37,11.0,3.0
19,2023-07-13,200.0,52,15.0,1.0
20,2023-07-13,189.0,98,22.0,12.0
29,2023-07-12,91.5,29,10.0,0.0
17,2023-07-12,95.0,31,8.0,1.0
18,2023-07-12,97.0,53,18.0,0.0
35,2023-07-12,114.0,23,33.0,0.0
24,2023-07-12,170.0,57,31.0,0.0
14,2023-07-11,185.0,55,12.0,0.0
16,2023-07-11,90.0,46,9.0,1.0
15,2023-07-11,150.0,15,5.0,14.0
13,2023-07-11,82.0,28,27.0,2.0
39,2023-07-11,48.0,16,9.0,3.0
40,2023-07-10,140.0,50,24.0,3.0
11,2023-07-10,109.0,48,23.0,1.0
12,2023-07-10,68.5,35,15.0,1.0
10,2023-07-10,90.0,46,8.0,4.0
28,2023-07-09,100.0,58,0.0,0.0
26,2023-07-08,120.0,70,20.0,3.0
34,2023-07-08,180.0,39,13.0,0.0
17,2023-07-08,248.5,82,18.0,2.0
25,2023-07-08,195.0,44,27.0,6.0
27,2023-07-08,90.0,49,28.0,5.0
14,2023-07-07,119.0,38,11.0,2.0
32,2023-07-07,150.0,60,66.0,9.0
38,2023-07-07,94.0,37,17.0,0.0
39,2023-07-07,40.0,15,2.0,0.0
23,2023-07-07,160.0,30,4.0,4.0
20,2023-07-06,229.0,114,35.0,0.0
31,2023-07-06,82.5,25,25.0,6.0
21,2023-07-06,105.0,39,7.0,2.0
19,2023-07-06,209.0,46,16.0,0.0
22,2023-07-06,140.0,53,18.0,0.0
24,2023-07-05,130.0,52,19.0,0.0
18,2023-07-05,103.0,49,4.0,0.0
29,2023-07-05,194.0,57,12.0,5.0
35,2023-07-05,120.0,37,25.0,3.0
17,2023-07-05,128.0,48,21.0,1.0
13,2023-07-04,90.0,31,13.0,3.0
16,2023-07-04,83.0,59,5.0,6.0
14,2023-07-04,172.5,31,15.0,0.0
15,2023-07-04,95.0,11,8.0,2.0
39,2023-07-04,32.0,8,1.0,0.0
40,2023-07-03,130.0,45,39.0,0.0
10,2023-07-03,84.5,33,18.0,0.0
11,2023-07-03,110.0,38,6.0,0.0
12,2023-07-03,61.0,34,13.0,1.0
28,2023-07-02,140.0,48,4.0,0.0
27,2023-07-01,69.0,31,24.0,1.0
34,2023-07-01,160.0,18,9.0,0.0
25,2023-07-01,210.0,47,21.0,4.0
26,2023-07-01,132.0,60,3.0,0.0
17,2023-07-01,273.0,105,28.0,3.0
38,2023-06-30,85.0,53,9.0,0.0
23,2023-06-30,151.0,25,5.0,0.0
39,2023-06-30,34.0,9,4.0,0.0
14,2023-06-30,125.0,22,11.0,2.0
32,2023-06-30,150.0,41,65.0,12.0
19,2023-06-29,215.0,74,9.0,0.0
22,2023-06-29,130.0,50,15.0,2.0
31,2023-06-29,82.0,30,13.0,3.0
20,2023-06-29,200.0,117,45.0,12.0
21,2023-06-29,115.0,60,27.0,1.0
18,2023-06-28,75.0,31,2.0,1.0
29,2023-06-28,164.0,53,14.0,2.0
17,2023-06-28,105.0,33,7.0,1.0
35,2023-06-28,124.5,35,20.0,6.0
24,2023-06-28,170.0,61,22.0,0.0
16,2023-06-27,86.0,44,12.0,1.0
14,2023-06-27,144.0,41,16.0,1.0
15,2023-06-27,110.0,15,5.0,12.0
39,2023-06-27,32.0,6,0.0,0.0
13,2023-06-27,92.0,40,29.0,2.0
10,2023-06-26,100.0,51,16.0,3.0
12,2023-06-26,58.0,36,9.0,0.0
11,2023-06-26,75.0,37,11.0,2.0
36,2023-06-26,115.0,38,29.0,5.0
28,2023-06-25,105.0,48,12.0,0.0
34,2023-06-24,135.0,22,12.0,0.0
26,2023-06-24,127.0,60,18.0,1.0
27,2023-06-24,100.0,56,19.0,2.0
25,2023-06-24,190.0,43,23.0,3.0
17,2023-06-24,255.0,85,18.0,0.0
32,2023-06-23,150.0,50,47.0,4.0
39,2023-06-23,48.0,6,1.0,0.0
14,2023-06-23,135.0,23,7.0,2.0
23,2023-06-23,146.0,30,11.0,1.0
38,2023-06-23,112.0,38,6.0,0.0
21,2023-06-22,105.0,53,20.0,1.0
19,2023-06-22,201.0,51,6.0,0.0
20,2023-06-22,175.0,87,36.0,6.0
31,2023-06-22,115.0,52,33.0,6.0
22,2023-06-22,130.0,54,21.0,2.0
24,2023-06-21,170.0,66,22.0,3.0
29,2023-06-21,163.5,73,14.0,0.0
18,2023-06-21,93.0,38,12.0,2.0
17,2023-06-21,100.0,41,18.0,5.0
35,2023-06-21,128.5,45,18.0,6.0
15,2023-06-20,105.0,19,10.0,12.0
13,2023-06-20,90.0,35,13.0,3.0
39,2023-06-20,39.0,12,0.0,1.0
16,2023-06-20,91.0,44,16.0,4.0
14,2023-06-20,140.5,30,15.0,6.0
36,2023-06-19,110.0,30,15.0,1.0
11,2023-06-19,100.0,45,12.0,0.0
10,2023-06-19,95.0,63,10.0,1.0
12,2023-06-19,60.0,37,17.0,2.0
28,2023-06-18,105.0,56,9.0,1.0
25,2023-06-17,210.0,48,37.0,4.0
17,2023-06-17,270.0,125,36.0,6.0
26,2023-06-17,100.0,56,18.0,2.0
27,2023-06-17,101.0,49,21.0,4.0
34,2023-06-17,180.0,26,2.0,2.0
14,2023-06-16,165.0,29,28.0,2.0
32,2023-06-16,190.0,47,55.0,6.0
39,2023-06-16,48.0,3,0.0,2.0
23,2023-06-16,160.0,39,4.0,4.0
20,2023-06-15,230.0,114,29.0,2.0
22,2023-06-15,139.5,53,12.0,4.0
21,2023-06-15,118.0,69,13.0,4.0
19,2023-06-15,202.0,68,8.0,0.0
31,2023-06-15,120.0,48,35.0,6.0
35,2023-06-14,114.5,35,14.0,6.0
24,2023-06-14,170.0,69,27.0,6.0
29,2023-06-14,188.0,67,27.0,2.0
17,2023-06-14,105.0,41,14.0,0.0
18,2023-06-14,73.0,42,11.0,5.0
15,2023-06-13,120.0,22,9.0,6.0
39,2023-06-13,50.0,21,4.0,0.0
16,2023-06-13,95.0,48,8.0,1.0
13,2023-06-13,105.0,50,30.0,1.0
14,2023-06-13,174.0,55,12.0,4.0
36,2023-06-12,105.0,38,20.0,0.0
10,2023-06-12,100.0,52,30.0,1.0
12,2023-06-12,59.0,41,12.0,2.0
11,2023-06-12,105.0,46,18.0,0.0
28,2023-06-11,126.0,57,5.0,0.0
17,2023-06-10,330.0,117,30.0,8.0
25,2023-06-10,190.0,57,30.0,6.0
27,2023-06-10,117.0,39,22.0,2.0
26,2023-06-10,129.0,68,32.0,0.0
34,2023-06-10,170.0,39,0.0,6.0
14,2023-06-09,155.0,30,18.0,0.0
23,2023-06-09,150.0,41,10.0,0.0
32,2023-06-09,175.0,63,54.0,0.0
29,2023-06-07,201.0,68,14.0,2.0
24,2023-06-07,170.0,59,15.0,0.0
19,2023-06-07,104.0,37,12.0,0.0
35,2023-06-07,144.0,45,47.0,1.0
17,2023-06-07,110.0,54,18.0,0.0
14,2023-06-06,150.0,44,10.0,0.0
13,2023-06-06,100.0,44,18.0,0.0
16,2023-06-06,85.0,45,9.0,0.0
15,2023-06-06,110.0,15,4.0,0.0
39,2023-06-06,55.0,16,3.0,0.0
36,2023-06-05,95.0,37,24.0,0.0
11,2023-06-05,85.0,34,6.0,0.0
12,2023-06-05,57.0,39,5.0,0.0
10,2023-06-05,80.0,41,13.0,0.0
28,2023-06-04,93.0,60,4.0,0.0
27,2023-06-03,112.0,54,14.0,0.0
26,2023-06-03,107.0,75,14.0,0.0
34,2023-06-03,130.0,18,1.0,0.0
17,2023-06-03,279.0,118,25.0,0.0
25,2023-06-03,210.0,59,34.0,0.0
39,2023-06-02,46.0,11,1.0,0.0
32,2023-06-02,115.0,38,30.0,0.0
14,2023-06-02,140.0,34,16.0,0.0
38,2023-06-02,85.0,45,9.0,0.0
22,2023-06-01,150.0,50,28.0,0.0
21,2023-06-01,100.0,44,26.0,0.0
19,2023-06-01,190.0,66,14.0,0.0
31,2023-06-01,102.5,57,16.0,0.0
20,2023-06-01,183.5,105,18.0,0.0
35,2023-05-31,143.0,66,28.0,10.0
24,2023-05-31,130.0,50,18.0,0.0
18,2023-05-31,64.0,36,6.0,0.0
17,2023-05-31,96.0,56,15.0,0.0
29,2023-05-31,202.0,82,24.0,0.0
39,2023-05-30,50.0,17,7.0,0.0
13,2023-05-30,95.0,50,7.0,0.0
14,2023-05-30,145.0,44,16.0,0.0
15,2023-05-30,145.0,24,4.0,0.0
16,2023-05-30,85.0,47,5.0,0.0
11,2023-05-29,110.0,42,6.0,0.0
12,2023-05-29,61.0,50,14.0,0.0
36,2023-05-29,89.0,29,18.0,0.0
10,2023-05-29,84.5,41,27.0,0.0
28,2023-05-28,99.0,57,17.0,0.0
34,2023-05-27,135.0,36,15.0,0.0
17,2023-05-27,280.0,98,23.0,0.0
26,2023-05-27,107.0,75,4.0,0.0
27,2023-05-27,100.0,43,9.0,0.0
25,2023-05-27,180.0,69,24.0,4.0
23,2023-05-26,165.0,29,6.0,0.0
38,2023-05-26,100.0,43,15.0,0.0
39,2023-05-26,42.0,15,4.0,0.0
32,2023-05-26,145.0,53,48.0,0.0
14,2023-05-26,140.0,34,14.0,0.0
21,2023-05-25,99.0,53,8.0,0.0
19,2023-05-25,210.0,76,11.0,0.0
31,2023-05-25,85.0,36,12.0,0.0
20,2023-05-25,189.0,109,29.0,6.0
22,2023-05-25,140.0,56,20.0,0.0
29,2023-05-24,186.0,64,30.0,0.0
24,2023-05-24,160.0,40,15.0,0.0
35,2023-05-24,144.5,46,23.0,6.0
18,2023-05-24,85.0,48,8.0,0.0
17,2023-05-24,108.0,66,8.0,1.0
16,2023-05-23,89.0,61,12.0,0.0
14,2023-05-23,174.0,59,30.0,0.0
15,2023-05-23,140.0,23,5.0,0.0
39,2023-05-23,50.0,16,4.0,0.0
13,2023-05-23,95.0,39,20.0,0.0
36,2023-05-22,113.0,35,10.0,1.0
11,2023-05-22,95.0,40,8.0,1.0
10,2023-05-22,95.0,48,36.0,0.0
12,2023-05-22,75.0,55,21.0,0.0
28,2023-05-21,114.0,67,3.0,0.0
17,2023-05-20,290.0,121,36.0,2.0
27,2023-05-20,115.0,38,5.0,0.0
25,2023-05-20,210.0,63,21.0,2.0
26,2023-05-20,120.0,82,20.0,0.0
34,2023-05-20,160.0,31,20.0,0.0
38,2023-05-19,94.0,36,28.0,0.0
14,2023-05-19,147.0,30,13.0,2.0
23,2023-05-19,155.0,44,10.0,1.0
39,2023-05-19,49.0,15,5.0,2.0
32,2023-05-19,123.0,47,37.0,0.0
21,2023-05-18,105.0,65,5.0,1.0
31,2023-05-18,85.0,37,15.0,5.0
22,2023-05-18,150.0,63,45.0,0.0
20,2023-05-18,204.0,115,22.0,0.0
19,2023-05-18,235.0,76,3.0,0.0
18,2023-05-17,83.5,35,6.0,1.0
35,2023-05-17,145.0,61,18.0,0.0
29,2023-05-17,217.0,96,19.0,3.0
17,2023-05-17,86.0,46,6.0,0.0
16,2023-05-16,85.0,58,12.0,1.0
13,2023-05-16,95.0,26,17.0,0.0
39,2023-05-16,49.0,27,5.0,0.0
15,2023-05-16,150.0,19,1.0,0.0
14,2023-05-16,150.0,46,2.0,0.0
10,2023-05-15,80.0,35,23.0,0.0
36,2023-05-15,83.0,23,1.0,2.0
11,2023-05-15,100.0,32,8.0,3.0
12,2023-05-15,68.0,49,18.0,0.0
28,2023-05-14,125.0,55,4.0,2.0
25,2023-05-13,245.0,85,14.0,1.0
27,2023-05-13,116.0,49,13.0,3.0
17,2023-05-13,315.0,147,12.0,0.0
26,2023-05-13,108.0,64,8.0,0.0
34,2023-05-13,210.0,66,29.0,0.0
23,2023-05-12,174.0,51,8.0,0.0
39,2023-05-12,62.0,18,3.0,0.0
32,2023-05-12,140.0,63,76.0,0.0
14,2023-05-12,170.0,49,32.0,0.0
38,2023-05-12,89.0,47,27.0,0.0
22,2023-05-11,180.0,70,36.0,0.0
31,2023-05-11,85.0,39,11.0,0.0
21,2023-05-11,126.0,72,3.0,0.0
19,2023-05-11,235.0,84,9.0,0.0
20,2023-05-11,208.5,119,10.0,2.0
29,2023-05-10,235.0,88,15.0,2.0
17,2023-05-10,120.0,52,10.0,1.0
18,2023-05-10,65.0,31,4.0,1.0
35,2023-05-10,169.5,73,36.0,10.0
24,2023-05-10,210.0,82,30.0,0.0
13,2023-05-09,100.0,53,0.0,0.0
39,2023-05-09,57.0,24,0.0,0.0
15,2023-05-09,155.0,38,0.0,0.0
14,2023-05-09,159.5,63,0.0,2.0
16,2023-05-09,89.5,65,0.0,0.0
12,2023-05-08,79.0,54,0.0,0.0
36,2023-05-08,54.0,12,0.0,0.0
10,2023-05-08,100.0,57,0.0,0.0
11,2023-05-08,105.0,47,0.0,0.0
28,2023-05-07,100.0,57,0.0,0.0
17,2023-05-06,165.0,70,0.0,0.0
26,2023-05-06,120.0,89,0.0,0.0
25,2023-05-06,160.0,67,0.0,0.0
34,2023-05-06,119.0,24,0.0,0.0
27,2023-05-06,79.0,39,0.0,0.0
23,2023-05-05,140.0,45,0.0,0.0
14,2023-05-05,145.0,37,0.0,0.0
39,2023-05-05,45.0,31,0.0,0.0
38,2023-05-05,74.0,59,0.0,0.0
32,2023-05-05,130.0,51,0.0,0.0
31,2023-05-04,74.0,45,0.0,0.0
22,2023-05-04,120.0,70,0.0,0.0
20,2023-05-04,140.0,87,0.0,0.0
21,2023-05-04,85.0,58,0.0,0.0
19,2023-05-04,150.0,60,0.0,0.0
13,2023-05-02,58.0,28,0.0,0.0
15,2023-05-02,115.0,10,0.0,0.0
16,2023-05-02,73.0,40,0.0,0.0
14,2023-05-02,129.0,36,0.0,0.0
28,2023-04-30,90.0,70,0.0,0.0
26,2023-04-29,125.0,90,0.0,0.0
17,2023-04-29,310.0,156,0.0,0.0
27,2023-04-29,141.0,80,0.0,0.0
25,2023-04-29,235.0,80,0.0,0.0
34,2023-04-29,140.0,37,0.0,0.0
23,2023-04-28,190.0,68,0.0,0.0
38,2023-04-28,104.0,43,0.0,0.0
32,2023-04-28,140.0,58,0.0,0.0
39,2023-04-28,47.0,22,0.0,0.0
14,2023-04-28,165.0,48,0.0,5.0
22,2023-04-27,200.0,83,0.0,0.0
20,2023-04-27,163.0,102,0.0,6.0
19,2023-04-27,245.0,74,0.0,1.0
31,2023-04-27,95.0,51,0.0,2.0
21,2023-04-27,120.0,65,0.0,6.0
29,2023-04-26,224.0,102,0.0,3.0
35,2023-04-26,159.0,80,0.0,10.0
24,2023-04-26,200.0,110,0.0,0.0
17,2023-04-26,93.0,52,0.0,2.0
18,2023-04-26,84.0,52,0.0,5.0
14,2023-04-25,160.0,32,0.0,6.0
15,2023-04-25,170.0,33,0.0,0.0
16,2023-04-25,100.0,57,0.0,3.0
13,2023-04-25,75.0,44,0.0,2.0
39,2023-04-25,58.0,17,0.0,2.0
11,2023-04-24,90.0,40,0.0,3.0
10,2023-04-24,100.0,71,0.0,0.0
12,2023-04-24,79.0,54,0.0,0.0
28,2023-04-23,120.0,69,0.0,0.0
34,2023-04-22,190.0,63,0.0,5.0
25,2023-04-22,185.0,53,0.0,3.0
26,2023-04-22,145.0,80,0.0,0.0
27,2023-04-22,130.0,80,0.0,6.0
17,2023-04-22,316.0,160,0.0,19.0
32,2023-04-21,130.0,61,0.0,0.0
14,2023-04-21,140.0,41,0.0,4.0
23,2023-04-21,167.0,68,0.0,4.0
39,2023-04-21,41.0,21,0.0,0.0
38,2023-04-21,94.0,48,0.0,0.0
22,2023-04-20,120.0,61,0.0,1.0
21,2023-04-20,110.0,71,0.0,0.0
19,2023-04-20,215.0,87,0.0,0.0
31,2023-04-20,94.0,51,0.0,0.0
20,2023-04-20,162.0,97,0.0,18.0
35,2023-04-19,134.0,50,0.0,12.0
17,2023-04-19,68.5,35,0.0,0.0
29,2023-04-19,161.0,86,0.0,2.0
18,2023-04-19,66.0,46,0.0,0.0
24,2023-04-19,195.0,100,0.0,6.0
39,2023-04-18,44.0,22,0.0,0.0
15,2023-04-18,100.0,21,0.0,0.0
14,2023-04-18,110.0,32,0.0,0.0
13,2023-04-18,75.0,43,0.0,0.0
16,2023-04-18,77.5,60,0.0,0.0
12,2023-04-17,69.0,47,0.0,0.0
10,2023-04-17,90.0,51,0.0,0.0
11,2023-04-17,95.0,47,0.0,0.0
28,2023-04-16,89.0,55,0.0,0.0
34,2023-04-15,180.0,45,0.0,0.0
27,2023-04-15,99.0,55,0.0,0.0
25,2023-04-15,215.0,69,0.0,0.0
26,2023-04-15,106.0,89,0.0,0.0
17,2023-04-15,285.0,135,0.0,0.0
14,2023-04-14,145.0,59,0.0,0.0
32,2023-04-14,167.0,75,0.0,0.0
38,2023-04-14,111.0,56,0.0,0.0
23,2023-04-14,139.0,40,0.0,0.0
22,2023-04-13,103.0,64,0.0,0.0
20,2023-04-13,112.0,73,0.0,0.0
21,2023-04-13,84.0,33,0.0,0.0
19,2023-04-13,148.0,47,0.0,0.0
31,2023-04-06,59.0,20,0.0,0.0
21,2023-04-06,99.0,30,0.0,0.0
22,2023-04-06,120.0,31,0.0,0.0
19,2023-04-06,140.0,35,0.0,0.0
20,2023-04-06,138.0,45,0.0,0.0
24,2023-04-05,180.0,83,0.0,0.0
35,2023-04-05,155.0,90,0.0,0.0
18,2023-04-05,80.0,41,0.0,0.0
17,2023-04-05,80.0,62,0.0,0.0
29,2023-04-05,183.5,83,0.0,0.0
15,2023-04-04,130.0,50,0.0,0.0
16,2023-04-04,85.0,50,0.0,0.0
14,2023-04-04,150.0,58,0.0,0.0
39,2023-04-04,35.0,11,0.0,0.0
13,2023-04-04,74.0,41,0.0,0.0
11,2023-04-03,93.0,48,0.0,0.0
10,2023-04-03,88.0,59,0.0,0.0
12,2023-04-03,78.0,64,0.0,0.0
19,2023-04-02,245.0,68,0.0,0.0
14,2023-04-02,175.0,63,0.0,0.0
17,2023-04-01,228.0,121,0.0,0.0
25,2023-04-01,210.0,66,0.0,0.0
26,2023-04-01,119.0,94,0.0,0.0
27,2023-04-01,102.0,65,0.0,0.0
34,2023-04-01,180.0,55,0.0,0.0
39,2023-03-31,27.0,21,0.0,0.0
23,2023-03-31,110.0,35,0.0,0.0
38,2023-03-31,85.0,28,0.0,0.0
32,2023-03-31,133.0,69,0.0,0.0
14,2023-03-31,101.5,36,0.0,0.0
22,2023-03-30,120.0,67,0.0,0.0
21,2023-03-30,105.0,60,0.0,0.0
31,2023-03-30,81.0,40,0.0,0.0
20,2023-03-30,164.0,111,0.0,0.0
19,2023-03-30,230.0,85,0.0,0.0
35,2023-03-29,131.0,57,0.0,0.0
18,2023-03-29,66.0,35,0.0,0.0
29,2023-03-29,186.5,95,0.0,0.0
24,2023-03-29,151.0,73,0.0,0.0
17,2023-03-29,75.0,58,0.0,0.0
16,2023-03-28,71.0,53,0.0,0.0
13,2023-03-28,76.0,36,0.0,0.0
39,2023-03-28,12.0,10,0.0,0.0
14,2023-03-28,87.0,30,0.0,0.0
15,2023-03-28,80.0,16,0.0,0.0
10,2023-03-27,85.0,66,0.0,0.0
11,2023-03-27,90.0,57,0.0,0.0
36,2023-03-27,15.0,7,0.0,0.0
12,2023-03-27,75.0,64,0.0,0.0
28,2023-03-26,85.0,61,0.0,0.0
25,2023-03-25,210.0,58,0.0,0.0
34,2023-03-25,185.0,69,0.0,0.0
17,2023-03-25,275.0,139,0.0,0.0
26,2023-03-25,119.0,77,0.0,0.0
27,2023-03-25,105.0,65,0.0,0.0
38,2023-03-24,91.0,48,0.0,0.0
32,2023-03-24,94.0,51,0.0,0.0
23,2023-03-24,130.0,36,0.0,0.0
39,2023-03-24,28.0,11,0.0,0.0
14,2023-03-24,135.0,41,0.0,0.0
21,2023-03-23,128.0,69,0.0,0.0
31,2023-03-23,86.0,45,0.0,0.0
19,2023-03-23,190.0,69,0.0,0.0
20,2023-03-23,185.0,139,0.0,0.0
22,2023-03-23,154.0,54,0.0,0.0
29,2023-03-22,225.0,116,0.0,0.0
18,2023-03-22,58.0,38,0.0,0.0
24,2023-03-22,165.0,70,0.0,0.0
17,2023-03-22,79.0,62,0.0,0.0
35,2023-03-22,135.0,63,0.0,0.0
15,2023-03-21,128.0,23,0.0,0.0
16,2023-03-21,78.0,60,0.0,0.0
13,2023-03-21,83.0,40,0.0,0.0
14,2023-03-21,130.0,36,0.0,0.0
39,2023-03-21,38.0,16,0.0,0.0
12,2023-03-20,80.0,65,0.0,0.0
11,2023-03-20,113.0,46,0.0,0.0
36,2023-03-20,24.0,15,0.0,0.0
10,2023-03-20,81.0,51,0.0,0.0
28,2023-03-19,95.0,55,0.0,0.0
27,2023-03-18,107.0,62,0.0,0.0
34,2023-03-18,200.0,74,0.0,0.0
25,2023-03-18,210.0,72,0.0,0.0
17,2023-03-18,268.5,165,0.0,0.0
26,2023-03-18,105.0,84,0.0,0.0
14,2023-03-17,125.0,36,0.0,0.0
39,2023-03-17,24.0,12,0.0,0.0
23,2023-03-17,115.0,50,0.0,0.0
38,2023-03-17,100.0,64,0.0,0.0
32,2023-03-17,125.0,37,0.0,0.0
21,2023-03-16,123.5,63,0.0,0.0
22,2023-03-16,135.0,75,0.0,0.0
20,2023-03-16,162.0,151,0.0,0.0
31,2023-03-16,98.5,52,0.0,0.0
19,2023-03-16,200.0,72,0.0,0.0
24,2023-03-15,174.0,100,0.0,0.0
17,2023-03-15,78.0,69,0.0,0.0
29,2023-03-15,134.0,85,0.0,0.0
35,2023-03-15,142.0,65,0.0,0.0
18,2023-03-15,70.0,39,0.0,0.0
16,2023-03-14,91.0,57,0.0,0.0
39,2023-03-14,27.0,18,0.0,0.0
14,2023-03-14,118.0,29,0.0,0.0
13,2023-03-14,90.0,42,0.0,0.0
15,2023-03-14,102.0,17,0.0,0.0
36,2023-03-13,21.0,6,0.0,0.0
12,2023-03-13,74.5,43,0.0,0.0
11,2023-03-13,120.0,52,0.0,0.0
10,2023-03-13,110.0,65,0.0,0.0
28,2023-03-12,92.0,72,0.0,0.0
27,2023-03-11,62.0,36,0.0,0.0
17,2023-03-11,155.5,94,0.0,0.0
34,2023-03-11,105.0,67,0.0,0.0
26,2023-03-11,101.0,75,0.0,0.0
25,2023-03-11,125.0,36,0.0,0.0
32,2023-03-10,134.0,68,0.0,0.0
14,2023-03-10,70.0,37,0.0,0.0
23,2023-03-10,95.0,41,0.0,0.0
38,2023-03-10,77.0,43,0.0,0.0
20,2023-03-09,120.0,104,0.0,0.0
19,2023-03-09,95.0,40,0.0,0.0
22,2023-03-09,128.0,53,0.0,0.0
31,2023-03-09,67.0,46,0.0,0.0
21,2023-03-09,54.0,25,0.0,0.0
24,2023-03-08,166.0,100,0.0,0.0
29,2023-03-08,103.5,67,0.0,0.0
35,2023-03-08,168.0,85,0.0,0.0
18,2023-03-08,67.0,39,0.0,0.0
17,2023-03-08,63.0,51,0.0,0.0
15,2023-03-07,82.0,21,0.0,0.0
14,2023-03-07,86.0,44,0.0,0.0
16,2023-03-07,55.0,39,0.0,0.0
39,2023-03-07,9.0,6,0.0,0.0
13,2023-03-07,75.0,38,0.0,0.0
12,2023-03-06,64.0,49,0.0,0.0
10,2023-03-06,80.0,56,0.0,0.0
11,2023-03-06,75.0,25,0.0,0.0
28,2023-03-05,77.0,46,0.0,0.0
34,2023-03-04,150.0,96,0.0,0.0
17,2023-03-04,225.0,135,0.0,0.0
26,2023-03-04,103.0,73,0.0,0.0
25,2023-03-04,174.0,59,0.0,0.0
27,2023-03-04,77.0,57,0.0,0.0
32,2023-03-03,90.0,57,0.0,0.0
38,2023-03-03,102.0,57,0.0,0.0
14,2023-03-03,95.0,37,0.0,0.0
23,2023-03-03,130.0,31,0.0,0.0
39,2023-03-03,15.0,11,0.0,0.0
19,2023-03-02,145.0,45,0.0,0.0
20,2023-03-02,182.0,137,0.0,0.0
22,2023-03-02,140.0,73,0.0,0.0
21,2023-03-02,99.5,83,0.0,0.0
31,2023-03-02,90.0,47,0.0,0.0
29,2023-03-01,118.0,67,0.0,0.0
18,2023-03-01,60.0,43,0.0,0.0
24,2023-03-01,173.0,67,0.0,0.0
35,2023-03-01,128.0,88,0.0,0.0
17,2023-03-01,68.0,67,0.0,0.0
13,2023-02-28,66.0,42,0.0,0.0
16,2023-02-28,67.0,45,0.0,0.0
39,2023-02-28,15.0,7,0.0,0.0
14,2023-02-28,96.0,35,0.0,0.0
15,2023-02-28,99.0,21,0.0,0.0
36,2023-02-27,15.0,16,0.0,0.0
11,2023-02-27,100.0,44,0.0,0.0
10,2023-02-27,90.0,77,0.0,0.0
12,2023-02-27,80.0,57,0.0,0.0
28,2023-02-26,65.0,63,0.0,0.0
17,2023-02-25,160.0,161,0.0,0.0
25,2023-02-25,160.0,55,0.0,0.0
27,2023-02-25,79.0,55,0.0,0.0
26,2023-02-25,104.0,87,0.0,0.0
34,2023-02-25,135.5,52,0.0,0.0
38,2023-02-24,79.0,37,0.0,0.0
39,2023-02-24,12.0,6,0.0,0.0
32,2023-02-24,87.0,50,0.0,0.0
23,2023-02-24,98.0,30,0.0,0.0
14,2023-02-24,82.0,24,0.0,0.0
20,2023-02-23,164.0,123,0.0,0.0
21,2023-02-23,91.0,46,0.0,0.0
31,2023-02-23,72.0,42,0.0,0.0
19,2023-02-23,152.0,48,0.0,0.0
22,2023-02-23,123.0,55,0.0,0.0
16,2023-02-21,80.0,65,0.0,0.0
14,2023-02-21,81.0,36,0.0,0.0
39,2023-02-21,14.0,8,0.0,0.0
15,2023-02-21,61.0,12,0.0,0.0
13,2023-02-21,84.0,46,0.0,0.0
11,2023-02-20,89.0,57,0.0,0.0
12,2023-02-20,75.0,48,0.0,0.0
10,2023-02-20,97.0,64,0.0,0.0
36,2023-02-20,18.0,9,0.0,0.0
28,2023-02-19,95.0,69,0.0,0.0
17,2023-02-18,180.0,133,0.0,0.0
27,2023-02-18,68.0,38,0.0,0.0
26,2023-02-18,106.0,75,0.0,0.0
25,2023-02-18,170.0,43,0.0,0.0
34,2023-02-18,150.0,70,0.0,0.0
38,2023-02-17,86.0,37,0.0,0.0
23,2023-02-17,109.0,25,0.0,0.0
14,2023-02-17,73.0,33,0.0,0.0
39,2023-02-17,15.0,3,0.0,0.0
32,2023-02-17,105.0,54,0.0,0.0
19,2023-02-16,147.0,68,0.0,0.0
22,2023-02-16,170.0,77,0.0,0.0
21,2023-02-16,105.0,72,0.0,0.0
20,2023-02-16,149.0,111,0.0,0.0
31,2023-02-16,69.0,34,0.0,0.0
35,2023-02-15,127.0,85,0.0,0.0
29,2023-02-15,110.5,82,0.0,0.0
17,2023-02-15,63.0,59,0.0,0.0
24,2023-02-15,130.0,68,0.0,0.0
18,2023-02-15,63.0,40,0.0,0.0
13,2023-02-14,73.0,44,0.0,0.0
15,2023-02-14,80.0,17,0.0,0.0
16,2023-02-14,87.0,38,0.0,0.0
39,2023-02-14,15.0,14,0.0,0.0
14,2023-02-14,108.0,42,0.0,0.0
11,2023-02-13,100.0,46,0.0,0.0
36,2023-02-13,23.0,10,0.0,0.0
10,2023-02-13,100.0,64,0.0,0.0
12,2023-02-13,77.0,65,0.0,0.0
28,2023-02-12,88.0,65,0.0,0.0
17,2023-02-11,184.0,128,0.0,0.0
27,2023-02-11,86.0,62,0.0,0.0
26,2023-02-11,75.0,65,0.0,0.0
34,2023-02-11,149.0,50,0.0,0.0
25,2023-02-11,157.0,50,0.0,0.0
38,2023-02-10,100.0,53,0.0,0.0
14,2023-02-10,80.0,32,0.0,0.0
23,2023-02-10,128.0,44,0.0,0.0
32,2023-02-10,94.0,49,0.0,0.0
39,2023-02-10,11.5,11,0.0,0.0
19,2023-02-09,135.0,51,0.0,0.0
20,2023-02-09,132.5,92,0.0,0.0
31,2023-02-09,79.0,34,0.0,0.0
22,2023-02-09,143.0,79,0.0,0.0
21,2023-02-09,92.0,54,0.0,0.0
17,2023-02-08,44.0,38,0.0,0.0
29,2023-02-08,114.0,77,0.0,0.0
24,2023-02-08,150.0,85,0.0,0.0
35,2023-02-08,104.0,60,0.0,0.0
18,2023-02-08,59.0,41,0.0,0.0
16,2023-02-07,85.0,69,0.0,0.0
14,2023-02-07,67.0,51,0.0,0.0
39,2023-02-07,15.0,10,0.0,0.0
15,2023-02-07,65.0,15,0.0,0.0
13,2023-02-07,91.0,53,0.0,0.0
12,2023-02-06,52.0,46,0.0,0.0
11,2023-02-06,87.0,42,0.0,0.0
36,2023-02-06,16.0,12,0.0,0.0
10,2023-02-06,90.0,69,0.0,0.0
28,2023-02-05,88.0,70,0.0,0.0
17,2023-02-04,139.0,112,0.0,0.0
34,2023-02-04,150.0,48,0.0,0.0
26,2023-02-04,96.0,70,0.0,0.0
25,2023-02-04,154.0,55,0.0,0.0
27,2023-02-04,52.0,42,0.0,0.0
39,2023-02-03,5.0,7,0.0,0.0
38,2023-02-03,60.0,30,0.0,0.0
23,2023-02-03,65.0,20,0.0,0.0
32,2023-02-03,63.0,33,0.0,0.0
14,2023-02-03,37.0,18,0.0,0.0
20,2023-02-02,111.0,73,0.0,0.0
31,2023-02-02,63.0,33,0.0,0.0
19,2023-02-02,100.0,49,0.0,0.0
21,2023-02-02,60.0,34,0.0,0.0
22,2023-02-02,133.0,73,0.0,0.0
29,2023-02-01,76.0,64,0.0,0.0
24,2023-02-01,150.0,60,0.0,0.0
18,2023-02-01,51.0,32,0.0,0.0
35,2023-02-01,128.5,75,0.0,0.0
17,2023-02-01,45.0,33,0.0,0.0
15,2023-01-31,66.0,19,0.0,0.0
39,2023-01-31,15.0,6,0.0,0.0
16,2023-01-31,68.0,58,0.0,0.0
13,2023-01-31,89.0,58,0.0,0.0
14,2023-01-31,82.0,37,0.0,0.0
11,2023-01-30,75.0,37,0.0,0.0
36,2023-01-30,14.0,4,0.0,0.0
10,2023-01-30,80.0,50,0.0,0.0
12,2023-01-30,55.0,38,0.0,0.0
28,2023-01-29,74.0,38,0.0,0.0
27,2023-01-28,64.0,50,0.0,0.0
17,2023-01-28,139.0,104,0.0,0.0
25,2023-01-28,145.0,54,0.0,0.0
26,2023-01-28,100.0,74,0.0,0.0
34,2023-01-28,100.0,54,0.0,0.0
38,2023-01-27,71.0,36,0.0,0.0
32,2023-01-27,112.0,60,0.0,0.0
14,2023-01-27,98.0,39,0.0,0.0
23,2023-01-27,89.0,44,0.0,0.0
31,2023-01-26,80.0,40,0.0,0.0
20,2023-01-26,123.0,101,0.0,0.0
22,2023-01-26,150.0,84,0.0,0.0
21,2023-01-26,80.0,52,0.0,0.0
19,2023-01-26,125.0,50,0.0,0.0
24,2023-01-25,139.0,75,0.0,0.0
35,2023-01-25,110.5,78,0.0,0.0
18,2023-01-25,53.0,46,0.0,0.0
29,2023-01-25,71.0,54,0.0,0.0
17,2023-01-25,52.0,46,0.0,0.0
13,2023-01-24,80.0,37,0.0,0.0
16,2023-01-24,71.5,51,0.0,0.0
15,2023-01-24,84.0,35,0.0,0.0
14,2023-01-24,89.0,39,0.0,0.0
39,2023-01-24,18.0,14,0.0,0.0
11,2023-01-23,83.0,59,0.0,0.0
12,2023-01-23,70.0,50,0.0,0.0
10,2023-01-23,100.0,53,0.0,0.0
28,2023-01-22,60.0,57,0.0,0.0
26,2023-01-21,90.0,65,0.0,0.0
25,2023-01-21,87.0,33,0.0,0.0
27,2023-01-21,53.0,44,0.0,0.0
36,2023-01-21,68.0,10,0.0,0.0
17,2023-01-21,119.0,83,0.0,0.0
38,2023-01-20,84.0,60,0.0,0.0
14,2023-01-20,101.0,39,0.0,0.0
39,2023-01-20,24.0,13,0.0,0.0
32,2023-01-20,127.0,52,0.0,0.0
23,2023-01-20,110.0,40,0.0,0.0
22,2023-01-19,135.0,90,0.0,0.0
19,2023-01-19,121.0,52,0.0,0.0
21,2023-01-19,77.0,55,0.0,0.0
31,2023-01-19,75.0,37,0.0,0.0
20,2023-01-19,123.0,90,0.0,0.0
17,2023-01-18,49.0,30,0.0,0.0
35,2023-01-18,100.0,45,0.0,0.0
24,2023-01-18,162.0,82,0.0,0.0
18,2023-01-18,52.0,32,0.0,0.0
29,2023-01-18,62.0,54,0.0,0.0
39,2023-01-17,16.0,3,0.0,0.0
14,2023-01-17,91.0,37,0.0,0.0
13,2023-01-17,91.0,46,0.0,0.0
15,2023-01-17,80.0,16,0.0,0.0
16,2023-01-17,72.0,51,0.0,0.0
12,2023-01-16,66.0,43,0.0,0.0
11,2023-01-16,103.0,42,0.0,0.0
10,2023-01-16,90.0,60,0.0,0.0
28,2023-01-15,67.0,48,0.0,0.0
25,2023-01-14,160.0,60,0.0,0.0
26,2023-01-14,105.0,83,0.0,0.0
36,2023-01-14,160.0,50,0.0,0.0
17,2023-01-14,183.0,105,0.0,0.0
27,2023-01-14,82.0,47,0.0,0.0
38,2023-01-13,79.0,50,0.0,0.0
32,2023-01-13,130.0,74,0.0,0.0
39,2023-01-13,17.0,10,0.0,0.0
23,2023-01-13,126.0,33,0.0,0.0
14,2023-01-13,103.0,29,0.0,0.0
31,2023-01-12,85.0,38,0.0,0.0
21,2023-01-12,89.0,52,0.0,0.0
22,2023-01-12,150.0,75,0.0,0.0
20,2023-01-12,149.0,117,0.0,0.0
19,2023-01-12,125.0,53,0.0,0.0
24,2023-01-11,127.0,62,0.0,0.0
17,2023-01-11,55.0,44,0.0,0.0
35,2023-01-11,143.0,85,0.0,0.0
29,2023-01-11,72.0,48,0.0,0.0
18,2023-01-11,59.0,40,0.0,0.0
15,2023-01-10,64.0,9,0.0,0.0
39,2023-01-10,22.0,18,0.0,0.0
16,2023-01-10,80.0,42,0.0,0.0
13,2023-01-10,72.0,52,0.0,0.0
14,2023-01-10,100.0,32,0.0,0.0
12,2023-01-09,64.0,58,0.0,0.0
10,2023-01-09,86.0,64,0.0,0.0
11,2023-01-09,98.0,53,0.0,0.0
28,2023-01-08,92.0,71,0.0,0.0
17,2023-01-07,154.0,73,0.0,0.0
26,2023-01-07,79.0,59,0.0,0.0
27,2023-01-07,74.0,45,0.0,0.0
25,2023-01-07,100.0,39,0.0,0.0
36,2023-01-07,127.0,33,0.0,0.0
20,2023-01-05,103.0,79,0.0,0.0
24,2023-01-04,103.0,47,0.0,0.0
17,2022-12-31,150.5,56,0.0,0.0
36,2022-12-31,175.0,48,0.0,0.0
25,2022-12-31,118.0,33,0.0,0.0
27,2022-12-31,54.0,28,0.0,0.0
26,2022-12-31,60.0,49,0.0,0.0
38,2022-12-30,70.0,20,0.0,0.0
14,2022-12-30,100.0,43,0.0,0.0
23,2022-12-30,95.0,24,0.0,0.0
32,2022-12-30,110.0,50,0.0,0.0
20,2022-12-29,82.0,69,0.0,0.0
21,2022-12-29,48.0,35,0.0,0.0
19,2022-12-29,90.0,28,0.0,0.0
22,2022-12-29,80.0,56,0.0,0.0
38,2022-12-23,70.0,16,0.0,0.0
14,2022-12-23,43.0,25,0.0,0.0
32,2022-12-23,90.0,25,0.0,0.0
25,2022-12-23,60.0,18,0.0,0.0
23,2022-12-23,77.0,11,0.0,0.0
22,2022-12-22,145.0,89,0.0,0.0
20,2022-12-22,158.5,111,0.0,0.0
21,2022-12-22,86.0,63,0.0,0.0
31,2022-12-22,76.0,27,0.0,0.0
19,2022-12-22,147.0,73,0.0,0.0
35,2022-12-21,129.0,51,0.0,0.0
29,2022-12-21,153.0,83,0.0,0.0
24,2022-12-21,160.0,70,0.0,0.0
17,2022-12-21,100.0,59,0.0,0.0
18,2022-12-21,63.0,45,0.0,0.0
13,2022-12-20,74.0,35,0.0,0.0
16,2022-12-20,89.0,52,0.0,0.0
39,2022-12-20,36.0,12,0.0,0.0
15,2022-12-20,100.0,29,0.0,0.0
14,2022-12-20,115.0,42,0.0,0.0
10,2022-12-19,100.0,72,0.0,0.0
11,2022-12-19,100.0,68,0.0,0.0
36,2022-12-19,23.0,19,0.0,0.0
12,2022-12-19,69.0,55,0.0,0.0
19,2022-12-18,250.0,81,0.0,0.0
28,2022-12-18,135.0,72,0.0,0.0
14,2022-12-18,124.0,57,0.0,0.0
36,2022-12-17,145.0,25,0.0,0.0
27,2022-12-17,78.0,53,0.0,0.0
26,2022-12-17,110.0,68,0.0,0.0
17,2022-12-17,224.0,126,0.0,0.0
25,2022-12-17,166.0,59,0.0,0.0
23,2022-12-16,110.0,46,0.0,0.0
38,2022-12-16,90.0,41,0.0,0.0
14,2022-12-16,86.0,30,0.0,0.0
39,2022-12-16,77.0,18,0.0,0.0
32,2022-12-16,110.0,53,0.0,0.0
19,2022-12-15,177.0,47,0.0,0.0
22,2022-12-15,160.0,75,0.0,0.0
20,2022-12-15,143.0,110,0.0,0.0
31,2022-12-15,63.0,43,0.0,0.0
21,2022-12-15,79.0,51,0.0,0.0
18,2022-12-14,50.0,34,0.0,0.0
35,2022-12-14,105.0,42,0.0,0.0
24,2022-12-14,150.0,63,0.0,0.0
29,2022-12-14,149.0,73,0.0,0.0
17,2022-12-14,56.0,43,0.0,0.0
13,2022-12-13,81.0,44,0.0,0.0
16,2022-12-13,89.5,46,0.0,0.0
14,2022-12-13,78.0,35,0.0,0.0
15,2022-12-13,100.0,15,0.0,0.0
39,2022-12-13,36.0,14,0.0,0.0
12,2022-12-12,78.0,60,0.0,0.0
11,2022-12-12,95.0,56,0.0,0.0
36,2022-12-12,32.5,27,0.0,0.0
10,2022-12-12,100.0,70,0.0,0.0
28,2022-12-11,101.0,60,0.0,0.0
14,2022-12-11,111.0,42,0.0,0.0
25,2022-12-10,175.0,64,0.0,0.0
27,2022-12-10,98.0,58,0.0,0.0
39,2022-12-10,109.0,25,0.0,0.0
17,2022-12-10,200.0,112,0.0,0.0
38,2022-12-09,65.0,30,0.0,0.0
23,2022-12-09,110.0,54,0.0,0.0
39,2022-12-09,27.0,18,0.0,0.0
14,2022-12-09,101.0,36,0.0,0.0
32,2022-12-09,123.0,71,0.0,0.0
31,2022-12-08,48.0,23,0.0,0.0
19,2022-12-08,138.0,44,0.0,0.0
21,2022-12-08,100.0,56,0.0,0.0
20,2022-12-08,157.0,113,0.0,0.0
22,2022-12-08,150.0,51,0.0,0.0
17,2022-12-07,57.0,49,0.0,0.0
24,2022-12-07,150.0,74,0.0,0.0
18,2022-12-07,65.0,36,0.0,0.0
35,2022-12-07,140.0,60,0.0,0.0
29,2022-12-07,111.5,64,0.0,0.0
16,2022-12-06,66.5,49,0.0,0.0
14,2022-12-06,96.5,45,0.0,0.0
39,2022-12-06,39.0,19,0.0,0.0
13,2022-12-06,78.0,38,0.0,0.0
15,2022-12-06,56.5,16,0.0,0.0
10,2022-12-05,100.0,63,0.0,0.0
12,2022-12-05,72.0,46,0.0,0.0
36,2022-12-05,26.0,22,0.0,0.0
11,2022-12-05,80.0,46,0.0,0.0
28,2022-12-04,99.0,68,0.0,0.0
25,2022-12-03,142.0,56,0.0,0.0
27,2022-12-03,70.0,38,0.0,0.0
17,2022-12-03,165.0,98,0.0,0.0
26,2022-12-03,102.0,81,0.0,0.0
39,2022-12-02,19.0,12,0.0,0.0
23,2022-12-02,112.0,21,0.0,0.0
32,2022-12-02,125.0,68,0.0,0.0
38,2022-12-02,105.0,64,0.0,0.0
14,2022-12-02,85.0,33,0.0,0.0
31,2022-12-01,61.0,27,0.0,0.0
19,2022-12-01,145.0,72,0.0,0.0
22,2022-12-01,130.0,40,0.0,0.0
20,2022-12-01,144.0,95,0.0,0.0
21,2022-12-01,107.0,58,0.0,0.0
29,2022-11-30,127.0,71,0.0,0.0
18,2022-11-30,46.0,26,0.0,0.0
35,2022-11-30,119.0,64,0.0,0.0
24,2022-11-30,150.0,86,0.0,0.0
17,2022-11-30,76.0,49,0.0,0.0
16,2022-11-29,82.0,55,0.0,0.0
13,2022-11-29,70.0,48,0.0,0.0
15,2022-11-29,80.0,28,0.0,0.0
39,2022-11-29,37.0,20,0.0,0.0
14,2022-11-29,106.0,33,0.0,0.0
12,2022-11-28,70.0,58,0.0,0.0
36,2022-11-28,21.0,8,0.0,0.0
11,2022-11-28,95.0,51,0.0,0.0
10,2022-11-28,109.0,75,0.0,0.0
28,2022-11-27,88.0,48,0.0,0.0
25,2022-11-26,155.0,43,0.0,0.0
27,2022-11-26,82.0,53,0.0,0.0
26,2022-11-26,100.0,77,0.0,0.0
17,2022-11-26,189.5,98,0.0,0.0
38,2022-11-25,100.0,42,0.0,0.0
23,2022-11-25,132.0,42,0.0,0.0
14,2022-11-25,83.0,37,0.0,0.0
39,2022-11-25,24.0,26,0.0,0.0
32,2022-11-25,127.0,64,0.0,0.0
19,2022-11-24,143.0,52,0.0,0.0
21,2022-11-24,85.0,51,0.0,0.0
31,2022-11-24,77.0,39,0.0,0.0
20,2022-11-24,137.5,90,0.0,0.0
22,2022-11-24,180.0,76,0.0,0.0
17,2022-11-23,66.0,44,0.0,0.0
24,2022-11-23,135.0,74,0.0,0.0
35,2022-11-23,119.0,55,0.0,0.0
18,2022-11-23,53.5,47,0.0,0.0
29,2022-11-23,129.0,79,0.0,0.0
15,2022-11-22,95.0,15,0.0,0.0
13,2022-11-22,77.0,45,0.0,0.0
14,2022-11-22,115.0,40,0.0,0.0
16,2022-11-22,80.0,53,0.0,0.0
39,2022-11-22,28.0,11,0.0,0.0
12,2022-11-21,74.0,49,0.0,0.0
11,2022-11-21,75.0,28,0.0,0.0
36,2022-11-21,29.0,18,0.0,0.0
10,2022-11-21,100.0,78,0.0,0.0
28,2022-11-20,98.0,51,0.0,0.0
25,2022-11-19,182.0,65,0.0,0.0
27,2022-11-19,102.0,64,0.0,0.0
17,2022-11-19,212.5,121,0.0,0.0
26,2022-11-19,105.0,72,0.0,0.0
39,2022-11-18,36.0,12,0.0,0.0
38,2022-11-18,100.0,56,0.0,0.0
23,2022-11-18,142.0,56,0.0,0.0
14,2022-11-18,105.0,46,0.0,0.0
32,2022-11-18,115.0,73,0.0,0.0
19,2022-11-17,135.0,53,0.0,0.0
21,2022-11-17,100.0,62,0.0,0.0
31,2022-11-17,72.0,31,0.0,0.0
20,2022-11-17,150.0,100,0.0,0.0
22,2022-11-17,140.0,65,0.0,0.0
29,2022-11-16,139.0,83,0.0,0.0
17,2022-11-16,76.0,40,0.0,0.0
24,2022-11-16,135.0,51,0.0,0.0
18,2022-11-16,64.5,29,0.0,0.0
35,2022-11-16,125.0,45,0.0,0.0
13,2022-11-15,79.0,37,0.0,0.0
14,2022-11-15,140.0,67,0.0,0.0
39,2022-11-15,53.0,20,0.0,0.0
16,2022-11-15,99.0,49,0.0,0.0
15,2022-11-15,105.0,30,0.0,0.0
36,2022-11-14,36.0,19,0.0,0.0
12,2022-11-14,72.0,39,0.0,0.0
11,2022-11-14,105.0,60,0.0,0.0
10,2022-11-14,120.0,82,0.0,0.0
28,2022-11-13,90.0,46,0.0,0.0
27,2022-11-12,90.0,43,0.0,0.0
26,2022-11-12,100.0,57,0.0,0.0
17,2022-11-12,235.0,106,0.0,0.0
25,2022-11-12,200.0,40,0.0,0.0
22,2022-11-10,195.0,81,0.0,0.0
19,2022-11-10,175.0,57,0.0,0.0
31,2022-11-10,72.0,31,0.0,0.0
21,2022-11-10,115.0,49,0.0,0.0
20,2022-11-10,187.0,113,0.0,0.0
29,2022-11-09,199.0,81,0.0,0.0
17,2022-11-09,100.0,54,0.0,0.0
18,2022-11-09,68.0,35,0.0,0.0
24,2022-11-09,130.0,30,0.0,0.0
35,2022-11-09,164.0,63,0.0,0.0
16,2022-11-08,71.0,33,0.0,0.0
39,2022-11-08,53.0,7,0.0,0.0
15,2022-11-08,115.0,11,0.0,0.0
13,2022-11-08,83.0,33,0.0,0.0
14,2022-11-08,130.0,47,0.0,0.0
36,2022-11-07,30.0,22,0.0,0.0
10,2022-11-07,115.0,59,0.0,0.0
12,2022-11-07,76.0,47,0.0,0.0
11,2022-11-07,95.0,30,0.0,0.0
28,2022-11-06,90.0,48,0.0,0.0
25,2022-11-05,155.0,40,0.0,0.0
17,2022-11-05,209.0,120,0.0,0.0
27,2022-11-05,77.0,40,0.0,0.0
26,2022-11-05,116.0,75,0.0,0.0
38,2022-11-04,76.0,31,0.0,0.0
39,2022-11-04,27.0,13,0.0,0.0
23,2022-11-04,142.0,39,0.0,0.0
14,2022-11-04,100.0,29,0.0,0.0
32,2022-11-04,126.0,47,0.0,0.0
20,2022-11-03,93.0,60,0.0,0.0
21,2022-11-03,84.0,42,0.0,0.0
19,2022-11-03,93.0,37,0.0,0.0
31,2022-11-03,48.0,17,0.0,0.0
22,2022-11-03,129.0,45,0.0,0.0
29,2022-11-02,65.0,26,0.0,0.0
35,2022-11-02,75.0,18,0.0,0.0
24,2022-11-02,77.0,26,0.0,0.0
38,2022-10-31,109.0,50,0.0,0.0
10,2022-10-31,105.0,70,0.0,0.0
12,2022-10-31,76.0,54,0.0,0.0
11,2022-10-31,120.0,46,0.0,0.0
28,2022-10-30,115.0,65,0.0,0.0
14,2022-10-30,171.0,57,0.0,0.0
19,2022-10-30,240.0,42,0.0,0.0
25,2022-10-29,223.0,66,0.0,0.0
17,2022-10-29,300.0,161,0.0,0.0
27,2022-10-29,97.0,44,0.0,0.0
26,2022-10-29,110.0,72,0.0,0.0
38,2022-10-28,85.0,41,0.0,0.0
32,2022-10-28,120.0,50,0.0,0.0
14,2022-10-28,120.0,32,0.0,0.0
39,2022-10-28,41.0,8,0.0,0.0
23,2022-10-28,192.0,42,0.0,0.0
20,2022-10-27,160.0,124,0.0,0.0
19,2022-10-27,200.0,52,0.0,0.0
21,2022-10-27,135.0,64,0.0,0.0
22,2022-10-27,180.0,70,0.0,0.0
31,2022-10-27,62.0,30,0.0,0.0
17,2022-10-26,98.0,45,0.0,0.0
35,2022-10-26,134.0,43,0.0,0.0
29,2022-10-26,216.0,76,0.0,0.0
24,2022-10-26,160.0,46,0.0,0.0
18,2022-10-26,70.0,34,0.0,0.0
15,2022-10-25,132.0,13,0.0,0.0
16,2022-10-25,70.0,43,0.0,0.0
39,2022-10-25,60.0,11,0.0,0.0
13,2022-10-25,105.0,40,0.0,0.0
14,2022-10-25,165.0,50,0.0,0.0
12,2022-10-24,75.0,55,0.0,0.0
10,2022-10-24,95.0,48,0.0,0.0
11,2022-10-24,105.0,44,0.0,0.0
28,2022-10-23,119.0,90,0.0,0.0
25,2022-10-22,204.0,37,0.0,0.0
26,2022-10-22,124.0,58,0.0,0.0
17,2022-10-22,225.0,105,0.0,0.0
27,2022-10-22,98.0,42,0.0,0.0
14,2022-10-21,145.0,28,0.0,0.0
32,2022-10-21,125.0,55,0.0,0.0
23,2022-10-21,165.0,39,0.0,0.0
38,2022-10-21,114.0,47,0.0,0.0
39,2022-10-21,56.0,21,0.0,0.0
31,2022-10-20,64.0,28,0.0,0.0
22,2022-10-20,175.0,68,0.0,0.0
21,2022-10-20,111.0,59,0.0,0.0
20,2022-10-20,169.0,107,0.0,0.0
19,2022-10-20,199.0,78,0.0,0.0
35,2022-10-19,170.0,67,0.0,0.0
18,2022-10-19,70.5,26,0.0,0.0
17,2022-10-19,95.0,53,0.0,0.0
24,2022-10-19,165.0,52,0.0,0.0
29,2022-10-19,187.0,69,0.0,0.0
13,2022-10-18,80.0,48,0.0,0.0
39,2022-10-18,63.0,13,0.0,0.0
14,2022-10-18,160.0,43,0.0,0.0
16,2022-10-18,77.5,34,0.0,0.0
15,2022-10-18,123.0,21,0.0,0.0
11,2022-10-17,100.0,42,0.0,0.0
12,2022-10-17,74.0,56,0.0,0.0
10,2022-10-17,95.0,41,0.0,0.0
28,2022-10-16,150.0,62,0.0,0.0
25,2022-10-15,202.0,50,0.0,0.0
26,2022-10-15,136.0,63,0.0,0.0
27,2022-10-15,114.0,73,0.0,0.0
17,2022-10-15,300.0,159,0.0,0.0
32,2022-10-14,120.0,36,0.0,0.0
14,2022-10-14,125.0,30,0.0,0.0
23,2022-10-14,180.0,26,0.0,0.0
38,2022-10-14,129.0,46,0.0,0.0
39,2022-10-14,69.0,22,0.0,0.0
31,2022-10-13,73.0,30,0.0,0.0
20,2022-10-13,194.5,103,0.0,0.0
19,2022-10-13,200.0,75,0.0,0.0
21,2022-10-13,118.0,55,0.0,0.0
22,2022-10-13,175.0,59,0.0,0.0
35,2022-10-12,130.0,46,0.0,0.0
24,2022-10-12,155.0,57,0.0,0.0
18,2022-10-12,83.0,36,0.0,0.0
17,2022-10-12,90.0,38,0.0,0.0
29,2022-10-12,205.0,67,0.0,0.0
16,2022-10-11,84.0,50,0.0,0.0
14,2022-10-11,165.0,64,0.0,0.0
15,2022-10-11,120.0,38,0.0,0.0
13,2022-10-11,90.0,44,0.0,0.0
39,2022-10-11,77.0,25,0.0,0.0
12,2022-10-10,78.0,51,0.0,0.0
11,2022-10-10,78.0,34,0.0,0.0
10,2022-10-10,100.0,35,0.0,0.0
28,2022-10-09,100.0,48,0.0,0.0
17,2022-10-08,275.0,124,0.0,0.0
26,2022-10-08,105.0,69,0.0,0.0
27,2022-10-08,124.0,42,0.0,0.0
25,2022-10-08,210.0,54,0.0,0.0
14,2022-10-07,115.0,27,0.0,0.0
39,2022-10-07,53.0,19,0.0,0.0
38,2022-10-07,110.0,42,0.0,0.0
23,2022-10-07,155.0,40,0.0,0.0
32,2022-10-07,145.0,54,0.0,0.0
31,2022-10-06,51.0,21,0.0,0.0
20,2022-10-06,190.0,126,0.0,0.0
21,2022-10-06,110.0,48,0.0,0.0
19,2022-10-06,201.0,72,0.0,0.0
22,2022-10-06,160.0,56,0.0,0.0
18,2022-10-05,63.0,34,0.0,0.0
17,2022-10-05,84.0,64,0.0,0.0
35,2022-10-05,149.0,51,0.0,0.0
29,2022-10-05,201.0,82,0.0,0.0
24,2022-10-05,155.0,50,0.0,0.0
39,2022-10-04,44.5,16,0.0,0.0
13,2022-10-04,87.0,48,0.0,0.0
15,2022-10-04,115.0,9,0.0,0.0
14,2022-10-04,129.0,39,0.0,0.0
16,2022-10-04,70.5,29,0.0,0.0
10,2022-10-03,95.0,57,0.0,0.0
12,2022-10-03,75.0,43,0.0,0.0
34,2022-10-03,12.0,6,0.0,0.0
11,2022-10-03,95.0,42,0.0,0.0
28,2022-10-02,85.0,52,0.0,0.0
25,2022-10-01,185.0,45,0.0,0.0
27,2022-10-01,102.0,57,0.0,0.0
17,2022-10-01,250.0,108,0.0,0.0
26,2022-10-01,111.0,84,0.0,0.0
23,2022-09-30,180.0,46,0.0,0.0
38,2022-09-30,105.0,22,0.0,0.0
14,2022-09-30,130.0,24,0.0,0.0
39,2022-09-30,52.0,12,0.0,0.0
32,2022-09-30,110.0,27,0.0,0.0
19,2022-09-29,186.0,61,0.0,0.0
20,2022-09-29,187.0,111,0.0,0.0
21,2022-09-29,115.0,39,0.0,0.0
31,2022-09-29,60.0,31,0.0,0.0
22,2022-09-29,172.0,65,0.0,0.0
24,2022-09-28,140.0,36,0.0,0.0
17,2022-09-28,95.0,55,0.0,0.0
29,2022-09-28,187.0,82,0.0,0.0
18,2022-09-28,48.0,23,0.0,0.0
35,2022-09-28,149.0,41,0.0,0.0
15,2022-09-27,97.0,14,0.0,0.0
14,2022-09-27,145.0,37,0.0,0.0
16,2022-09-27,64.0,35,0.0,0.0
39,2022-09-27,43.5,14,0.0,0.0
13,2022-09-27,64.0,27,0.0,0.0
10,2022-09-26,105.0,47,0.0,0.0
12,2022-09-26,65.0,37,0.0,0.0
34,2022-09-26,24.0,6,0.0,0.0
11,2022-09-26,100.0,46,0.0,0.0
28,2022-09-25,104.5,58,0.0,0.0
27,2022-09-24,129.0,56,0.0,0.0
26,2022-09-24,105.0,59,0.0,0.0
17,2022-09-24,271.0,104,0.0,0.0
25,2022-09-24,211.0,35,0.0,0.0
14,2022-09-23,142.0,32,0.0,0.0
23,2022-09-23,190.0,28,0.0,0.0
39,2022-09-23,60.0,27,0.0,0.0
38,2022-09-23,154.0,61,0.0,0.0
32,2022-09-23,143.0,40,0.0,0.0
19,2022-09-22,189.0,54,0.0,0.0
20,2022-09-22,199.5,125,0.0,0.0
21,2022-09-22,107.0,49,0.0,0.0
22,2022-09-22,175.0,78,0.0,0.0
31,2022-09-22,70.0,19,0.0,0.0
35,2022-09-21,175.0,71,0.0,0.0
17,2022-09-21,95.0,55,0.0,0.0
24,2022-09-21,153.5,57,0.0,0.0
18,2022-09-21,60.0,36,0.0,0.0
29,2022-09-21,207.5,93,0.0,0.0
14,2022-09-20,140.0,44,0.0,0.0
34,2022-09-20,41.0,6,0.0,0.0
13,2022-09-20,81.0,42,0.0,0.0
16,2022-09-20,74.0,36,0.0,0.0
15,2022-09-20,113.0,15,0.0,0.0
12,2022-09-19,75.0,45,0.0,0.0
10,2022-09-19,100.0,45,0.0,0.0
11,2022-09-19,100.0,53,0.0,0.0
28,2022-09-18,105.0,52,0.0,0.0
26,2022-09-17,131.0,82,0.0,0.0
17,2022-09-17,245.0,95,0.0,0.0
25,2022-09-17,188.0,31,0.0,0.0
27,2022-09-17,98.0,49,0.0,0.0
14,2022-09-16,135.0,26,0.0,0.0
32,2022-09-16,120.0,24,0.0,0.0
23,2022-09-16,185.0,45,0.0,0.0
38,2022-09-16,150.0,63,0.0,0.0
34,2022-09-16,11.5,1,0.0,0.0
22,2022-09-15,160.0,62,0.0,0.0
19,2022-09-15,201.0,72,0.0,0.0
21,2022-09-15,126.5,55,0.0,0.0
31,2022-09-15,43.0,11,0.0,0.0
20,2022-09-15,195.0,117,0.0,0.0
17,2022-09-14,100.0,59,0.0,0.0
29,2022-09-14,232.0,100,0.0,0.0
24,2022-09-14,170.0,46,0.0,0.0
35,2022-09-14,150.0,60,0.0,0.0
16,2022-09-13,88.0,34,0.0,0.0
13,2022-09-13,73.0,31,0.0,0.0
34,2022-09-13,32.0,15,0.0,0.0
15,2022-09-13,124.0,9,0.0,0.0
14,2022-09-13,175.0,34,0.0,0.0
11,2022-09-12,125.0,61,0.0,0.0
10,2022-09-12,95.0,47,0.0,0.0
12,2022-09-12,84.0,49,0.0,0.0
36,2022-09-11,50.0,0,0.0,0.0
28,2022-09-11,110.0,74,0.0,0.0
26,2022-09-10,115.0,58,0.0,0.0
25,2022-09-10,194.0,43,0.0,0.0
17,2022-09-10,283.0,141,0.0,0.0
27,2022-09-10,99.0,43,0.0,0.0
32,2022-09-09,143.0,52,5.0,0.0
38,2022-09-09,136.0,70,4.0,0.0
14,2022-09-09,122.0,31,0.0,0.0
23,2022-09-09,190.0,52,0.0,0.0
31,2022-09-08,55.0,19,2.0,0.0
20,2022-09-08,184.5,105,15.0,0.0
22,2022-09-08,155.0,52,10.0,0.0
21,2022-09-08,130.0,58,10.0,0.0
19,2022-09-08,180.0,58,2.0,0.0
35,2022-09-07,130.0,55,20.0,0.0
29,2022-09-07,203.0,89,2.0,0.0
24,2022-09-07,180.0,44,4.0,0.0
18,2022-09-07,63.0,27,1.0,0.0
17,2022-09-07,110.0,47,16.0,0.0
34,2022-09-06,28.0,11,2.0,0.0
14,2022-09-06,159.0,44,11.0,0.0
13,2022-09-06,100.0,61,9.0,0.0
16,2022-09-06,65.0,26,7.0,0.0
15,2022-09-06,132.0,22,0.0,0.0
11,2022-09-05,125.0,67,7.0,0.0
10,2022-09-05,100.0,43,8.0,0.0
12,2022-09-05,67.0,41,6.0,0.0
14,2022-09-05,50.0,44,56.0,0.0
28,2022-09-04,130.0,84,3.0,0.0
25,2022-09-03,231.0,40,8.0,0.0
17,2022-09-03,309.0,125,26.0,0.0
27,2022-09-03,95.0,56,13.0,0.0
26,2022-09-03,130.0,115,2.0,0.0
14,2022-09-02,145.0,25,8.0,0.0
34,2022-09-02,68.0,21,18.0,0.0
23,2022-09-02,160.0,38,2.0,0.0
32,2022-09-02,150.0,40,12.0,0.0
31,2022-09-01,72.0,21,11.0,0.0
22,2022-09-01,190.0,49,10.0,0.0
19,2022-09-01,200.0,60,2.0,0.0
20,2022-09-01,204.0,101,12.0,0.0
21,2022-09-01,119.5,44,21.0,0.0
17,2022-08-31,109.5,54,14.0,0.0
18,2022-08-31,59.0,27,7.0,0.0
35,2022-08-31,150.0,47,30.0,0.0
24,2022-08-31,200.0,62,14.0,0.0
29,2022-08-31,205.0,98,3.0,0.0
13,2022-08-30,92.0,37,3.0,0.0
15,2022-08-30,119.0,12,0.0,0.0
14,2022-08-30,170.0,41,8.0,0.0
16,2022-08-30,90.0,29,9.0,0.0
34,2022-08-30,39.0,7,10.0,0.0
10,2022-08-29,100.0,52,8.0,0.0
12,2022-08-29,75.0,45,6.0,0.0
11,2022-08-29,111.0,44,15.0,0.0
28,2022-08-28,85.0,54,0.0,0.0
17,2022-08-27,285.0,113,18.0,0.0
26,2022-08-27,135.0,78,0.0,0.0
27,2022-08-27,115.0,51,8.0,0.0
25,2022-08-27,195.0,45,8.0,0.0
14,2022-08-26,132.0,17,3.0,0.0
32,2022-08-26,148.0,45,16.0,0.0
23,2022-08-26,172.0,32,0.0,0.0
19,2022-08-25,207.0,58,14.0,0.0
20,2022-08-25,239.0,120,36.0,0.0
31,2022-08-25,51.5,25,7.0,0.0
22,2022-08-25,150.0,41,5.0,0.0
21,2022-08-25,124.0,50,11.0,0.0
35,2022-08-24,155.0,54,15.0,0.0
17,2022-08-24,115.0,50,11.0,0.0
18,2022-08-24,70.0,29,1.0,0.0
29,2022-08-24,207.0,92,6.0,0.0
24,2022-08-24,190.0,67,15.0,0.0
14,2022-08-23,110.0,19,7.0,0.0
15,2022-08-23,76.0,10,0.0,0.0
16,2022-08-23,90.0,46,4.0,0.0
34,2022-08-23,28.0,6,18.0,0.0
13,2022-08-23,105.0,45,8.0,0.0
10,2022-08-22,100.0,38,1.0,0.0
12,2022-08-22,75.0,44,0.0,0.0
11,2022-08-22,104.0,48,16.0,0.0
28,2022-08-21,65.0,48,5.0,0.0
26,2022-08-20,145.0,86,4.0,0.0
12,2022-08-20,144.0,24,0.0,0.0
27,2022-08-20,125.0,53,8.0,0.0
25,2022-08-20,231.0,43,11.0,0.0
17,2022-08-20,310.0,135,14.0,0.0
14,2022-08-19,105.0,33,18.0,0.0
32,2022-08-19,115.0,33,23.0,0.0
23,2022-08-19,170.0,35,3.0,0.0
21,2022-08-18,110.0,47,15.0,0.0
19,2022-08-18,162.0,55,16.0,0.0
22,2022-08-18,154.0,52,19.0,0.0
31,2022-08-18,50.0,23,9.0,0.0
20,2022-08-18,235.0,138,26.0,0.0
29,2022-08-17,147.0,68,5.0,0.0
24,2022-08-17,180.0,63,10.0,0.0
35,2022-08-17,120.0,49,28.0,0.0
18,2022-08-17,46.0,19,1.0,0.0
17,2022-08-17,109.0,45,16.0,0.0
14,2022-08-16,110.0,34,15.0,0.0
16,2022-08-16,68.0,42,8.0,0.0
15,2022-08-16,80.0,15,3.0,0.0
13,2022-08-16,70.0,38,11.0,0.0
28,2022-08-14,112.0,68,14.0,0.0
17,2022-08-13,344.5,152,36.0,0.0
26,2022-08-13,135.0,86,3.0,0.0
27,2022-08-13,115.0,52,16.0,0.0
25,2022-08-13,228.0,56,4.0,0.0
18,2022-08-12,50.0,22,7.0,0.0
14,2022-08-12,145.0,29,6.0,0.0
32,2022-08-12,140.0,45,22.0,0.0
23,2022-08-12,190.0,23,0.0,0.0
19,2022-08-11,207.0,55,4.0,0.0
20,2022-08-11,279.0,139,34.0,0.0
21,2022-08-11,123.0,53,18.0,0.0
22,2022-08-11,160.0,57,19.0,0.0
24,2022-08-10,160.0,49,17.0,0.0
29,2022-08-10,193.5,75,12.0,0.0
35,2022-08-10,133.0,51,14.0,0.0
17,2022-08-10,137.5,70,17.0,0.0
15,2022-08-09,118.0,12,0.0,0.0
13,2022-08-09,115.0,44,11.0,0.0
16,2022-08-09,95.0,41,0.0,0.0
14,2022-08-09,175.0,60,23.0,0.0
11,2022-08-08,115.0,57,9.0,0.0
10,2022-08-08,105.0,53,18.0,0.0
12,2022-08-08,78.0,33,8.0,0.0
28,2022-08-07,120.0,60,15.0,0.0
25,2022-08-06,208.0,40,9.0,0.0
26,2022-08-06,111.0,69,3.0,0.0
27,2022-08-06,106.0,51,5.0,0.0
17,2022-08-06,340.0,135,15.0,0.0
23,2022-08-05,160.0,42,0.0,0.0
18,2022-08-05,47.0,23,5.0,0.0
14,2022-08-05,135.0,40,20.0,0.0
32,2022-08-05,130.0,37,36.0,0.0
21,2022-08-04,101.0,48,7.0,0.0
20,2022-08-04,243.0,129,46.0,0.0
22,2022-08-04,150.0,41,16.0,0.0
19,2022-08-04,179.0,59,14.0,0.0
24,2022-08-03,160.0,56,20.0,0.0
17,2022-08-03,140.0,69,13.0,0.0
35,2022-08-03,138.0,45,36.0,0.0
29,2022-08-03,220.0,93,7.0,0.0
14,2022-08-02,145.0,39,12.0,0.0
13,2022-08-02,95.0,47,8.0,0.0
16,2022-08-02,94.0,53,8.0,0.0
15,2022-08-02,135.0,10,0.0,0.0
10,2022-08-01,110.0,48,16.0,0.0
12,2022-08-01,70.0,35,5.0,0.0
11,2022-08-01,115.0,50,15.0,0.0
28,2022-07-31,131.0,64,3.0,0.0
27,2022-07-30,92.0,43,13.0,0.0
26,2022-07-30,100.0,60,0.0,0.0
25,2022-07-30,185.0,35,11.0,0.0
17,2022-07-30,240.0,112,10.0,0.0
18,2022-07-29,59.0,23,4.0,0.0
32,2022-07-29,120.0,29,34.0,0.0
23,2022-07-29,190.0,37,8.0,0.0
14,2022-07-29,140.0,37,9.0,0.0
19,2022-07-28,215.0,58,13.0,0.0
21,2022-07-28,117.0,54,8.0,0.0
22,2022-07-28,180.0,61,23.0,0.0
20,2022-07-28,250.0,137,18.0,0.0
24,2022-07-27,165.0,39,19.0,0.0
17,2022-07-27,140.0,51,10.0,0.0
29,2022-07-27,220.0,72,14.0,0.0
35,2022-07-27,125.0,33,16.0,0.0
14,2022-07-26,145.0,31,4.0,0.0
13,2022-07-26,81.0,33,6.0,0.0
16,2022-07-26,80.0,42,4.0,0.0
15,2022-07-26,128.0,15,7.0,0.0
11,2022-07-25,115.0,56,13.0,0.0
12,2022-07-25,79.0,31,9.0,0.0
10,2022-07-25,80.0,30,6.0,0.0
28,2022-07-24,113.0,52,5.0,0.0
25,2022-07-23,213.0,34,3.0,0.0
17,2022-07-23,323.5,158,21.0,0.0
26,2022-07-23,139.0,55,0.0,0.0
27,2022-07-23,105.0,50,15.0,0.0
23,2022-07-22,170.0,27,2.0,0.0
18,2022-07-22,59.0,29,12.0,0.0
14,2022-07-22,98.0,18,20.0,0.0
32,2022-07-22,130.0,39,50.0,0.0
21,2022-07-21,115.0,46,16.0,0.0
22,2022-07-21,120.0,29,29.0,0.0
20,2022-07-21,215.0,100,15.0,0.0
19,2022-07-21,170.0,46,20.0,0.0
24,2022-07-20,175.0,46,24.0,0.0
17,2022-07-20,139.0,48,35.0,0.0
29,2022-07-20,160.0,41,8.0,0.0
35,2022-07-20,120.0,51,54.0,0.0
13,2022-07-19,75.0,32,7.0,0.0
15,2022-07-19,99.0,5,0.0,0.0
14,2022-07-19,135.0,35,25.0,0.0
16,2022-07-19,78.0,41,5.0,0.0
10,2022-07-18,80.0,37,12.0,0.0
12,2022-07-18,66.0,36,12.0,0.0
11,2022-07-18,95.0,45,19.0,0.0
28,2022-07-17,115.0,70,9.0,0.0
25,2022-07-16,231.0,43,5.0,0.0
17,2022-07-16,329.5,126,15.0,0.0
26,2022-07-16,135.0,72,0.0,0.0
27,2022-07-16,114.0,46,9.0,0.0
18,2022-07-15,58.0,19,2.0,0.0
14,2022-07-15,120.0,36,10.0,0.0
23,2022-07-15,180.0,28,0.0,0.0
32,2022-07-15,150.0,38,37.0,0.0
22,2022-07-14,180.0,70,35.0,0.0
20,2022-07-14,241.5,124,30.0,0.0
19,2022-07-14,201.0,69,12.0,0.0
21,2022-07-14,115.0,56,26.0,0.0
29,2022-07-13,198.0,57,9.0,0.0
17,2022-07-13,130.0,52,15.0,0.0
35,2022-07-13,149.5,51,44.0,0.0
24,2022-07-13,150.0,51,32.0,0.0
13,2022-07-12,80.0,31,7.0,0.0
15,2022-07-12,140.0,33,6.0,0.0
14,2022-07-12,155.0,31,4.0,0.0
16,2022-07-12,89.0,42,13.0,0.0
11,2022-07-11,99.0,35,14.0,0.0
10,2022-07-11,100.0,35,20.0,0.0
12,2022-07-11,77.0,43,3.0,0.0
28,2022-07-10,125.0,60,4.0,0.0
26,2022-07-09,130.0,105,2.0,0.0
27,2022-07-09,108.0,39,16.0,0.0
17,2022-07-09,295.5,118,14.0,0.0
25,2022-07-09,224.0,46,8.0,0.0
23,2022-07-08,185.0,29,12.0,0.0
32,2022-07-08,125.0,24,47.0,0.0
14,2022-07-08,109.0,23,12.0,0.0
18,2022-07-08,48.0,20,4.0,0.0
21,2022-07-07,117.5,40,2.0,0.0
20,2022-07-07,245.0,126,15.0,0.0
22,2022-07-07,155.0,53,38.0,0.0
19,2022-07-07,195.0,56,15.0,0.0
17,2022-07-06,120.0,38,7.0,0.0
24,2022-07-06,185.0,58,22.0,0.0
35,2022-07-06,130.0,39,13.0,0.0
29,2022-07-06,208.0,85,3.0,0.0
15,2022-07-05,108.0,8,0.0,0.0
16,2022-07-05,89.0,41,18.0,0.0
13,2022-07-05,80.0,56,11.0,0.0
14,2022-07-05,120.0,32,10.0,0.0
12,2022-07-04,70.0,33,6.0,0.0
11,2022-07-04,115.0,42,15.0,0.0
10,2022-07-04,90.0,35,18.0,0.0
28,2022-07-03,108.5,45,12.0,0.0
27,2022-07-02,99.0,40,18.0,0.0
25,2022-07-02,233.0,57,18.0,0.0
26,2022-07-02,125.0,68,0.0,0.0
17,2022-07-02,294.0,124,30.0,0.0
14,2022-07-01,90.0,24,23.0,0.0
23,2022-07-01,146.0,25,8.0,0.0
18,2022-07-01,56.0,26,15.0,0.0
32,2022-07-01,120.0,30,45.0,0.0
21,2022-06-30,81.0,37,4.0,0.0
20,2022-06-30,205.0,111,3.0,0.0
22,2022-06-30,135.0,47,16.0,0.0
19,2022-06-30,179.0,54,7.0,0.0
17,2022-06-29,95.0,35,12.0,0.0
29,2022-06-29,199.0,76,10.0,0.0
35,2022-06-29,140.0,58,25.0,0.0
24,2022-06-29,160.0,62,16.0,0.0
14,2022-06-28,145.0,41,16.0,0.0
16,2022-06-28,80.0,47,13.0,0.0
15,2022-06-28,100.0,17,6.0,0.0
13,2022-06-28,85.0,39,15.0,0.0
10,2022-06-27,85.0,49,20.0,0.0
12,2022-06-27,62.0,26,12.0,0.0
11,2022-06-27,90.0,32,11.0,0.0
28,2022-06-26,108.0,55,6.0,0.0
17,2022-06-25,293.0,146,16.0,0.0
26,2022-06-25,110.0,69,0.0,0.0
25,2022-06-25,220.0,60,18.0,0.0
27,2022-06-25,125.0,47,13.0,0.0
23,2022-06-24,135.0,20,1.0,0.0
14,2022-06-24,116.0,43,16.0,0.0
18,2022-06-24,79.0,44,18.0,0.0
32,2022-06-24,184.0,49,68.0,0.0
21,2022-06-23,126.0,69,11.0,0.0
20,2022-06-23,210.0,120,18.0,0.0
22,2022-06-23,180.0,89,36.0,0.0
19,2022-06-23,188.0,65,24.0,0.0
24,2022-06-22,170.0,59,36.0,0.0
35,2022-06-22,125.0,57,18.0,0.0
17,2022-06-22,100.0,59,20.0,0.0
29,2022-06-22,202.0,89,12.0,0.0
13,2022-06-21,105.0,47,21.0,0.0
15,2022-06-21,134.0,6,0.0,0.0
14,2022-06-21,130.0,39,6.0,0.0
16,2022-06-21,85.0,44,4.0,0.0
10,2022-06-20,105.0,39,16.0,0.0
11,2022-06-20,105.0,27,12.0,0.0
12,2022-06-20,77.0,42,11.0,0.0
28,2022-06-19,124.0,56,25.0,0.0
17,2022-06-18,310.0,125,26.0,0.0
26,2022-06-18,110.0,63,3.0,0.0
27,2022-06-18,104.0,43,15.0,0.0
25,2022-06-18,199.0,55,9.0,0.0
32,2022-06-17,118.5,29,17.0,0.0
14,2022-06-17,110.0,25,5.0,0.0
18,2022-06-17,54.0,21,2.0,0.0
23,2022-06-17,175.0,44,0.0,0.0
17,2022-06-15,102.5,63,30.0,0.0
24,2022-06-15,210.0,65,30.0,0.0
29,2022-06-15,209.0,62,4.0,0.0
35,2022-06-15,139.0,57,27.0,0.0
16,2022-06-14,103.0,64,4.0,0.0
15,2022-06-14,140.0,16,0.0,0.0
14,2022-06-14,140.0,45,16.0,0.0
13,2022-06-14,102.0,49,22.0,0.0
12,2022-06-13,89.0,55,15.0,0.0
10,2022-06-13,110.0,61,22.0,0.0
11,2022-06-13,100.0,49,23.0,0.0
28,2022-06-12,140.0,89,17.0,0.0
27,2022-06-11,100.0,53,12.0,0.0
17,2022-06-11,305.0,118,14.0,0.0
25,2022-06-11,236.0,51,9.0,0.0
26,2022-06-11,127.0,71,12.0,0.0
32,2022-06-10,150.0,54,63.0,0.0
18,2022-06-10,44.0,24,5.0,0.0
14,2022-06-10,105.0,28,27.0,0.0
19,2022-06-09,192.0,63,5.0,0.0
20,2022-06-09,196.5,107,13.0,0.0
21,2022-06-09,98.0,63,13.0,0.0
22,2022-06-09,155.0,79,7.0,0.0
35,2022-06-08,160.0,61,18.0,0.0
17,2022-06-08,95.0,53,10.0,0.0
29,2022-06-08,180.0,71,11.0,0.0
24,2022-06-08,160.0,47,14.0,0.0
13,2022-06-07,99.0,50,11.0,0.0
16,2022-06-07,82.0,52,4.0,0.0
14,2022-06-07,159.0,62,26.0,0.0
15,2022-06-07,111.0,17,5.0,0.0
10,2022-06-06,100.0,53,12.0,0.0
11,2022-06-06,130.0,52,5.0,0.0
12,2022-06-06,80.0,41,9.0,0.0
28,2022-06-05,100.0,63,13.0,0.0
25,2022-06-04,210.0,41,7.0,0.0
27,2022-06-04,106.0,61,8.0,0.0
26,2022-06-04,115.0,67,5.0,0.0
17,2022-06-04,315.0,146,29.0,0.0
32,2022-06-03,120.0,42,48.0,0.0
18,2022-06-03,31.5,19,1.0,0.0
23,2022-06-03,152.0,39,4.0,0.0
14,2022-06-03,120.0,44,18.0,0.0
21,2022-06-02,86.0,56,11.0,0.0
20,2022-06-02,199.0,152,10.0,0.0
19,2022-06-02,201.0,69,4.0,0.0
22,2022-06-02,190.0,94,18.0,0.0
24,2022-06-01,165.0,55,17.0,0.0
35,2022-06-01,150.0,55,11.0,0.0
17,2022-06-01,89.0,33,7.0,0.0
29,2022-06-01,201.0,86,18.0,0.0
16,2022-05-31,90.0,54,9.0,0.0
13,2022-05-31,88.0,32,18.0,0.0
14,2022-05-31,175.0,40,36.0,0.0
15,2022-05-31,132.0,21,4.0,0.0
10,2022-05-30,100.0,47,30.0,0.0
12,2022-05-30,76.0,43,15.0,0.0
11,2022-05-30,109.0,43,4.0,0.0
28,2022-05-29,100.0,50,12.0,0.0
25,2022-05-28,206.0,42,17.0,0.0
26,2022-05-28,125.0,73,1.0,0.0
27,2022-05-28,103.0,44,2.0,0.0
32,2022-05-27,130.0,37,36.0,0.0
14,2022-05-27,80.0,22,3.0,0.0
18,2022-05-27,35.5,23,6.0,0.0
23,2022-05-27,125.0,24,2.0,0.0
20,2022-05-26,204.0,95,26.0,0.0
21,2022-05-26,115.0,61,15.0,0.0
19,2022-05-26,176.0,64,12.0,0.0
22,2022-05-26,200.0,76,11.0,0.0
17,2022-05-25,113.0,58,5.0,0.0
35,2022-05-25,150.0,90,54.0,0.0
24,2022-05-25,175.0,65,25.0,0.0
29,2022-05-25,213.0,83,9.0,0.0
14,2022-05-24,130.0,52,5.0,0.0
16,2022-05-24,87.0,50,2.0,0.0
15,2022-05-24,131.0,18,5.0,0.0
13,2022-05-24,104.0,48,19.0,0.0
10,2022-05-23,85.0,45,6.0,0.0
12,2022-05-23,63.0,48,15.0,0.0
11,2022-05-23,120.0,53,5.0,0.0
18,2022-05-22,35.0,0,0.0,0.0
28,2022-05-22,90.0,55,10.0,0.0
26,2022-05-21,135.0,84,0.0,0.0
27,2022-05-21,104.0,61,9.0,0.0
25,2022-05-21,233.0,65,18.0,0.0
17,2022-05-21,255.0,137,12.0,0.0
34,2022-05-20,11.5,4,1.0,0.0
14,2022-05-20,105.0,24,17.0,0.0
23,2022-05-20,170.0,31,6.0,0.0
32,2022-05-20,150.0,44,72.0,0.0
20,2022-05-19,217.0,124,16.0,0.0
21,2022-05-19,100.0,62,11.0,0.0
19,2022-05-19,207.0,80,11.0,0.0
22,2022-05-19,170.0,66,20.0,0.0
35,2022-05-18,109.0,68,36.0,0.0
17,2022-05-18,86.0,30,9.0,0.0
29,2022-05-18,231.0,97,18.0,0.0
24,2022-05-18,200.0,69,18.0,0.0
13,2022-05-17,115.0,44,16.0,0.0
16,2022-05-17,79.0,40,17.0,0.0
14,2022-05-17,149.0,35,15.0,0.0
15,2022-05-17,162.0,26,5.0,0.0
12,2022-05-16,82.0,76,0.0,0.0
14,2022-05-16,50.0,109,0.0,0.0
11,2022-05-16,105.0,40,0.0,0.0
10,2022-05-16,110.0,57,0.0,0.0
28,2022-05-15,119.0,97,0.0,0.0
25,2022-05-14,234.0,60,0.0,0.0
27,2022-05-14,116.0,65,0.0,0.0
17,2022-05-14,385.0,222,0.0,0.0
26,2022-05-14,147.0,100,0.0,0.0
32,2022-05-13,120.0,67,0.0,0.0
34,2022-05-13,15.0,2,0.0,0.0
14,2022-05-13,150.0,61,0.0,0.0
23,2022-05-13,200.0,57,0.0,0.0
22,2022-05-12,170.0,90,0.0,0.0
19,2022-05-12,228.0,97,0.0,0.0
21,2022-05-12,120.0,69,0.0,0.0
20,2022-05-12,230.0,167,0.0,0.0
24,2022-05-11,200.0,92,0.0,0.0
17,2022-05-11,114.0,88,0.0,0.0
35,2022-05-11,150.0,121,0.0,0.0
29,2022-05-11,226.0,105,0.0,0.0
13,2022-05-10,119.0,78,0.0,0.0
14,2022-05-10,160.0,68,0.0,0.0
15,2022-05-10,192.0,25,0.0,0.0
16,2022-05-10,81.0,62,0.0,0.0
12,2022-05-09,87.0,74,0.0,0.0
10,2022-05-09,130.0,78,0.0,0.0
11,2022-05-09,113.0,68,0.0,0.0
28,2022-05-08,119.0,92,0.0,0.0
25,2022-05-07,235.0,72,0.0,0.0
17,2022-05-07,327.5,174,0.0,0.0
26,2022-05-07,118.0,75,0.0,0.0
27,2022-05-07,122.0,85,0.0,0.0
32,2022-05-06,130.0,91,0.0,0.0
23,2022-05-06,195.0,49,0.0,0.0
14,2022-05-06,120.0,58,0.0,0.0
34,2022-05-06,14.5,0,0.0,0.0
19,2022-05-05,190.0,80,0.0,0.0
20,2022-05-05,195.0,139,0.0,0.0
21,2022-05-05,105.0,92,0.0,0.0
22,2022-05-05,180.0,93,0.0,0.0
24,2022-05-04,135.0,62,0.0,0.0
35,2022-05-04,114.0,91,0.0,0.0
17,2022-05-04,72.0,46,0.0,0.0
29,2022-05-04,149.0,95,0.0,0.0
10,2022-05-02,110.0,70,0.0,0.0
11,2022-05-02,107.5,57,0.0,0.0
12,2022-05-02,62.0,45,0.0,0.0
28,2022-05-01,80.0,59,0.0,0.0
26,2022-04-30,130.0,81,0.0,0.0
17,2022-04-30,390.0,239,0.0,0.0
25,2022-04-30,233.0,66,0.0,0.0
27,2022-04-30,93.0,63,0.0,0.0
32,2022-04-29,145.0,92,0.0,0.0
23,2022-04-29,200.0,52,0.0,0.0
31,2022-04-29,39.0,22,0.0,0.0
14,2022-04-29,130.0,99,0.0,0.0
19,2022-04-28,233.0,90,0.0,0.0
22,2022-04-28,215.0,135,0.0,0.0
21,2022-04-28,117.0,103,0.0,0.0
20,2022-04-28,225.0,202,0.0,0.0
35,2022-04-27,130.0,102,0.0,0.0
24,2022-04-27,160.0,74,0.0,0.0
17,2022-04-27,99.0,65,0.0,0.0
29,2022-04-27,244.0,161,0.0,0.0
14,2022-04-26,165.0,84,0.0,0.0
16,2022-04-26,65.0,63,0.0,0.0
13,2022-04-26,95.0,59,0.0,0.0
15,2022-04-26,158.0,36,0.0,0.0
12,2022-04-25,86.0,68,0.0,0.0
11,2022-04-25,120.0,67,0.0,0.0
10,2022-04-25,100.0,78,0.0,0.0
28,2022-04-24,125.0,72,0.0,0.0
25,2022-04-23,201.0,65,0.0,0.0
27,2022-04-23,105.0,83,0.0,0.0
17,2022-04-23,315.5,218,0.0,0.0
26,2022-04-23,135.0,92,0.0,0.0
32,2022-04-22,170.0,96,0.0,0.0
31,2022-04-22,49.0,26,0.0,0.0
14,2022-04-22,160.0,78,0.0,0.0
23,2022-04-22,156.0,55,0.0,0.0
22,2022-04-21,132.0,64,0.0,0.0
21,2022-04-21,63.0,52,0.0,0.0
19,2022-04-21,110.0,27,0.0,0.0
20,2022-04-21,123.0,94,0.0,0.0
29,2022-04-20,82.5,46,0.0,0.0
24,2022-04-20,80.0,32,0.0,0.0
17,2022-04-20,42.0,24,0.0,0.0
35,2022-04-20,52.0,42,0.0,0.0
21,2022-04-14,129.0,72,0.0,0.0
20,2022-04-14,219.0,131,0.0,0.0
19,2022-04-14,198.0,60,0.0,0.0
22,2022-04-14,175.0,90,0.0,0.0
29,2022-04-13,220.0,93,0.0,0.0
24,2022-04-13,180.0,63,0.0,0.0
35,2022-04-13,154.0,74,0.0,0.0
17,2022-04-13,113.5,77,0.0,0.0
13,2022-04-12,100.0,59,0.0,0.0
15,2022-04-12,164.0,33,0.0,0.0
16,2022-04-12,94.0,62,0.0,0.0
14,2022-04-12,200.0,57,0.0,0.0
10,2022-04-11,150.0,92,0.0,0.0
11,2022-04-11,105.0,46,0.0,0.0
12,2022-04-11,90.0,58,0.0,0.0
28,2022-04-10,110.0,85,0.0,0.0
14,2022-04-10,163.5,60,0.0,0.0
24,2022-04-10,93.0,58,0.0,0.0
19,2022-04-10,260.0,81,0.0,0.0
17,2022-04-09,300.0,238,0.0,0.0
26,2022-04-09,140.0,102,0.0,0.0
25,2022-04-09,242.0,92,0.0,0.0
27,2022-04-09,120.0,65,0.0,0.0
23,2022-04-08,142.0,42,0.0,0.0
32,2022-04-08,120.0,53,0.0,0.0
14,2022-04-08,125.0,39,0.0,0.0
31,2022-04-08,39.0,24,0.0,0.0
21,2022-04-07,105.0,69,0.0,0.0
20,2022-04-07,214.5,145,0.0,0.0
22,2022-04-07,200.0,112,0.0,0.0
19,2022-04-07,220.0,69,0.0,0.0
29,2022-04-06,156.0,76,0.0,0.0
24,2022-04-06,179.0,86,0.0,0.0
35,2022-04-06,130.0,89,0.0,0.0
17,2022-04-06,64.0,52,0.0,0.0
13,2022-04-05,89.0,60,0.0,0.0
15,2022-04-05,90.0,21,0.0,0.0
16,2022-04-05,73.0,66,0.0,0.0
14,2022-04-05,100.0,46,0.0,0.0
12,2022-04-04,75.0,51,0.0,0.0
10,2022-04-04,110.0,69,0.0,0.0
11,2022-04-04,95.0,58,0.0,0.0
28,2022-04-03,84.5,81,0.0,0.0
25,2022-04-02,203.0,83,0.0,0.0
26,2022-04-02,125.0,99,0.0,0.0
17,2022-04-02,278.0,177,0.0,0.0
27,2022-04-02,105.0,61,0.0,0.0
23,2022-04-01,90.0,31,0.0,0.0
32,2022-04-01,110.0,61,0.0,0.0
31,2022-04-01,40.0,7,0.0,0.0
14,2022-04-01,99.0,57,0.0,0.0
21,2022-03-31,107.0,72,0.0,0.0
19,2022-03-31,209.0,90,0.0,0.0
20,2022-03-31,190.0,149,0.0,0.0
22,2022-03-31,180.0,124,0.0,0.0
24,2022-03-30,190.0,88,0.0,0.0
29,2022-03-30,210.0,111,0.0,0.0
35,2022-03-30,120.0,59,0.0,0.0
17,2022-03-30,74.0,42,0.0,0.0
15,2022-03-29,145.0,23,0.0,0.0
14,2022-03-29,140.0,50,0.0,0.0
13,2022-03-29,104.0,53,0.0,0.0
16,2022-03-29,85.0,48,0.0,0.0
11,2022-03-28,100.0,61,0.0,0.0
10,2022-03-28,130.0,90,0.0,0.0
12,2022-03-28,80.0,78,0.0,0.0
28,2022-03-27,100.0,81,0.0,0.0
25,2022-03-26,203.0,75,0.0,0.0
17,2022-03-26,300.0,225,0.0,0.0
26,2022-03-26,145.0,113,0.0,0.0
27,2022-03-26,135.0,61,0.0,0.0
14,2022-03-25,170.0,39,0.0,0.0
23,2022-03-25,175.0,59,0.0,0.0
31,2022-03-25,40.0,24,0.0,0.0
32,2022-03-25,150.0,67,0.0,0.0
22,2022-03-24,210.0,127,0.0,0.0
20,2022-03-24,240.0,172,0.0,0.0
21,2022-03-24,125.0,80,0.0,0.0
19,2022-03-24,223.0,80,0.0,0.0
29,2022-03-23,243.0,100,0.0,0.0
24,2022-03-23,190.0,83,0.0,0.0
17,2022-03-23,73.0,58,0.0,0.0
35,2022-03-23,125.0,76,0.0,0.0
14,2022-03-22,170.0,52,0.0,0.0
15,2022-03-22,153.0,25,0.0,0.0
16,2022-03-22,72.0,53,0.0,0.0
13,2022-03-22,85.0,45,0.0,0.0
10,2022-03-21,110.0,77,0.0,0.0
11,2022-03-21,103.0,60,0.0,0.0
12,2022-03-21,84.0,63,0.0,0.0
28,2022-03-20,131.5,104,0.0,0.0
25,2022-03-19,203.0,60,0.0,0.0
17,2022-03-19,300.0,232,0.0,0.0
27,2022-03-19,130.0,72,0.0,0.0
26,2022-03-19,120.0,76,0.0,0.0
32,2022-03-18,150.0,78,0.0,0.0
31,2022-03-18,44.0,21,0.0,0.0
23,2022-03-18,157.0,41,0.0,0.0
14,2022-03-18,140.0,39,0.0,0.0
20,2022-03-17,195.0,149,0.0,0.0
21,2022-03-17,104.0,59,0.0,0.0
19,2022-03-17,219.0,81,0.0,0.0
22,2022-03-17,170.0,115,0.0,0.0
29,2022-03-16,207.5,92,0.0,0.0
24,2022-03-16,205.0,93,0.0,0.0
17,2022-03-16,68.0,47,0.0,0.0
35,2022-03-16,134.0,58,0.0,0.0
14,2022-03-15,120.0,36,0.0,0.0
15,2022-03-15,174.0,31,0.0,0.0
16,2022-03-15,80.0,47,0.0,0.0
13,2022-03-15,100.0,65,0.0,0.0
11,2022-03-14,85.0,59,0.0,0.0
12,2022-03-14,64.0,51,0.0,0.0
10,2022-03-14,100.0,55,0.0,0.0
28,2022-03-13,120.0,108,0.0,0.0
27,2022-03-12,120.0,71,0.0,0.0
17,2022-03-12,295.0,196,0.0,0.0
26,2022-03-12,115.0,88,0.0,0.0
25,2022-03-12,191.0,81,0.0,0.0
32,2022-03-11,140.0,93,0.0,0.0
31,2022-03-11,47.0,19,0.0,0.0
14,2022-03-11,125.0,76,0.0,0.0
23,2022-03-11,118.5,40,0.0,0.0
21,2022-03-10,112.0,72,0.0,0.0
20,2022-03-10,182.0,145,0.0,0.0
22,2022-03-10,180.0,135,0.0,0.0
19,2022-03-10,201.0,67,0.0,0.0
35,2022-03-09,130.0,55,0.0,0.0
24,2022-03-09,185.0,84,0.0,0.0
17,2022-03-09,87.0,47,0.0,0.0
29,2022-03-09,178.0,81,0.0,0.0
13,2022-03-08,100.0,73,0.0,0.0
14,2022-03-08,130.0,59,0.0,0.0
16,2022-03-08,91.0,70,0.0,0.0
15,2022-03-08,94.0,24,0.0,0.0
12,2022-03-07,75.0,45,0.0,0.0
11,2022-03-07,95.0,45,0.0,0.0
10,2022-03-07,100.0,88,0.0,0.0
28,2022-03-06,124.0,87,0.0,0.0
17,2022-03-05,243.0,188,0.0,0.0
27,2022-03-05,100.0,66,0.0,0.0
26,2022-03-05,120.0,105,0.0,0.0
25,2022-03-05,184.0,72,0.0,0.0
23,2022-03-04,120.0,36,0.0,0.0
14,2022-03-04,85.0,64,0.0,0.0
31,2022-03-04,32.0,16,0.0,0.0
32,2022-03-04,120.0,55,0.0,0.0
19,2022-03-03,170.0,70,0.0,0.0
20,2022-03-03,165.0,150,0.0,0.0
21,2022-03-03,105.5,77,0.0,0.0
22,2022-03-03,190.0,135,0.0,0.0
16,2022-03-01,92.0,63,0.0,0.0
15,2022-03-01,127.0,62,0.0,0.0
14,2022-03-01,118.0,55,0.0,0.0
13,2022-03-01,84.0,50,0.0,0.0
10,2022-02-28,110.0,76,0.0,0.0
11,2022-02-28,90.0,53,0.0,0.0
12,2022-02-28,73.0,56,0.0,0.0
28,2022-02-27,110.5,79,0.0,0.0
25,2022-02-26,200.0,80,0.0,0.0
17,2022-02-26,225.0,180,0.0,0.0
26,2022-02-26,150.0,109,0.0,0.0
27,2022-02-26,93.0,80,0.0,0.0
32,2022-02-25,140.0,63,0.0,0.0
23,2022-02-25,175.0,55,0.0,0.0
14,2022-02-25,85.0,33,0.0,0.0
31,2022-02-25,45.0,26,0.0,0.0
20,2022-02-24,169.0,151,0.0,0.0
22,2022-02-24,175.0,97,0.0,0.0
21,2022-02-24,107.0,57,0.0,0.0
19,2022-02-24,175.0,64,0.0,0.0
17,2022-02-23,72.0,72,0.0,0.0
35,2022-02-23,129.0,83,0.0,0.0
24,2022-02-23,150.0,88,0.0,0.0
29,2022-02-23,127.0,87,0.0,0.0
14,2022-02-22,95.0,53,0.0,0.0
16,2022-02-22,83.0,80,0.0,0.0
13,2022-02-22,92.0,57,0.0,0.0
15,2022-02-22,120.0,45,0.0,0.0
12,2022-02-21,83.0,71,0.0,0.0
11,2022-02-21,84.5,47,0.0,0.0
10,2022-02-21,85.0,55,0.0,0.0
28,2022-02-20,78.0,65,0.0,0.0
27,2022-02-19,60.0,45,0.0,0.0
25,2022-02-19,108.0,62,0.0,0.0
26,2022-02-19,92.0,90,0.0,0.0
17,2022-02-19,145.0,103,0.0,0.0
14,2022-02-18,110.0,44,0.0,0.0
32,2022-02-18,135.0,77,0.0,0.0
23,2022-02-18,150.0,50,0.0,0.0
31,2022-02-18,38.0,19,0.0,0.0
21,2022-02-17,65.0,63,0.0,0.0
20,2022-02-17,155.0,127,0.0,0.0
19,2022-02-17,95.0,38,0.0,0.0
22,2022-02-17,154.0,96,0.0,0.0
17,2022-02-16,56.0,52,0.0,0.0
29,2022-02-16,146.0,99,0.0,0.0
24,2022-02-16,145.0,95,0.0,0.0
35,2022-02-16,130.0,90,0.0,0.0
34,2022-02-15,27.0,22,0.0,0.0
15,2022-02-15,121.0,47,0.0,0.0
13,2022-02-15,98.0,60,0.0,0.0
16,2022-02-15,82.0,69,0.0,0.0
14,2022-02-15,135.0,58,0.0,0.0
10,2022-02-14,120.0,79,0.0,0.0
12,2022-02-14,71.0,55,0.0,0.0
11,2022-02-14,125.0,66,0.0,0.0
28,2022-02-13,129.0,92,0.0,0.0
26,2022-02-12,117.0,84,0.0,0.0
25,2022-02-12,176.0,56,0.0,0.0
27,2022-02-12,97.0,77,0.0,0.0
17,2022-02-12,175.0,130,0.0,0.0
31,2022-02-11,31.0,18,0.0,0.0
14,2022-02-11,60.0,20,0.0,0.0
32,2022-02-11,110.0,86,0.0,0.0
23,2022-02-11,96.0,34,0.0,0.0
19,2022-02-10,162.0,65,0.0,0.0
20,2022-02-10,165.0,146,0.0,0.0
21,2022-02-10,100.0,69,0.0,0.0
22,2022-02-10,139.5,92,0.0,0.0
35,2022-02-09,131.0,76,0.0,0.0
24,2022-02-09,139.0,84,0.0,0.0
29,2022-02-09,90.0,68,0.0,0.0
17,2022-02-09,60.0,65,0.0,0.0
15,2022-02-08,100.0,35,0.0,0.0
14,2022-02-08,116.0,49,0.0,0.0
16,2022-02-08,81.0,71,0.0,0.0
13,2022-02-08,91.0,64,0.0,0.0
11,2022-02-07,95.0,41,0.0,0.0
10,2022-02-07,80.0,70,0.0,0.0
12,2022-02-07,77.0,55,0.0,0.0
28,2022-02-06,80.0,62,0.0,0.0
25,2022-02-05,151.0,47,0.0,0.0
17,2022-02-05,212.0,138,0.0,0.0
26,2022-02-05,113.0,91,0.0,0.0
27,2022-02-05,61.0,69,0.0,0.0
23,2022-02-04,135.0,38,0.0,0.0
32,2022-02-04,95.0,57,0.0,0.0
31,2022-02-04,42.0,25,0.0,0.0
14,2022-02-04,105.0,57,0.0,0.0
19,2022-02-03,126.0,50,0.0,0.0
20,2022-02-03,140.0,128,0.0,0.0
21,2022-02-03,76.0,64,0.0,0.0
22,2022-02-03,150.0,115,0.0,0.0
24,2022-02-02,170.0,96,0.0,0.0
35,2022-02-02,130.0,75,0.0,0.0
29,2022-02-02,53.5,44,0.0,0.0
17,2022-02-02,54.0,43,0.0,0.0
16,2022-02-01,68.0,45,0.0,0.0
15,2022-02-01,103.0,32,0.0,0.0
13,2022-02-01,85.0,60,0.0,0.0
14,2022-02-01,75.0,46,0.0,0.0
11,2022-01-31,110.0,54,0.0,0.0
12,2022-01-31,61.0,30,0.0,0.0
10,2022-01-31,95.0,70,0.0,0.0
28,2022-01-30,50.0,40,0.0,0.0
25,2022-01-29,133.0,48,0.0,0.0
26,2022-01-29,100.0,87,0.0,0.0
27,2022-01-29,66.5,59,0.0,0.0
17,2022-01-29,165.0,134,0.0,0.0
14,2022-01-28,55.0,35,0.0,0.0
23,2022-01-28,80.0,33,0.0,0.0
31,2022-01-28,40.0,10,0.0,0.0
32,2022-01-28,85.0,52,0.0,0.0
19,2022-01-27,87.0,39,0.0,0.0
20,2022-01-27,132.5,98,0.0,0.0
21,2022-01-27,41.0,21,0.0,0.0
22,2022-01-27,156.0,95,0.0,0.0
35,2022-01-26,130.0,85,0.0,0.0
17,2022-01-26,40.0,43,0.0,0.0
24,2022-01-26,140.0,81,0.0,0.0
29,2022-01-26,96.0,52,0.0,0.0
16,2022-01-25,83.0,45,0.0,0.0
14,2022-01-25,88.0,37,0.0,0.0
15,2022-01-25,100.0,37,0.0,0.0
13,2022-01-25,77.0,59,0.0,0.0
10,2022-01-24,120.0,80,0.0,0.0
12,2022-01-24,53.0,34,0.0,0.0
11,2022-01-24,100.0,60,0.0,0.0
28,2022-01-23,100.0,49,0.0,0.0
17,2022-01-22,179.0,115,0.0,0.0
25,2022-01-22,162.0,85,0.0,0.0
26,2022-01-22,75.0,61,0.0,0.0
27,2022-01-22,54.0,37,0.0,0.0
32,2022-01-21,120.0,70,0.0,0.0
14,2022-01-21,55.0,30,0.0,0.0
31,2022-01-21,38.0,9,0.0,0.0
23,2022-01-21,90.0,24,0.0,0.0
21,2022-01-20,67.0,40,0.0,0.0
22,2022-01-20,175.0,103,0.0,0.0
20,2022-01-20,124.5,94,0.0,0.0
19,2022-01-20,68.0,26,0.0,0.0
17,2022-01-19,63.0,34,0.0,0.0
24,2022-01-19,127.0,67,0.0,0.0
29,2022-01-19,118.0,74,0.0,0.0
35,2022-01-19,149.0,85,0.0,0.0
15,2022-01-18,102.0,33,0.0,0.0
16,2022-01-18,81.0,41,0.0,0.0
13,2022-01-18,90.0,45,0.0,0.0
14,2022-01-18,90.0,48,0.0,0.0
11,2022-01-17,90.0,52,0.0,0.0
12,2022-01-17,45.0,36,0.0,0.0
10,2022-01-17,77.5,41,0.0,0.0
28,2022-01-16,112.5,85,0.0,0.0
25,2022-01-15,160.0,49,0.0,0.0
26,2022-01-15,106.0,96,0.0,0.0
27,2022-01-15,75.5,52,0.0,0.0
17,2022-01-15,220.0,162,0.0,0.0
14,2022-01-14,85.0,37,0.0,0.0
31,2022-01-14,32.0,10,0.0,0.0
23,2022-01-14,105.0,44,0.0,0.0
32,2022-01-14,140.0,74,0.0,0.0
19,2022-01-13,120.0,50,0.0,0.0
20,2022-01-13,160.0,160,0.0,0.0
22,2022-01-13,180.0,113,0.0,0.0
21,2022-01-13,84.0,52,0.0,0.0
29,2022-01-12,86.5,61,0.0,0.0
35,2022-01-12,100.0,42,0.0,0.0
17,2022-01-12,49.5,60,0.0,0.0
24,2022-01-12,170.0,87,0.0,0.0
14,2022-01-11,81.0,47,0.0,0.0
15,2022-01-11,110.0,38,0.0,0.0
16,2022-01-11,71.0,52,0.0,0.0
13,2022-01-11,96.0,61,0.0,0.0
12,2022-01-10,57.0,50,0.0,0.0
10,2022-01-10,110.0,76,0.0,0.0
11,2022-01-10,105.0,53,0.0,0.0
28,2022-01-09,85.0,50,0.0,0.0
27,2022-01-08,61.0,47,0.0,0.0
25,2022-01-08,152.0,63,0.0,0.0
26,2022-01-08,107.0,83,0.0,0.0
17,2022-01-08,214.5,176,0.0,0.0
31,2022-01-07,35.5,11,0.0,0.0
32,2022-01-07,105.0,65,0.0,0.0
14,2022-01-07,83.0,33,0.0,0.0
23,2022-01-07,91.0,31,0.0,0.0
29,2022-01-05,50.0,25,0.0,0.0
35,2022-01-05,116.0,60,0.0,0.0
17,2022-01-05,59.5,75,0.0,0.0
24,2022-01-05,151.0,87,0.0,0.0
23,2021-12-31,73.0,24,0.0,0.0
31,2021-12-31,53.0,10,0.0,0.0
14,2021-12-31,75.0,34,0.0,0.0
32,2021-12-31,108.0,35,0.0,0.0
21,2021-12-30,44.5,29,0.0,0.0
20,2021-12-30,85.0,87,0.0,0.0
19,2021-12-30,90.0,41,0.0,0.0
22,2021-12-30,150.0,99,0.0,0.0
29,2021-12-29,59.0,33,0.0,0.0
35,2021-12-29,76.5,52,0.0,0.0
18,2021-12-29,37.0,18,0.0,0.0
17,2021-12-29,54.0,47,0.0,0.0
31,2021-12-23,54.0,20,0.0,0.0
21,2021-12-23,65.0,31,0.0,0.0
22,2021-12-23,140.0,45,0.0,0.0
19,2021-12-23,140.0,45,0.0,0.0
20,2021-12-23,140.0,61,0.0,0.0
35,2021-12-22,165.5,65,0.0,0.0
18,2021-12-22,64.0,41,0.0,0.0
29,2021-12-22,159.0,56,0.0,0.0
17,2021-12-22,95.0,82,0.0,0.0
24,2021-12-22,150.0,95,0.0,0.0
16,2021-12-21,85.0,53,0.0,0.0
13,2021-12-21,91.0,62,0.0,0.0
23,2021-12-21,70.0,17,0.0,0.0
14,2021-12-21,125.0,39,0.0,0.0
15,2021-12-21,170.0,59,0.0,0.0
10,2021-12-20,100.0,77,0.0,0.0
12,2021-12-20,66.0,43,0.0,0.0
11,2021-12-20,100.0,55,0.0,0.0
14,2021-12-19,120.0,44,0.0,0.0
28,2021-12-19,104.5,78,0.0,0.0
24,2021-12-19,70.0,42,0.0,0.0
19,2021-12-19,215.0,90,0.0,0.0
25,2021-12-18,209.0,80,0.0,0.0
17,2021-12-18,239.0,136,0.0,0.0
26,2021-12-18,105.0,76,0.0,0.0
27,2021-12-18,86.0,42,0.0,0.0
23,2021-12-17,150.0,39,0.0,0.0
14,2021-12-17,97.0,48,0.0,0.0
32,2021-12-17,103.0,53,0.0,0.0
34,2021-12-17,24.0,13,0.0,0.0
36,2021-12-17,60.0,0,0.0,0.0
19,2021-12-16,187.0,55,0.0,0.0
22,2021-12-16,200.0,110,0.0,0.0
31,2021-12-16,76.0,26,0.0,0.0
20,2021-12-16,177.5,141,0.0,0.0
21,2021-12-16,110.0,94,0.0,0.0
24,2021-12-15,170.0,87,0.0,0.0
18,2021-12-15,69.5,49,0.0,0.0
35,2021-12-15,133.0,67,0.0,0.0
29,2021-12-15,210.0,115,0.0,0.0
17,2021-12-15,72.5,66,0.0,0.0
34,2021-12-14,19.0,16,0.0,0.0
16,2021-12-14,71.0,44,0.0,0.0
13,2021-12-14,76.0,44,0.0,0.0
14,2021-12-14,110.0,53,0.0,0.0
15,2021-12-14,120.0,44,0.0,0.0
12,2021-12-13,72.0,46,0.0,0.0
11,2021-12-13,85.0,65,0.0,0.0
10,2021-12-13,115.0,78,0.0,0.0
14,2021-12-12,105.0,43,0.0,0.0
28,2021-12-12,106.0,70,0.0,0.0
24,2021-12-12,75.0,46,0.0,0.0
35,2021-12-12,27.5,18,0.0,0.0
19,2021-12-12,200.0,67,0.0,0.0
27,2021-12-11,79.0,42,0.0,0.0
17,2021-12-11,225.0,161,0.0,0.0
26,2021-12-11,124.0,95,0.0,0.0
25,2021-12-11,176.0,52,0.0,0.0
14,2021-12-10,95.0,52,0.0,0.0
34,2021-12-10,20.0,10,0.0,0.0
23,2021-12-10,95.0,35,0.0,0.0
31,2021-12-10,21.0,3,0.0,0.0
32,2021-12-10,90.0,56,0.0,0.0
31,2021-12-09,59.0,31,0.0,0.0
20,2021-12-09,165.0,136,0.0,0.0
22,2021-12-09,190.0,123,0.0,0.0
21,2021-12-09,80.0,60,0.0,0.0
19,2021-12-09,175.0,52,0.0,0.0
17,2021-12-08,64.0,51,0.0,0.0
29,2021-12-08,135.5,58,0.0,0.0
18,2021-12-08,58.0,46,0.0,0.0
35,2021-12-08,105.5,50,0.0,0.0
24,2021-12-08,160.0,83,0.0,0.0
15,2021-12-07,94.0,29,0.0,0.0
14,2021-12-07,110.0,42,0.0,0.0
16,2021-12-07,85.0,63,0.0,0.0
13,2021-12-07,83.0,61,0.0,0.0
34,2021-12-07,18.0,14,0.0,0.0
12,2021-12-06,64.0,37,0.0,0.0
11,2021-12-06,87.5,49,0.0,0.0
10,2021-12-06,105.0,68,0.0,0.0
28,2021-12-05,125.0,90,0.0,0.0
25,2021-12-04,181.0,57,0.0,0.0
17,2021-12-04,196.0,137,0.0,0.0
26,2021-12-04,84.0,66,0.0,0.0
27,2021-12-04,82.0,55,0.0,0.0
31,2021-12-03,12.5,11,0.0,0.0
14,2021-12-03,89.5,41,0.0,0.0
34,2021-12-03,21.0,5,0.0,0.0
23,2021-12-03,135.0,41,0.0,0.0
32,2021-12-03,120.0,75,0.0,0.0
21,2021-12-02,75.5,59,0.0,0.0
20,2021-12-02,129.0,104,0.0,0.0
31,2021-12-02,75.0,33,0.0,0.0
19,2021-12-02,140.0,50,0.0,0.0
22,2021-12-02,180.0,110,0.0,0.0
29,2021-12-01,110.0,66,0.0,0.0
35,2021-12-01,122.0,71,0.0,0.0
24,2021-12-01,125.0,59,0.0,0.0
17,2021-12-01,49.0,33,0.0,0.0
18,2021-12-01,70.5,49,0.0,0.0
34,2021-11-30,16.5,6,0.0,0.0
15,2021-11-30,107.0,43,0.0,0.0
16,2021-11-30,66.0,38,0.0,0.0
14,2021-11-30,93.0,45,0.0,0.0
13,2021-11-30,87.0,51,0.0,0.0
12,2021-11-29,69.0,48,0.0,0.0
10,2021-11-29,110.0,67,0.0,0.0
11,2021-11-29,95.0,61,0.0,0.0
28,2021-11-28,110.0,62,0.0,0.0
26,2021-11-27,111.0,70,0.0,0.0
25,2021-11-27,187.5,55,0.0,0.0
27,2021-11-27,87.5,48,0.0,0.0
17,2021-11-27,215.0,159,0.0,0.0
14,2021-11-26,97.0,44,0.0,0.0
34,2021-11-26,18.0,5,0.0,0.0
32,2021-11-26,127.0,70,0.0,0.0
23,2021-11-26,175.0,39,0.0,0.0
22,2021-11-25,170.0,93,0.0,0.0
21,2021-11-25,100.0,61,0.0,0.0
20,2021-11-25,190.0,177,0.0,0.0
31,2021-11-25,62.0,26,0.0,0.0
19,2021-11-25,161.0,61,0.0,0.0
29,2021-11-24,154.0,66,0.0,0.0
18,2021-11-24,68.0,49,0.0,0.0
35,2021-11-24,132.0,69,0.0,0.0
24,2021-11-24,105.0,42,0.0,0.0
17,2021-11-24,73.0,54,0.0,0.0
14,2021-11-23,108.0,49,0.0,0.0
16,2021-11-23,82.0,46,0.0,0.0
13,2021-11-23,93.0,44,0.0,0.0
15,2021-11-23,133.0,31,0.0,0.0
34,2021-11-23,19.0,7,0.0,0.0
12,2021-11-22,56.0,36,0.0,0.0
10,2021-11-22,110.0,63,0.0,0.0
11,2021-11-22,95.0,46,0.0,0.0
28,2021-11-21,115.0,63,0.0,0.0
27,2021-11-20,100.5,54,0.0,0.0
25,2021-11-20,180.5,45,0.0,0.0
17,2021-11-20,210.0,124,0.0,0.0
26,2021-11-20,106.0,87,0.0,0.0
32,2021-11-19,106.5,48,0.0,0.0
34,2021-11-19,33.5,12,0.0,0.0
14,2021-11-19,115.5,36,0.0,0.0
23,2021-11-19,150.5,28,0.0,0.0
19,2021-11-18,177.0,59,0.0,0.0
22,2021-11-18,200.0,84,0.0,0.0
20,2021-11-18,175.0,137,0.0,0.0
31,2021-11-18,59.0,23,0.0,0.0
21,2021-11-18,124.0,71,0.0,0.0
29,2021-11-17,186.0,74,0.0,0.0
24,2021-11-17,100.0,31,0.0,0.0
18,2021-11-17,64.0,50,0.0,0.0
35,2021-11-17,111.0,42,0.0,0.0
17,2021-11-17,65.0,43,0.0,0.0
34,2021-11-16,16.0,2,0.0,0.0
16,2021-11-16,82.0,46,0.0,0.0
13,2021-11-16,93.0,41,0.0,0.0
14,2021-11-16,130.5,44,0.0,0.0
15,2021-11-16,144.0,11,0.0,0.0
11,2021-11-15,95.0,50,0.0,0.0
10,2021-11-15,84.0,42,0.0,0.0
12,2021-11-15,64.5,49,0.0,0.0
28,2021-11-14,129.0,77,0.0,0.0
27,2021-11-13,99.0,50,0.0,0.0
25,2021-11-13,166.0,35,0.0,0.0
26,2021-11-13,101.0,85,0.0,0.0
17,2021-11-13,262.0,179,0.0,0.0
32,2021-11-12,140.0,59,0.0,0.0
34,2021-11-12,18.5,4,0.0,0.0
14,2021-11-12,110.0,38,0.0,0.0
23,2021-11-12,130.0,18,0.0,0.0
31,2021-11-12,30.0,10,0.0,0.0
17,2021-11-10,91.0,64,0.0,0.0
35,2021-11-10,115.0,48,0.0,0.0
24,2021-11-10,180.0,51,0.0,0.0
29,2021-11-10,194.0,82,0.0,0.0
18,2021-11-10,70.5,50,0.0,0.0
15,2021-11-09,139.0,8,0.0,0.0
13,2021-11-09,80.0,51,0.0,0.0
16,2021-11-09,78.0,46,0.0,0.0
34,2021-11-09,24.5,4,0.0,0.0
14,2021-11-09,145.0,33,0.0,0.0
11,2021-11-08,85.0,46,0.0,0.0
12,2021-11-08,70.0,45,0.0,0.0
10,2021-11-08,105.0,31,0.0,0.0
28,2021-11-07,105.0,57,0.0,0.0
27,2021-11-06,115.0,47,0.0,0.0
17,2021-11-06,224.0,118,0.0,0.0
26,2021-11-06,120.0,80,0.0,0.0
25,2021-11-06,230.0,52,0.0,0.0
32,2021-11-05,107.0,40,0.0,0.0
23,2021-11-05,118.0,21,0.0,0.0
14,2021-11-05,90.0,21,0.0,0.0
34,2021-11-05,8.5,2,0.0,0.0
31,2021-11-04,52.0,12,0.0,0.0
20,2021-11-04,129.5,91,0.0,0.0
22,2021-11-04,130.0,45,0.0,0.0
21,2021-11-04,46.5,34,0.0,0.0
19,2021-11-04,81.0,20,0.0,0.0
24,2021-11-03,103.0,40,0.0,0.0
17,2021-11-03,67.0,53,0.0,0.0
18,2021-11-03,49.0,29,0.0,0.0
29,2021-11-03,100.0,41,0.0,0.0
21,2021-11-01,96.5,50,0.0,0.0
14,2021-10-31,108.5,31,0.0,0.0
28,2021-10-31,111.0,69,0.0,0.0
26,2021-10-30,110.0,102,0.0,0.0
17,2021-10-30,298.0,198,0.0,0.0
27,2021-10-30,103.5,42,0.0,0.0
25,2021-10-30,220.0,62,0.0,0.0
32,2021-10-29,159.0,51,0.0,0.0
23,2021-10-29,175.0,32,0.0,0.0
14,2021-10-29,125.0,33,0.0,0.0
34,2021-10-29,50.0,15,0.0,0.0
22,2021-10-28,170.0,86,0.0,0.0
19,2021-10-28,172.0,56,0.0,0.0
21,2021-10-28,129.0,82,0.0,0.0
20,2021-10-28,205.0,169,0.0,0.0
31,2021-10-28,73.0,37,0.0,0.0
24,2021-10-27,140.0,51,0.0,0.0
18,2021-10-27,83.0,45,0.0,0.0
17,2021-10-27,110.0,67,0.0,0.0
29,2021-10-27,218.0,75,0.0,0.0
34,2021-10-26,21.0,3,0.0,0.0
15,2021-10-26,158.0,10,0.0,0.0
16,2021-10-26,95.0,70,0.0,0.0
14,2021-10-26,174.0,52,0.0,0.0
13,2021-10-26,95.0,52,0.0,0.0
11,2021-10-25,110.0,53,0.0,0.0
10,2021-10-25,95.0,30,0.0,0.0
12,2021-10-25,70.0,54,0.0,0.0
22,2021-10-24,60.0,35,0.0,0.0
24,2021-10-24,39.0,11,0.0,0.0
19,2021-10-24,200.0,56,0.0,0.0
28,2021-10-24,112.0,64,0.0,0.0
25,2021-10-23,240.0,37,0.0,0.0
26,2021-10-23,105.0,70,0.0,0.0
17,2021-10-23,285.0,153,0.0,0.0
27,2021-10-23,113.0,57,0.0,0.0
14,2021-10-22,121.0,50,0.0,0.0
32,2021-10-22,145.0,40,0.0,0.0
34,2021-10-22,22.0,7,0.0,0.0
23,2021-10-22,165.0,41,0.0,0.0
31,2021-10-21,29.0,14,0.0,0.0
21,2021-10-21,107.5,62,0.0,0.0
22,2021-10-21,140.0,65,0.0,0.0
19,2021-10-21,160.0,58,0.0,0.0
20,2021-10-21,154.0,120,0.0,0.0
24,2021-10-20,135.0,36,0.0,0.0
17,2021-10-20,100.0,76,0.0,0.0
18,2021-10-20,85.0,51,0.0,0.0
29,2021-10-20,228.0,77,0.0,0.0
14,2021-10-19,171.5,43,0.0,0.0
16,2021-10-19,85.0,80,0.0,0.0
13,2021-10-19,90.0,35,0.0,0.0
34,2021-10-19,44.5,1,0.0,0.0
15,2021-10-19,140.0,14,0.0,0.0
12,2021-10-18,69.5,48,0.0,0.0
10,2021-10-18,115.0,58,0.0,0.0
11,2021-10-18,105.0,53,0.0,0.0
28,2021-10-17,122.0,63,0.0,0.0
25,2021-10-16,250.0,35,0.0,0.0
26,2021-10-16,144.0,80,0.0,0.0
17,2021-10-16,311.0,150,0.0,0.0
27,2021-10-16,98.0,50,0.0,0.0
23,2021-10-15,180.0,27,0.0,0.0
32,2021-10-15,99.5,42,0.0,0.0
14,2021-10-15,130.5,46,0.0,0.0
34,2021-10-15,47.0,2,0.0,0.0
21,2021-10-14,140.0,79,0.0,0.0
19,2021-10-14,201.0,70,0.0,0.0
22,2021-10-14,190.0,84,0.0,0.0
20,2021-10-14,191.5,176,0.0,0.0
31,2021-10-14,43.0,23,0.0,0.0
24,2021-10-13,155.0,55,0.0,0.0
18,2021-10-13,95.0,57,0.0,0.0
29,2021-10-13,220.0,87,0.0,0.0
24,2021-10-12,160.0,31,0.0,0.0
15,2021-10-12,160.0,31,0.0,0.0
16,2021-10-12,76.0,45,0.0,0.0
13,2021-10-12,90.0,52,0.0,0.0
14,2021-10-12,170.0,40,0.0,0.0
11,2021-10-11,130.0,54,0.0,0.0
12,2021-10-11,79.0,42,0.0,0.0
10,2021-10-11,105.0,40,0.0,0.0
28,2021-10-10,142.0,96,0.0,0.0
27,2021-10-09,110.5,54,0.0,0.0
26,2021-10-09,130.0,78,0.0,0.0
25,2021-10-09,205.0,66,0.0,0.0
17,2021-10-09,274.5,160,0.0,0.0
23,2021-10-08,184.0,30,0.0,0.0
31,2021-10-08,38.0,19,0.0,0.0
32,2021-10-08,115.0,37,0.0,0.0
14,2021-10-08,115.0,40,0.0,0.0
21,2021-10-07,96.5,50,0.0,0.0
20,2021-10-07,183.0,120,0.0,0.0
19,2021-10-07,210.0,75,0.0,0.0
22,2021-10-07,175.0,76,0.0,0.0
18,2021-10-06,83.0,60,0.0,0.0
17,2021-10-06,79.0,34,0.0,0.0
29,2021-10-06,213.0,80,0.0,0.0
24,2021-10-06,140.0,48,0.0,0.0
13,2021-10-05,120.0,56,0.0,0.0
15,2021-10-05,160.0,25,0.0,0.0
14,2021-10-05,167.0,46,0.0,0.0
16,2021-10-05,64.5,43,0.0,0.0
11,2021-10-04,90.0,37,0.0,0.0
12,2021-10-04,94.0,65,0.0,0.0
10,2021-10-04,115.0,58,0.0,0.0
