,id,product1,product2,dzien_rozliczenia,k
0,1,90.26599519124804,56.239423340946466,2022-12-02,1
1,1,188.55731980824498,108.74800279209887,2022-12-03,1
2,1,83.81966758804518,49.12838212782562,2022-12-05,1
3,1,106.88629421821685,67.5981253019174,2022-12-06,1
4,1,118.41798908632386,75.81020135453069,2022-12-07,1
5,1,119.25924128093783,71.9008811440093,2022-12-08,1
6,1,91.88658698345958,60.34743479308526,2022-12-09,1
7,1,190.23345253724517,110.00802292563584,2022-12-10,1
8,1,104.81560040331556,61.27399654666634,2022-12-11,1
9,1,81.28898225306858,48.06354574378393,2022-12-12,1
10,1,108.43702589524742,69.53008111482067,2022-12-13,1
11,1,119.33345002744758,77.0664486679189,2022-12-14,1
12,1,120.22076370112639,75.37795742295852,2022-12-15,1
13,1,90.91339152599794,57.96445569982473,2022-12-16,1
14,1,188.9698520286603,109.58350503841204,2022-12-17,1
15,1,94.31160017598285,55.44155638226331,2022-12-18,1
16,1,83.19377339953787,48.26780962497327,2022-12-19,1
17,1,108.05273496909595,68.78889135324336,2022-12-20,1
18,1,117.20912127139175,74.30254461120573,2022-12-21,1
19,1,118.37862489468897,72.82699299146803,2022-12-22,1
20,1,90.42332492905484,57.66590943445835,2022-12-23,1
21,1,108.27957468855821,66.6604924003403,2022-12-29,1
22,1,88.98933998870254,54.52871767123466,2022-12-30,1
23,1,182.31383809102834,102.75956668378889,2022-12-31,1
24,2,106.38636363636364,45.75,2022-12-02,1
25,2,244.13636363636363,104.1590909090909,2022-12-03,1
26,2,76.06818181818181,40.68181818181818,2022-12-04,1
27,2,101.9090909090909,44.79545454545455,2022-12-05,1
28,2,127.13636363636364,60.04545454545455,2022-12-06,1
29,2,136.9090909090909,63.84090909090909,2022-12-07,1
30,2,171.61363636363637,78.18181818181819,2022-12-08,1
31,2,105.9090909090909,45.65909090909091,2022-12-09,1
32,2,243.86363636363637,104.0,2022-12-10,1
33,2,76.31818181818181,40.56818181818182,2022-12-11,1
34,2,101.9090909090909,44.79545454545455,2022-12-12,1
35,2,126.45454545454545,59.09090909090909,2022-12-13,1
36,2,137.1818181818182,63.52272727272727,2022-12-14,1
37,2,171.4318181818182,78.63636363636364,2022-12-15,1
38,2,105.97727272727273,45.88636363636363,2022-12-16,1
39,2,243.79545454545453,104.04545454545455,2022-12-17,1
40,2,76.22727272727273,40.31818181818182,2022-12-18,1
41,2,101.81818181818181,44.93181818181818,2022-12-19,1
42,2,126.47727272727273,59.09090909090909,2022-12-20,1
43,2,138.22727272727272,62.68181818181818,2022-12-21,1
44,2,171.45454545454547,77.5909090909091,2022-12-22,1
45,2,107.1590909090909,45.72727272727273,2022-12-23,1
46,2,170.75,77.04545454545455,2022-12-29,1
47,2,105.6590909090909,45.97727272727273,2022-12-30,1
48,2,243.02272727272728,104.70454545454545,2022-12-31,1
49,3,81.04166666666667,43.1875,2022-12-02,1
50,3,93.84375,50.708333333333336,2022-12-03,1
51,3,57.708333333333336,31.291666666666668,2022-12-05,1
52,3,74.47916666666667,39.583333333333336,2022-12-06,1
53,3,77.08333333333333,41.354166666666664,2022-12-07,1
54,3,83.76041666666667,44.041666666666664,2022-12-08,1
55,3,80.41666666666667,42.770833333333336,2022-12-09,1
56,3,93.67708333333333,50.375,2022-12-10,1
57,3,57.770833333333336,30.958333333333332,2022-12-12,1
58,3,74.17708333333333,39.125,2022-12-13,1
59,3,77.52083333333333,41.604166666666664,2022-12-14,1
60,3,84.125,43.208333333333336,2022-12-15,1
61,3,80.83333333333333,43.416666666666664,2022-12-16,1
62,3,93.30208333333333,50.166666666666664,2022-12-17,1
63,3,57.770833333333336,30.958333333333332,2022-12-19,1
64,3,74.47916666666667,39.583333333333336,2022-12-20,1
65,3,77.25,41.104166666666664,2022-12-21,1
66,3,84.05208333333333,44.270833333333336,2022-12-22,1
67,3,80.54166666666667,42.583333333333336,2022-12-23,1
68,3,83.73958333333333,42.979166666666664,2022-12-29,1
69,3,80.625,42.416666666666664,2022-12-30,1
70,3,93.17708333333333,49.645833333333336,2022-12-31,1
71,4,49.68035077549463,18.010792652750624,2022-12-02,1
72,4,123.04799555957806,51.00400872087487,2022-12-03,1
73,4,46.45658034475992,19.24204061990974,2022-12-05,1
74,4,57.0747788821971,20.27323905533925,2022-12-06,1
75,4,61.74867434231374,24.912223044890784,2022-12-07,1
76,4,66.23379455175824,28.857497512678282,2022-12-08,1
77,4,52.22183093737517,19.86134604580201,2022-12-09,1
78,4,122.77340282769481,49.19842234860274,2022-12-10,1
79,4,67.56298597703503,29.163236986935964,2022-12-11,1
80,4,45.290728369815575,18.711122032116712,2022-12-12,1
81,4,53.18564761574777,21.112544996577785,2022-12-13,1
82,4,58.53751983568178,21.9535160761083,2022-12-14,1
83,4,64.12198862501567,27.754897880043117,2022-12-15,1
84,4,54.62221394077414,20.828271356559547,2022-12-16,1
85,4,122.77429661875863,50.31701913789317,2022-12-17,1
86,4,70.26072392403682,30.127517529075547,2022-12-18,1
87,4,45.682802023437894,18.46953860450019,2022-12-19,1
88,4,53.40695348907187,20.83485119171179,2022-12-20,1
89,4,63.75648659553574,24.132174118063006,2022-12-21,1
90,4,65.17507451934586,25.330528103854782,2022-12-22,1
91,4,50.22305964618397,18.151274687254073,2022-12-23,1
92,4,60.66270655781647,28.193815944261637,2022-12-29,1
93,4,50.75774249509231,18.368792108457523,2022-12-30,1
94,4,110.78552505993162,44.08513433092705,2022-12-31,1
95,6,34.0625,26.9375,2022-12-02,1
96,6,65.75,43.0,2022-12-03,1
97,6,33.59375,25.0625,2022-12-05,1
98,6,44.9375,31.8125,2022-12-06,1
99,6,93.59375,56.0,2022-12-07,1
100,6,55.125,39.75,2022-12-08,1
101,6,34.75,24.75,2022-12-09,1
102,6,63.4375,40.9375,2022-12-10,1
103,6,35.8125,27.25,2022-12-12,1
104,6,43.8125,31.5625,2022-12-13,1
105,6,86.34375,58.125,2022-12-14,1
106,6,56.125,46.75,2022-12-15,1
107,6,33.0,24.625,2022-12-16,1
108,6,62.0,40.4375,2022-12-17,1
109,6,33.5,26.3125,2022-12-19,1
110,6,44.5,33.25,2022-12-20,1
111,6,82.3125,57.25,2022-12-21,1
112,6,56.9375,42.5625,2022-12-22,1
113,6,33.4375,25.75,2022-12-23,1
114,6,56.3125,43.3125,2022-12-29,1
115,6,33.5625,25.25,2022-12-30,1
116,6,66.0,42.6875,2022-12-31,1
117,7,65.59782608695652,38.28260869565217,2022-12-02,1
118,7,109.95652173913044,58.06521739130435,2022-12-03,1
119,7,53.80434782608695,34.93478260869565,2022-12-05,1
120,7,79.97826086956522,42.26086956521739,2022-12-06,1
121,7,77.97826086956522,41.41304347826087,2022-12-07,1
122,7,84.6086956521739,48.84782608695652,2022-12-08,1
123,7,66.31521739130434,37.95652173913044,2022-12-09,1
124,7,110.0,57.891304347826086,2022-12-10,1
125,7,53.58695652173913,34.43478260869565,2022-12-12,1
126,7,79.97826086956522,42.26086956521739,2022-12-13,1
127,7,78.73913043478261,41.82608695652174,2022-12-14,1
128,7,84.6086956521739,48.84782608695652,2022-12-15,1
129,7,65.70652173913044,37.91304347826087,2022-12-16,1
130,7,110.0,57.891304347826086,2022-12-17,1
131,7,53.95652173913044,34.54347826086956,2022-12-19,1
132,7,79.97826086956522,42.26086956521739,2022-12-20,1
133,7,78.97826086956522,41.67391304347826,2022-12-21,1
134,7,84.6086956521739,48.84782608695652,2022-12-22,1
135,7,65.1195652173913,37.391304347826086,2022-12-23,1
136,7,84.8695652173913,49.34782608695652,2022-12-29,1
137,7,66.07608695652173,37.869565217391305,2022-12-30,1
138,7,110.23913043478261,58.608695652173914,2022-12-31,1
139,8,106.52873350333262,41.441651706156534,2022-12-02,1
140,8,104.69987583012247,39.68247292846981,2022-12-03,1
141,8,63.68590155059217,24.77146110437876,2022-12-05,1
142,8,95.58535878818358,35.316509372603726,2022-12-06,1
143,8,81.78245545492423,34.11241515483208,2022-12-07,1
144,8,84.72786626193256,34.848581520268496,2022-12-08,1
145,8,106.97076890456968,41.50429396483055,2022-12-09,1
146,8,104.01147497159863,39.32121606524083,2022-12-10,1
147,8,62.69661529301708,25.121153817395943,2022-12-12,1
148,8,94.96241721379452,35.60438533416561,2022-12-13,1
149,8,83.34109475089492,33.82322544025126,2022-12-14,1
150,8,85.06074851398147,35.63518273217227,2022-12-15,1
151,8,107.5226786503354,42.16131367538525,2022-12-16,1
152,8,103.69451248247569,38.113629745419395,2022-12-17,1
153,8,65.27503360571718,24.999374937080987,2022-12-19,1
154,8,95.30199311962237,35.010072525219655,2022-12-20,1
155,8,81.27512139723436,33.63834305425055,2022-12-21,1
156,8,84.8918500689118,34.996398755148086,2022-12-22,1
157,8,98.29662985176954,39.563378002756345,2022-12-23,1
158,8,83.71837808852507,34.99402799505558,2022-12-29,1
159,8,105.66451384649494,41.85477852385652,2022-12-30,1
160,8,101.93873591238992,36.350217558973036,2022-12-31,1
161,9,71.4683479231697,28.51533420871744,2022-12-02,1
162,9,82.11478843998988,31.661394018432528,2022-12-03,1
163,9,52.50870763734085,21.722413426118912,2022-12-05,1
164,9,59.29172637396749,25.325142556957513,2022-12-06,1
165,9,66.92723769728168,27.68844023243695,2022-12-07,1
166,9,70.82366226545362,31.25203525760293,2022-12-08,1
167,9,70.13941939668113,27.699522705703867,2022-12-09,1
168,9,82.98440342183282,31.96859607790247,2022-12-10,1
169,9,51.913291019987675,22.1350031311484,2022-12-12,1
170,9,60.490189541114994,26.014033720643123,2022-12-13,1
171,9,67.14036468113228,28.009112497720682,2022-12-14,1
172,9,70.52913661063141,31.500218853822187,2022-12-15,1
173,9,68.8773209402375,27.43238349644813,2022-12-16,1
174,9,82.87437810874906,31.67896508114549,2022-12-17,1
175,9,52.13451411541648,21.204055213688747,2022-12-19,1
176,9,59.67890940142335,25.59394940927257,2022-12-20,1
177,9,66.24521649315338,27.355530359199303,2022-12-21,1
178,9,70.97098271301451,31.09941012941005,2022-12-22,1
179,9,76.30628198322417,29.180759202039184,2022-12-23,1
180,9,69.99302968574061,31.28324736629875,2022-12-29,1
181,9,69.29151240273613,27.423946420679478,2022-12-30,1
182,9,81.22602629050647,30.937161703641635,2022-12-31,1
183,37,63.09375,25.9375,2022-12-02,1
184,37,105.65625,38.5,2022-12-03,1
185,37,55.375,22.1875,2022-12-05,1
186,37,67.0,28.125,2022-12-06,1
187,37,66.75,27.875,2022-12-07,1
188,37,68.9375,26.6875,2022-12-08,1
189,37,61.53125,25.9375,2022-12-09,1
190,37,104.96875,40.25,2022-12-10,1
191,37,103.1875,34.4375,2022-12-11,1
192,37,55.125,24.125,2022-12-12,1
193,37,66.0625,27.3125,2022-12-13,1
194,37,68.65625,27.1875,2022-12-14,1
195,37,70.53125,28.8125,2022-12-15,1
196,37,62.15625,26.25,2022-12-16,1
197,37,106.34375,39.75,2022-12-17,1
198,37,103.1875,34.4375,2022-12-18,1
199,37,55.46875,23.3125,2022-12-19,1
200,37,66.5,29.25,2022-12-20,1
201,37,67.15625,28.4375,2022-12-21,1
202,37,70.625,29.6875,2022-12-22,1
203,37,62.15625,27.0,2022-12-23,1
204,37,69.625,29.0625,2022-12-29,1
205,37,61.28125,25.8125,2022-12-30,1
206,37,104.8125,38.8125,2022-12-31,1
207,1,80.58578308996196,52.42024776514576,2023-01-16,2
208,1,112.8626226699523,79.21440436413421,2023-01-17,2
209,1,121.39722473861391,82.78877467413686,2023-01-18,2
210,1,120.51129526001752,80.35393589627633,2023-01-19,2
211,1,89.60845208215213,64.18000535342779,2023-01-20,2
212,1,182.72498776648533,109.53358356368129,2023-01-21,2
213,1,79.7085267253391,52.295918304517706,2023-01-23,2
214,1,102.20959878115545,57.76752583942673,2023-01-24,2
215,1,121.43871416953046,75.49839612949174,2023-01-25,2
216,1,110.08482811102043,69.31782596760127,2023-01-26,2
217,1,94.9490160825454,65.27955316042267,2023-01-27,2
218,1,204.11383580601512,115.85814774462813,2023-01-28,2
219,1,81.82736313799687,44.473814155568824,2023-01-30,2
220,1,118.06174333629603,72.53459864714942,2023-01-31,2
221,1,114.91226483518469,75.95604056153502,2023-02-01,2
222,1,126.49663817693181,79.34143299800708,2023-02-02,2
223,1,89.95033361261238,52.47038093421145,2023-02-03,2
224,1,194.22776233914425,109.59741244060275,2023-02-04,2
225,1,79.35233000484423,42.06343902235193,2023-02-06,2
226,1,114.23960677879418,64.16221083186979,2023-02-07,2
227,1,120.1011325977813,77.41922759888661,2023-02-08,2
228,1,114.44590708181532,70.22982310897109,2023-02-09,2
229,1,93.76380682877216,57.98440120877274,2023-02-10,2
230,1,198.8359747306244,119.60921070969185,2023-02-11,2
231,1,76.25450340738385,50.21168728370977,2023-02-13,2
232,2,68.11111111111111,40.888888888888886,2023-01-15,2
233,2,92.11111111111111,47.55555555555556,2023-01-16,2
234,2,125.22222222222223,65.77777777777777,2023-01-17,2
235,2,135.44444444444446,67.88888888888889,2023-01-18,2
236,2,161.88888888888889,82.44444444444444,2023-01-19,2
237,2,104.11111111111111,48.44444444444444,2023-01-20,2
238,2,230.88888888888889,107.77777777777777,2023-01-21,2
239,2,78.22222222222223,44.0,2023-01-22,2
240,2,95.66666666666667,46.55555555555556,2023-01-23,2
241,2,121.88888888888889,62.888888888888886,2023-01-24,2
242,2,139.44444444444446,69.33333333333333,2023-01-25,2
243,2,166.0,77.0,2023-01-26,2
244,2,104.11111111111111,44.888888888888886,2023-01-27,2
245,2,243.44444444444446,114.22222222222223,2023-01-28,2
246,2,83.11111111111111,43.55555555555556,2023-01-29,2
247,2,100.44444444444444,46.888888888888886,2023-01-30,2
248,2,124.33333333333333,59.22222222222222,2023-01-31,2
249,2,140.44444444444446,64.88888888888889,2023-02-01,2
250,2,171.44444444444446,76.44444444444444,2023-02-02,2
251,2,107.11111111111111,43.888888888888886,2023-02-03,2
252,2,242.11111111111111,110.33333333333333,2023-02-04,2
253,2,78.88888888888889,41.888888888888886,2023-02-05,2
254,2,95.11111111111111,42.77777777777778,2023-02-06,2
255,2,123.11111111111111,66.44444444444444,2023-02-07,2
256,2,139.55555555555554,64.22222222222223,2023-02-08,2
257,2,175.88888888888889,83.0,2023-02-09,2
258,2,100.22222222222223,47.666666666666664,2023-02-10,2
259,2,253.77777777777777,108.88888888888889,2023-02-11,2
260,2,83.44444444444444,37.666666666666664,2023-02-12,2
261,2,107.66666666666667,47.0,2023-02-13,2
262,3,56.71296296296296,30.444444444444443,2023-01-16,2
263,3,73.71296296296296,40.166666666666664,2023-01-17,2
264,3,75.58333333333333,40.870370370370374,2023-01-18,2
265,3,82.89814814814815,43.666666666666664,2023-01-19,2
266,3,78.94444444444444,41.72222222222222,2023-01-20,2
267,3,91.96296296296296,49.7037037037037,2023-01-21,2
268,3,56.78703703703704,30.444444444444443,2023-01-23,2
269,3,73.49074074074075,40.074074074074076,2023-01-24,2
270,3,75.87037037037037,40.48148148148148,2023-01-25,2
271,3,83.04629629629629,43.351851851851855,2023-01-26,2
272,3,80.14814814814815,42.44444444444444,2023-01-27,2
273,3,91.73148148148148,49.074074074074076,2023-01-28,2
274,3,56.925925925925924,30.703703703703702,2023-01-30,2
275,3,73.87962962962963,40.111111111111114,2023-01-31,2
276,3,76.04629629629629,41.148148148148145,2023-02-01,2
277,3,83.28703703703704,43.592592592592595,2023-02-02,2
278,3,80.14814814814815,42.44444444444444,2023-02-03,2
279,3,92.07407407407408,49.129629629629626,2023-02-04,2
280,3,56.78703703703704,30.703703703703702,2023-02-06,2
281,3,73.49074074074075,40.074074074074076,2023-02-07,2
282,3,75.61111111111111,40.2962962962963,2023-02-08,2
283,3,83.6574074074074,44.074074074074076,2023-02-09,2
284,3,79.5925925925926,42.074074074074076,2023-02-10,2
285,3,92.33333333333333,49.7962962962963,2023-02-11,2
286,3,56.78703703703704,30.703703703703702,2023-02-13,2
287,4,45.61412630749903,20.05359446693608,2023-01-16,2
288,4,53.34236990170169,23.5849219475239,2023-01-17,2
289,4,59.11674874263941,26.91314761265567,2023-01-18,2
290,4,63.832091470649644,27.269331808053757,2023-01-19,2
291,4,51.54598597095653,19.137292923901512,2023-01-20,2
292,4,118.09922120584663,49.66104336773544,2023-01-21,2
293,4,45.67748711548705,20.34285285341305,2023-01-23,2
294,4,54.211739087049175,20.562060705634458,2023-01-24,2
295,4,60.512438636612515,25.515292851114392,2023-01-25,2
296,4,67.18675762869285,28.028039577703108,2023-01-26,2
297,4,50.97549636953797,19.58795793282315,2023-01-27,2
298,4,122.07795121563689,48.35853318770961,2023-01-28,2
299,4,45.78657755524951,18.8052283958838,2023-01-30,2
300,4,53.89955468734637,20.592940778460967,2023-01-31,2
301,4,62.17030349194473,26.773195046165235,2023-02-01,2
302,4,68.92609166875313,27.963874783206695,2023-02-02,2
303,4,52.232042077870105,19.702834561214484,2023-02-03,2
304,4,122.00695546154377,48.41482680695304,2023-02-04,2
305,4,45.88283112878893,18.73934439270491,2023-02-06,2
306,4,53.647892212306864,21.883378831398755,2023-02-07,2
307,4,61.619062623528066,26.6130274909992,2023-02-08,2
308,4,67.44770048627456,28.285880223547547,2023-02-09,2
309,4,52.28650882193182,19.721679147000195,2023-02-10,2
310,4,122.4504329061211,47.63199358208481,2023-02-11,2
311,4,47.31030825974021,19.080196351053623,2023-02-13,2
312,6,34.05555555555556,24.166666666666668,2023-01-16,2
313,6,41.833333333333336,32.333333333333336,2023-01-17,2
314,6,86.88888888888889,55.666666666666664,2023-01-18,2
315,6,54.30555555555556,42.611111111111114,2023-01-19,2
316,6,32.55555555555556,25.22222222222222,2023-01-20,2
317,6,50.27777777777778,39.333333333333336,2023-01-21,2
318,6,34.94444444444444,27.055555555555557,2023-01-23,2
319,6,46.77777777777778,33.611111111111114,2023-01-24,2
320,6,87.55555555555556,57.44444444444444,2023-01-25,2
321,6,55.77777777777778,44.5,2023-01-26,2
322,6,33.94444444444444,24.666666666666668,2023-01-27,2
323,6,64.88888888888889,43.27777777777778,2023-01-28,2
324,6,34.02777777777778,25.11111111111111,2023-01-30,2
325,6,45.166666666666664,31.666666666666668,2023-01-31,2
326,6,91.63888888888889,56.72222222222222,2023-02-01,2
327,6,55.861111111111114,43.666666666666664,2023-02-02,2
328,6,32.666666666666664,24.77777777777778,2023-02-03,2
329,6,65.11111111111111,41.22222222222222,2023-02-04,2
330,6,33.94444444444444,25.555555555555557,2023-02-06,2
331,6,44.666666666666664,31.555555555555557,2023-02-07,2
332,6,87.72222222222223,56.0,2023-02-08,2
333,6,55.72222222222222,42.5,2023-02-09,2
334,6,33.77777777777778,25.22222222222222,2023-02-10,2
335,6,63.166666666666664,43.166666666666664,2023-02-11,2
336,6,35.583333333333336,24.166666666666668,2023-02-13,2
337,7,54.0531914893617,34.5531914893617,2023-01-16,2
338,7,79.68085106382979,43.08510638297872,2023-01-17,2
339,7,78.55319148936171,42.4468085106383,2023-01-18,2
340,7,86.95744680851064,52.12765957446808,2023-01-19,2
341,7,64.54255319148936,36.744680851063826,2023-01-20,2
342,7,109.2127659574468,57.48936170212766,2023-01-21,2
343,7,53.92553191489362,34.42553191489362,2023-01-23,2
344,7,80.02127659574468,42.659574468085104,2023-01-24,2
345,7,79.36170212765957,41.829787234042556,2023-01-25,2
346,7,85.02127659574468,49.59574468085106,2023-01-26,2
347,7,65.64893617021276,36.95744680851064,2023-01-27,2
348,7,109.8936170212766,58.51063829787234,2023-01-28,2
349,7,54.37234042553192,34.765957446808514,2023-01-30,2
350,7,80.17021276595744,43.234042553191486,2023-01-31,2
351,7,79.44680851063829,41.829787234042556,2023-02-01,2
352,7,85.19148936170212,49.680851063829785,2023-02-02,2
353,7,65.6063829787234,36.93617021276596,2023-02-03,2
354,7,110.25531914893617,58.234042553191486,2023-02-04,2
355,7,54.0531914893617,33.87234042553192,2023-02-06,2
356,7,79.87234042553192,42.40425531914894,2023-02-07,2
357,7,78.87234042553192,41.765957446808514,2023-02-08,2
358,7,84.80851063829788,49.234042553191486,2023-02-09,2
359,7,66.09574468085107,36.93617021276596,2023-02-10,2
360,7,110.23404255319149,58.148936170212764,2023-02-11,2
361,7,54.01063829787234,33.93617021276596,2023-02-13,2
362,8,63.125,24.318181818181817,2023-01-16,2
363,8,94.36363636363636,34.43181818181818,2023-01-17,2
364,8,80.43181818181819,34.25,2023-01-18,2
365,8,84.3409090909091,33.90909090909091,2023-01-19,2
366,8,103.375,40.20454545454545,2023-01-20,2
367,8,100.60227272727273,42.02272727272727,2023-01-21,2
368,8,64.39772727272727,25.09090909090909,2023-01-23,2
369,8,93.45454545454545,34.06818181818182,2023-01-24,2
370,8,80.3409090909091,33.5,2023-01-25,2
371,8,83.92045454545455,34.0,2023-01-26,2
372,8,103.7159090909091,40.84090909090909,2023-01-27,2
373,8,104.5909090909091,38.68181818181818,2023-01-28,2
374,8,61.89772727272727,24.568181818181817,2023-01-30,2
375,8,93.04545454545455,33.18181818181818,2023-01-31,2
376,8,80.27272727272727,33.95454545454545,2023-02-01,2
377,8,83.38636363636364,34.06818181818182,2023-02-02,2
378,8,98.43181818181819,39.93181818181818,2023-02-03,2
379,8,101.94318181818181,38.47727272727273,2023-02-04,2
380,8,64.7840909090909,25.295454545454547,2023-02-06,2
381,8,94.5,34.09090909090909,2023-02-07,2
382,8,81.11363636363636,34.20454545454545,2023-02-08,2
383,8,84.54545454545455,34.72727272727273,2023-02-09,2
384,8,104.64772727272727,39.79545454545455,2023-02-10,2
385,8,103.92045454545455,37.43181818181818,2023-02-11,2
386,8,63.64772727272727,24.431818181818183,2023-02-13,2
387,9,49.01754385964912,20.05263157894737,2023-01-16,2
388,9,60.973684210526315,26.29824561403509,2023-01-17,2
389,9,66.0701754385965,26.964912280701753,2023-01-18,2
390,9,70.30701754385964,31.017543859649123,2023-01-19,2
391,9,67.01754385964912,26.228070175438596,2023-01-20,2
392,9,83.46491228070175,32.578947368421055,2023-01-21,2
393,9,49.03508771929825,20.0,2023-01-23,2
394,9,60.90350877192982,26.087719298245613,2023-01-24,2
395,9,65.35087719298245,26.894736842105264,2023-01-25,2
396,9,70.00877192982456,30.54385964912281,2023-01-26,2
397,9,66.50877192982456,26.45614035087719,2023-01-27,2
398,9,83.30701754385964,32.280701754385966,2023-01-28,2
399,9,48.771929824561404,20.017543859649123,2023-01-30,2
400,9,61.09649122807018,26.280701754385966,2023-01-31,2
401,9,65.42105263157895,26.894736842105264,2023-02-01,2
402,9,70.53508771929825,31.17543859649123,2023-02-02,2
403,9,66.50877192982456,26.45614035087719,2023-02-03,2
404,9,83.44736842105263,32.50877192982456,2023-02-04,2
405,9,48.771929824561404,20.017543859649123,2023-02-06,2
406,9,61.09649122807018,26.280701754385966,2023-02-07,2
407,9,65.7719298245614,27.140350877192983,2023-02-08,2
408,9,70.00877192982456,30.54385964912281,2023-02-09,2
409,9,66.3859649122807,26.385964912280702,2023-02-10,2
410,9,82.8859649122807,32.10526315789474,2023-02-11,2
411,9,48.771929824561404,20.017543859649123,2023-02-13,2
412,37,52.541666666666664,23.25,2023-01-16,2
413,37,63.541666666666664,27.041666666666668,2023-01-17,2
414,37,67.14583333333333,27.875,2023-01-18,2
415,37,68.70833333333333,27.5,2023-01-19,2
416,37,62.0,25.083333333333332,2023-01-20,2
417,37,105.22916666666667,38.75,2023-01-21,2
418,37,52.520833333333336,22.833333333333332,2023-01-23,2
419,37,63.541666666666664,27.041666666666668,2023-01-24,2
420,37,67.97916666666667,27.833333333333332,2023-01-25,2
421,37,69.0,27.375,2023-01-26,2
422,37,61.083333333333336,24.625,2023-01-27,2
423,37,104.77083333333333,39.666666666666664,2023-01-28,2
424,37,52.395833333333336,23.083333333333332,2023-01-30,2
425,37,62.708333333333336,27.416666666666668,2023-01-31,2
426,37,66.85416666666667,27.75,2023-02-01,2
427,37,69.375,28.541666666666668,2023-02-02,2
428,37,61.083333333333336,24.625,2023-02-03,2
429,37,104.77083333333333,39.666666666666664,2023-02-04,2
430,37,52.395833333333336,23.083333333333332,2023-02-06,2
431,37,62.708333333333336,27.416666666666668,2023-02-07,2
432,37,66.85416666666667,27.75,2023-02-08,2
433,37,69.375,28.541666666666668,2023-02-09,2
434,37,61.083333333333336,24.625,2023-02-10,2
435,37,104.77083333333333,39.666666666666664,2023-02-11,2
436,37,52.395833333333336,23.083333333333332,2023-02-13,2
437,1,108.01991219089592,67.82806438436678,2023-02-28,3
438,1,116.39908057660108,74.33522094283738,2023-03-01,3
439,1,118.06927458376205,73.99834389824213,2023-03-02,3
440,1,90.28561704382889,58.78909503139175,2023-03-03,3
441,1,186.95253426959343,106.61301434249175,2023-03-04,3
442,1,81.0571243668865,47.90630574269155,2023-03-06,3
443,1,106.81128221227718,67.71087362232912,2023-03-07,3
444,1,118.1062300247466,75.31027258587014,2023-03-08,3
445,1,122.43299878366638,75.10606776303587,2023-03-09,3
446,1,89.33319165051165,55.593288699735616,2023-03-10,3
447,1,187.09005535806824,107.77789491568429,2023-03-11,3
448,1,81.8744813950922,47.73100910127803,2023-03-13,3
449,1,107.08254341763447,66.82829879826964,2023-03-14,3
450,1,117.23756406732062,73.8755462563445,2023-03-15,3
451,1,122.89144816949354,75.6739852534169,2023-03-16,3
452,1,87.87107068941262,53.542840573210725,2023-03-17,3
453,1,186.56993884640295,106.23232425029859,2023-03-18,3
454,1,82.65426760640885,48.204658894218525,2023-03-20,3
455,1,107.01221131650846,66.8187178730876,2023-03-21,3
456,1,115.80046314626958,73.69991078615914,2023-03-22,3
457,1,120.0487576084607,73.33971027981971,2023-03-23,3
458,1,87.61205558417757,53.63004723372865,2023-03-24,3
459,1,186.2846266349667,105.60322910396314,2023-03-25,3
460,1,81.04145979542666,47.42854813513913,2023-03-27,3
461,1,107.52777055585022,67.85959448859914,2023-03-28,3
462,1,118.46049323743266,74.74756229010947,2023-03-29,3
463,2,124.45454545454545,62.54545454545455,2023-02-28,3
464,2,129.0,60.90909090909091,2023-03-01,3
465,2,168.36363636363637,71.63636363636364,2023-03-02,3
466,2,102.0,45.18181818181818,2023-03-03,3
467,2,234.72727272727272,110.18181818181819,2023-03-04,3
468,2,64.36363636363636,36.72727272727273,2023-03-05,3
469,2,90.54545454545455,44.09090909090909,2023-03-06,3
470,2,133.63636363636363,62.18181818181818,2023-03-07,3
471,2,133.1818181818182,64.63636363636364,2023-03-08,3
472,2,160.0,79.63636363636364,2023-03-09,3
473,2,95.36363636363636,42.81818181818182,2023-03-10,3
474,2,227.9090909090909,108.54545454545455,2023-03-11,3
475,2,73.0909090909091,41.81818181818182,2023-03-12,3
476,2,92.45454545454545,36.27272727272727,2023-03-13,3
477,2,132.1818181818182,56.0,2023-03-14,3
478,2,138.27272727272728,62.09090909090909,2023-03-15,3
479,2,165.27272727272728,76.63636363636364,2023-03-16,3
480,2,102.72727272727273,47.18181818181818,2023-03-17,3
481,2,249.63636363636363,107.81818181818181,2023-03-18,3
482,2,74.36363636363636,41.54545454545455,2023-03-19,3
483,2,106.72727272727273,46.63636363636363,2023-03-20,3
484,2,129.45454545454547,61.81818181818182,2023-03-21,3
485,2,142.8181818181818,59.81818181818182,2023-03-22,3
486,2,169.0909090909091,77.9090909090909,2023-03-23,3
487,2,105.9090909090909,44.36363636363637,2023-03-24,3
488,2,245.72727272727272,106.63636363636364,2023-03-25,3
489,2,81.81818181818181,41.90909090909091,2023-03-26,3
490,2,104.81818181818181,47.36363636363637,2023-03-27,3
491,2,129.54545454545453,64.9090909090909,2023-03-28,3
492,2,134.72727272727272,65.45454545454545,2023-03-29,3
493,3,72.75438646437658,40.56841495218882,2023-02-28,3
494,3,75.0930664256273,40.76654039869412,2023-03-01,3
495,3,82.20460094784033,43.59239287627814,2023-03-02,3
496,3,78.46362379050353,41.93889475795568,2023-03-03,3
497,3,90.94759347997662,49.56039138557976,2023-03-04,3
498,3,56.326065707654806,30.236895407898817,2023-03-06,3
499,3,72.79587694681776,40.14607872852932,2023-03-07,3
500,3,74.70853936183572,41.32845936767046,2023-03-08,3
501,3,82.14590173257413,44.401622999971316,2023-03-09,3
502,3,78.93793736438167,42.18099546050931,2023-03-10,3
503,3,89.73867020577734,48.42409603590514,2023-03-11,3
504,3,58.730655391428996,32.17750881364061,2023-03-13,3
505,3,72.2673235025273,39.03283861029166,2023-03-14,3
506,3,75.09039136146646,40.40902852339746,2023-03-15,3
507,3,82.27914671902828,43.86204025687479,2023-03-16,3
508,3,79.3247538088096,42.36274763943229,2023-03-17,3
509,3,90.42452336834442,49.75146005935735,2023-03-18,3
510,3,56.19921494050135,29.75142497991509,2023-03-20,3
511,3,72.66705600878204,40.02102459074323,2023-03-21,3
512,3,76.18146088397377,41.76929206121111,2023-03-22,3
513,3,81.82778864336696,44.152678866193476,2023-03-23,3
514,3,79.35139915911552,42.80910833497005,2023-03-24,3
515,3,90.40969786311969,49.53252030834705,2023-03-25,3
516,3,55.80213711722835,29.46095526511392,2023-03-27,3
517,3,72.35381232286508,39.26670881172355,2023-03-28,3
518,3,75.97927233800104,41.68059264166861,2023-03-29,3
519,4,52.18333636919455,23.940010531315483,2023-02-28,3
520,4,55.94512603964556,24.244007114384914,2023-03-01,3
521,4,68.6252056090982,30.663396532557638,2023-03-02,3
522,4,48.5274668715727,18.27768316827153,2023-03-03,3
523,4,119.91518410446812,45.19413331575152,2023-03-04,3
524,4,39.514029136714996,15.825918027918076,2023-03-06,3
525,4,53.30631402057179,23.503440310837618,2023-03-07,3
526,4,58.55921390615653,23.474905669440812,2023-03-08,3
527,4,65.00818192629949,29.376656095846872,2023-03-09,3
528,4,53.259451276584784,20.711649124028497,2023-03-10,3
529,4,121.29967376267149,46.287144859203174,2023-03-11,3
530,4,45.41550667850581,19.830050009103406,2023-03-13,3
531,4,55.56984762117898,24.770477781850673,2023-03-14,3
532,4,60.78171945448991,25.102592522333744,2023-03-15,3
533,4,66.01991407915273,28.608540971993836,2023-03-16,3
534,4,52.889424499126974,20.71306946537435,2023-03-17,3
535,4,119.79389152971551,47.01185643870621,2023-03-18,3
536,4,45.22159530147712,19.243615228267398,2023-03-20,3
537,4,51.685466952442425,20.328289080525114,2023-03-21,3
538,4,57.686953172746186,25.14539253441043,2023-03-22,3
539,4,64.45393471462602,25.287977839472628,2023-03-23,3
540,4,52.29005791129515,18.404387019488674,2023-03-24,3
541,4,106.5872015061293,41.57825039378519,2023-03-25,3
542,4,46.09452054948706,18.63368538608365,2023-03-27,3
543,4,55.192881258476625,24.6822336080547,2023-03-28,3
544,4,62.866139988856126,26.070830289427363,2023-03-29,3
545,6,44.83532544574009,35.0273648246301,2023-02-28,3
546,6,82.60735800428976,51.967269169009,2023-03-01,3
547,6,56.27168279869226,42.93688227941465,2023-03-02,3
548,6,32.79240004045086,24.47542320638492,2023-03-03,3
549,6,61.30136284212092,40.90827421894738,2023-03-04,3
550,6,33.48635930558398,24.79124626495832,2023-03-06,3
551,6,45.25247274429163,33.808764556649436,2023-03-07,3
552,6,81.12551372168187,53.284083017385804,2023-03-08,3
553,6,54.532549148985275,42.42191608912073,2023-03-09,3
554,6,31.449368162975816,24.227226156672845,2023-03-10,3
555,6,49.80296999806129,38.580910300802316,2023-03-11,3
556,6,33.022316185008286,24.878866029272768,2023-03-13,3
557,6,43.412356526202004,33.87656269504303,2023-03-14,3
558,6,84.6304101716723,53.35894801228631,2023-03-15,3
559,6,54.68042176197416,41.804013597620326,2023-03-16,3
560,6,32.23526093655392,24.420958014040338,2023-03-17,3
561,6,60.625965497941586,42.0124478798629,2023-03-18,3
562,6,33.812733896207234,25.45692220606278,2023-03-20,3
563,6,45.62691875341066,35.05612150064717,2023-03-21,3
564,6,87.1428883574226,54.148572429460664,2023-03-22,3
565,6,56.69560172630542,43.371037781002805,2023-03-23,3
566,6,33.34670652175939,23.186066152152765,2023-03-24,3
567,6,65.15690946637164,42.259490916513975,2023-03-25,3
568,6,34.67214043296453,26.245258301740083,2023-03-27,3
569,6,44.998964186173275,31.249693247004263,2023-03-28,3
570,6,89.94923199573584,55.52758269122694,2023-03-29,3
571,7,78.53571428571429,41.80357142857143,2023-02-28,3
572,7,78.57142857142857,42.714285714285715,2023-03-01,3
573,7,84.625,50.375,2023-03-02,3
574,7,63.86607142857143,36.892857142857146,2023-03-03,3
575,7,109.28571428571429,57.69642857142857,2023-03-04,3
576,7,52.839285714285715,33.910714285714285,2023-03-06,3
577,7,78.82142857142857,41.875,2023-03-07,3
578,7,77.64285714285714,42.44642857142857,2023-03-08,3
579,7,83.83928571428571,49.732142857142854,2023-03-09,3
580,7,64.16964285714286,36.44642857142857,2023-03-10,3
581,7,110.28571428571429,58.482142857142854,2023-03-11,3
582,7,52.660714285714285,33.92857142857143,2023-03-13,3
583,7,79.16071428571429,42.69642857142857,2023-03-14,3
584,7,77.75,42.375,2023-03-15,3
585,7,85.0,50.964285714285715,2023-03-16,3
586,7,63.88392857142857,36.75,2023-03-17,3
587,7,110.17857142857143,58.42857142857143,2023-03-18,3
588,7,52.589285714285715,33.910714285714285,2023-03-20,3
589,7,78.53571428571429,41.80357142857143,2023-03-21,3
590,7,78.17857142857143,42.535714285714285,2023-03-22,3
591,7,84.35714285714286,49.767857142857146,2023-03-23,3
592,7,64.36607142857143,36.964285714285715,2023-03-24,3
593,7,109.98214285714286,58.285714285714285,2023-03-25,3
594,7,52.767857142857146,34.089285714285715,2023-03-27,3
595,7,79.03571428571429,42.482142857142854,2023-03-28,3
596,7,78.0,42.589285714285715,2023-03-29,3
597,8,94.13829787234043,33.61702127659574,2023-02-28,3
598,8,82.27659574468085,34.40425531914894,2023-03-01,3
599,8,84.65957446808511,34.212765957446805,2023-03-02,3
600,8,103.62765957446808,39.212765957446805,2023-03-03,3
601,8,103.13829787234043,38.765957446808514,2023-03-04,3
602,8,63.58510638297872,25.085106382978722,2023-03-06,3
603,8,93.29787234042553,33.97872340425532,2023-03-07,3
604,8,81.31914893617021,34.319148936170215,2023-03-08,3
605,8,81.73404255319149,35.95744680851064,2023-03-09,3
606,8,105.47872340425532,40.659574468085104,2023-03-10,3
607,8,102.03191489361703,37.08510638297872,2023-03-11,3
608,8,69.07446808510639,27.4468085106383,2023-03-13,3
609,8,93.73404255319149,33.08510638297872,2023-03-14,3
610,8,82.27659574468085,33.42553191489362,2023-03-15,3
611,8,84.76595744680851,34.57446808510638,2023-03-16,3
612,8,103.7872340425532,39.40425531914894,2023-03-17,3
613,8,102.54255319148936,37.1063829787234,2023-03-18,3
614,8,63.308510638297875,24.361702127659573,2023-03-20,3
615,8,93.59574468085107,33.93617021276596,2023-03-21,3
616,8,80.65957446808511,32.723404255319146,2023-03-22,3
617,8,83.76595744680851,33.95744680851064,2023-03-23,3
618,8,103.29787234042553,38.680851063829785,2023-03-24,3
619,8,102.72340425531915,37.297872340425535,2023-03-25,3
620,8,62.776595744680854,24.425531914893618,2023-03-27,3
621,8,93.41489361702128,34.170212765957444,2023-03-28,3
622,8,81.76595744680851,33.212765957446805,2023-03-29,3
623,9,60.71268389169845,26.038590317402114,2023-02-28,3
624,9,73.87691577500607,30.788664507358163,2023-03-01,3
625,9,73.05060158393636,31.515098515719338,2023-03-02,3
626,9,64.71579090235038,24.940270053745753,2023-03-03,3
627,9,85.07711194090328,33.86019356672438,2023-03-04,3
628,9,46.548142645116734,17.496894519455093,2023-03-06,3
629,9,59.79284484149442,25.323435296811837,2023-03-07,3
630,9,67.51921876001788,32.56395037550049,2023-03-08,3
631,9,62.22930899055927,29.26690003828259,2023-03-09,3
632,9,67.0652052589613,26.873548227846683,2023-03-10,3
633,9,73.43848786495192,27.539621468278074,2023-03-11,3
634,9,48.6876830425254,17.23880187792556,2023-03-13,3
635,9,62.58752383846252,26.506160106649563,2023-03-14,3
636,9,69.78849745487803,31.555059437954654,2023-03-15,3
637,9,69.31430946426114,29.12709827075208,2023-03-16,3
638,9,65.73820843406617,27.43279492330143,2023-03-17,3
639,9,80.15942966825635,31.992946189845487,2023-03-18,3
640,9,53.704998684651386,20.24898280554283,2023-03-20,3
641,9,64.80342263223686,25.964977041758857,2023-03-21,3
642,9,72.2489859629544,28.018723910281995,2023-03-22,3
643,9,74.60918374202433,31.23487629934767,2023-03-23,3
644,9,70.63692294836777,24.04911768901469,2023-03-24,3
645,9,87.76409360142485,35.74481219644498,2023-03-25,3
646,9,51.27573766841909,21.122388496787586,2023-03-27,3
647,9,64.02757809203142,28.644529607731897,2023-03-28,3
648,9,77.4139392127443,31.771297541027298,2023-03-29,3
649,37,60.8,27.933333333333334,2023-02-28,3
650,37,64.8,28.433333333333334,2023-03-01,3
651,37,68.15,28.966666666666665,2023-03-02,3
652,37,59.8,25.6,2023-03-03,3
653,37,102.15,39.36666666666667,2023-03-04,3
654,37,50.18333333333333,22.566666666666666,2023-03-06,3
655,37,61.03333333333333,28.166666666666668,2023-03-07,3
656,37,64.93333333333334,28.3,2023-03-08,3
657,37,68.08333333333333,29.466666666666665,2023-03-09,3
658,37,59.8,25.566666666666666,2023-03-10,3
659,37,103.41666666666667,39.86666666666667,2023-03-11,3
660,37,49.9,22.433333333333334,2023-03-13,3
661,37,60.8,27.933333333333334,2023-03-14,3
662,37,64.8,28.433333333333334,2023-03-15,3
663,37,67.73333333333333,28.833333333333332,2023-03-16,3
664,37,59.8,25.6,2023-03-17,3
665,37,103.15,39.86666666666667,2023-03-18,3
666,37,50.06666666666667,22.433333333333334,2023-03-20,3
667,37,61.03333333333333,28.166666666666668,2023-03-21,3
668,37,64.5,28.166666666666668,2023-03-22,3
669,37,67.01666666666667,28.633333333333333,2023-03-23,3
670,37,59.8,25.566666666666666,2023-03-24,3
671,37,102.15,39.36666666666667,2023-03-25,3
672,37,49.11666666666667,22.4,2023-03-27,3
673,37,61.03333333333333,28.166666666666668,2023-03-28,3
674,37,64.5,28.166666666666668,2023-03-29,3
675,1,108.2,65.2,2023-04-13,4
676,1,98.6,56.8,2023-04-14,4
677,1,180.8,102.8,2023-04-15,4
678,1,72.7,47.2,2023-04-17,4
679,1,93.7,62.4,2023-04-18,4
680,1,111.4,75.8,2023-04-19,4
681,1,115.2,74.0,2023-04-20,4
682,1,89.5,61.4,2023-04-21,4
683,1,160.4,91.2,2023-04-22,4
684,1,75.6,43.2,2023-04-24,4
685,1,102.9,59.8,2023-04-25,4
686,1,112.7,82.2,2023-04-26,4
687,1,115.6,75.2,2023-04-27,4
688,1,97.0,67.0,2023-04-28,4
689,1,177.4,108.6,2023-04-29,4
690,1,93.0,68.0,2023-05-02,4
691,1,112.6,84.6,2023-05-04,4
692,1,84.4,61.8,2023-05-05,4
693,1,175.6,111.8,2023-05-06,4
694,1,76.0,46.2,2023-05-08,4
695,1,106.6,64.2,2023-05-09,4
696,1,122.4,71.2,2023-05-10,4
697,1,117.4,70.6,2023-05-11,4
698,1,89.3,55.6,2023-05-12,4
699,2,153.30769230769232,76.23076923076923,2023-04-13,4
700,2,105.15384615384616,48.61538461538461,2023-04-14,4
701,2,223.23076923076923,104.76923076923077,2023-04-15,4
702,2,71.23076923076923,39.23076923076923,2023-04-16,4
703,2,84.03846153846153,42.07692307692308,2023-04-17,4
704,2,116.42307692307692,59.76923076923077,2023-04-18,4
705,2,128.46153846153845,63.53846153846154,2023-04-19,4
706,2,153.92307692307693,76.92307692307692,2023-04-20,4
707,2,103.84615384615384,49.46153846153846,2023-04-21,4
708,2,233.15384615384616,109.38461538461539,2023-04-22,4
709,2,70.84615384615384,41.53846153846154,2023-04-23,4
710,2,88.6923076923077,42.15384615384615,2023-04-24,4
711,2,124.3076923076923,60.46153846153846,2023-04-25,4
712,2,133.3846153846154,64.76923076923077,2023-04-26,4
713,2,159.3846153846154,78.61538461538461,2023-04-27,4
714,2,105.3076923076923,51.30769230769231,2023-04-28,4
715,2,240.96153846153845,117.23076923076923,2023-04-29,4
716,2,66.92307692307692,40.76923076923077,2023-04-30,4
717,2,126.38461538461539,63.46153846153846,2023-05-02,4
718,2,155.69230769230768,82.6923076923077,2023-05-04,4
719,2,98.07692307692308,47.84615384615385,2023-05-05,4
720,2,234.19230769230768,95.76923076923077,2023-05-06,4
721,2,68.92307692307692,43.30769230769231,2023-05-07,4
722,2,87.07692307692308,41.69230769230769,2023-05-08,4
723,2,130.6153846153846,62.15384615384615,2023-05-09,4
724,2,145.84615384615384,62.07692307692308,2023-05-10,4
725,2,175.15384615384616,81.61538461538461,2023-05-11,4
726,2,107.3076923076923,44.46153846153846,2023-05-12,4
727,3,82.0144456952279,45.080463062040394,2023-04-13,4
728,3,76.77697825979736,39.33525507274072,2023-04-14,4
729,3,82.05089048346856,44.624282174306664,2023-04-15,4
730,3,57.02725340326811,32.24701136148083,2023-04-17,4
731,3,70.9966780038264,39.63385522334671,2023-04-18,4
732,3,72.66678280336683,41.10809926900566,2023-04-19,4
733,3,80.79480098930806,43.332646436341335,2023-04-20,4
734,3,79.86934270775981,41.570210016796466,2023-04-21,4
735,3,86.83075379903302,44.37333995006757,2023-04-22,4
736,3,53.46475162347537,27.10586669575937,2023-04-24,4
737,3,73.80707817720321,40.7564831741862,2023-04-25,4
738,3,76.46681177066041,42.765966860713384,2023-04-26,4
739,3,81.16784323956982,45.45925791679813,2023-04-27,4
740,3,76.63882417303509,40.515441163745265,2023-04-28,4
741,3,84.37231378984517,50.32366512147294,2023-04-29,4
742,3,66.14072079842882,39.92637426369263,2023-05-02,4
743,3,77.87808768347821,40.54792357763572,2023-05-04,4
744,3,81.28477357426371,41.55270306966422,2023-05-05,4
745,3,84.33386791731424,44.09133687122408,2023-05-06,4
746,3,55.3924808795739,29.778335666033293,2023-05-08,4
747,3,74.04093154811018,40.63567863540205,2023-05-09,4
748,3,79.26907282672538,43.23398531072918,2023-05-10,4
749,3,81.76834379737262,46.064089509103,2023-05-11,4
750,3,79.72911585646538,42.48922801910915,2023-05-12,4
751,4,55.87173705200771,26.20018280345525,2023-04-13,4
752,4,50.93963061401554,19.484736178603782,2023-04-14,4
753,4,108.64370301800173,41.35214892915481,2023-04-15,4
754,4,41.30011464191446,14.869453610014807,2023-04-17,4
755,4,48.539384689712165,25.580481393099948,2023-04-18,4
756,4,66.2151827494672,28.346955421696087,2023-04-19,4
757,4,68.85085790179332,27.58653591570302,2023-04-20,4
758,4,52.24639337702264,23.93780318186375,2023-04-21,4
759,4,104.25039052598619,40.475780402750466,2023-04-22,4
760,4,51.768340670454585,13.718887926507021,2023-04-24,4
761,4,49.72613073968219,25.073455208904512,2023-04-25,4
762,4,59.47950329362369,26.491797701227178,2023-04-26,4
763,4,64.98503633703196,27.827513368114833,2023-04-27,4
764,4,48.27700925446111,24.785043235514646,2023-04-28,4
765,4,113.90537697934936,44.991673793605315,2023-04-29,4
766,4,48.29465455643251,22.211227587714397,2023-05-02,4
767,4,58.56824551925874,24.384091120831236,2023-05-04,4
768,4,51.67892530930625,22.350481591336063,2023-05-05,4
769,4,117.35319573614858,50.92412958913943,2023-05-06,4
770,4,45.81603351082435,23.147812191898446,2023-05-08,4
771,4,53.76860207425244,22.991050583427988,2023-05-09,4
772,4,59.135531888623476,26.64646284429812,2023-05-10,4
773,4,68.26008666439672,27.826004017358613,2023-05-11,4
774,4,51.51745951602624,17.14165774656323,2023-05-12,4
775,6,55.8421052631579,43.526315789473685,2023-04-13,4
776,6,33.1578947368421,24.42105263157895,2023-04-14,4
777,6,62.36842105263158,42.473684210526315,2023-04-15,4
778,6,32.94736842105263,24.157894736842106,2023-04-17,4
779,6,45.18421052631579,34.578947368421055,2023-04-18,4
780,6,87.15789473684211,56.05263157894737,2023-04-19,4
781,6,56.44736842105263,40.36842105263158,2023-04-20,4
782,6,33.21052631578947,26.31578947368421,2023-04-21,4
783,6,61.63157894736842,42.1578947368421,2023-04-22,4
784,6,35.73684210526316,24.473684210526315,2023-04-24,4
785,6,43.78947368421053,29.736842105263158,2023-04-25,4
786,6,82.42105263157895,52.89473684210526,2023-04-26,4
787,6,56.60526315789474,46.10526315789474,2023-04-27,4
788,6,32.421052631578945,24.210526315789473,2023-04-28,4
789,6,63.31578947368421,42.1578947368421,2023-04-29,4
790,6,46.1578947368421,34.578947368421055,2023-05-02,4
791,6,53.18421052631579,39.94736842105263,2023-05-04,4
792,6,30.68421052631579,24.42105263157895,2023-05-05,4
793,6,58.68421052631579,37.10526315789474,2023-05-06,4
794,6,32.26315789473684,25.210526315789473,2023-05-08,4
795,6,46.71052631578947,35.1578947368421,2023-05-09,4
796,6,90.55263157894737,58.78947368421053,2023-05-10,4
797,6,56.94736842105263,42.05263157894737,2023-05-11,4
798,6,31.894736842105264,24.210526315789473,2023-05-12,4
799,7,82.98214285714286,48.714285714285715,2023-04-13,4
800,7,64.9375,36.30357142857143,2023-04-14,4
801,7,110.66071428571429,57.42857142857143,2023-04-15,4
802,7,52.589285714285715,33.732142857142854,2023-04-17,4
803,7,77.99107142857143,42.375,2023-04-18,4
804,7,78.25,43.125,2023-04-19,4
805,7,83.53571428571429,49.892857142857146,2023-04-20,4
806,7,64.14285714285714,37.017857142857146,2023-04-21,4
807,7,109.60714285714286,57.535714285714285,2023-04-22,4
808,7,53.0625,34.07142857142857,2023-04-24,4
809,7,78.20535714285714,41.892857142857146,2023-04-25,4
810,7,78.79464285714286,43.392857142857146,2023-04-26,4
811,7,83.39285714285714,49.910714285714285,2023-04-27,4
812,7,64.47321428571429,36.44642857142857,2023-04-28,4
813,7,111.125,57.82142857142857,2023-04-29,4
814,7,76.63392857142857,41.42857142857143,2023-05-02,4
815,7,83.79464285714286,49.57142857142857,2023-05-04,4
816,7,64.08035714285714,36.482142857142854,2023-05-05,4
817,7,112.14285714285714,58.25,2023-05-06,4
818,7,52.267857142857146,34.107142857142854,2023-05-08,4
819,7,78.22321428571429,41.982142857142854,2023-05-09,4
820,7,79.23214285714286,43.30357142857143,2023-05-10,4
821,7,83.58928571428571,49.67857142857143,2023-05-11,4
822,7,64.25892857142857,36.392857142857146,2023-05-12,4
823,8,82.22222222222223,34.46296296296296,2023-04-13,4
824,8,103.79629629629629,40.388888888888886,2023-04-14,4
825,8,103.0,37.2962962962963,2023-04-15,4
826,8,63.101851851851855,24.64814814814815,2023-04-17,4
827,8,90.37962962962963,33.46296296296296,2023-04-18,4
828,8,81.17592592592592,34.5,2023-04-19,4
829,8,83.44444444444444,34.851851851851855,2023-04-20,4
830,8,101.81481481481481,39.31481481481482,2023-04-21,4
831,8,102.62037037037037,37.592592592592595,2023-04-22,4
832,8,64.3425925925926,24.833333333333332,2023-04-24,4
833,8,90.76851851851852,33.48148148148148,2023-04-25,4
834,8,78.78703703703704,33.574074074074076,2023-04-26,4
835,8,84.47222222222223,35.25925925925926,2023-04-27,4
836,8,102.31481481481481,40.2037037037037,2023-04-28,4
837,8,104.61111111111111,38.7962962962963,2023-04-29,4
838,8,91.57407407407408,33.370370370370374,2023-05-02,4
839,8,83.77777777777777,34.01851851851852,2023-05-04,4
840,8,102.29629629629629,40.0,2023-05-05,4
841,8,103.24074074074075,38.888888888888886,2023-05-06,4
842,8,62.638888888888886,24.574074074074073,2023-05-08,4
843,8,93.00925925925925,33.870370370370374,2023-05-09,4
844,8,82.32407407407408,34.425925925925924,2023-05-10,4
845,8,84.29629629629629,35.0,2023-05-11,4
846,8,103.27777777777777,39.31481481481482,2023-05-12,4
847,9,63.72222222222222,31.22222222222222,2023-04-13,4
848,9,60.55555555555556,22.88888888888889,2023-04-14,4
849,9,82.22222222222223,29.77777777777778,2023-04-15,4
850,9,48.111111111111114,19.88888888888889,2023-04-17,4
851,9,59.611111111111114,29.88888888888889,2023-04-18,4
852,9,65.27777777777777,29.0,2023-04-19,4
853,9,73.44444444444444,32.333333333333336,2023-04-20,4
854,9,65.94444444444444,29.11111111111111,2023-04-21,4
855,9,82.0,32.55555555555556,2023-04-22,4
856,9,47.833333333333336,19.444444444444443,2023-04-24,4
857,9,63.333333333333336,26.77777777777778,2023-04-25,4
858,9,65.22222222222223,33.22222222222222,2023-04-26,4
859,9,68.44444444444444,34.77777777777778,2023-04-27,4
860,9,61.72222222222222,28.666666666666668,2023-04-28,4
861,9,85.33333333333333,35.111111111111114,2023-04-29,4
862,9,61.333333333333336,28.555555555555557,2023-05-02,4
863,9,64.94444444444444,33.666666666666664,2023-05-04,4
864,9,54.05555555555556,26.666666666666668,2023-05-05,4
865,9,81.44444444444444,33.77777777777778,2023-05-06,4
866,9,48.0,23.555555555555557,2023-05-08,4
867,9,61.44444444444444,27.77777777777778,2023-05-09,4
868,9,68.44444444444444,25.444444444444443,2023-05-10,4
869,9,75.88888888888889,33.22222222222222,2023-05-11,4
870,9,67.11111111111111,26.444444444444443,2023-05-12,4
871,37,66.62247279063838,29.334719639914333,2023-04-13,4
872,37,62.317854234260736,29.65131415685153,2023-04-14,4
873,37,102.38074252219003,42.998087187894896,2023-04-15,4
874,37,49.5380715111658,23.124422621083042,2023-04-17,4
875,37,61.65055447796958,31.397815341381982,2023-04-18,4
876,37,59.898515199127715,28.754690604458908,2023-04-19,4
877,37,67.68414420516312,32.04608471589027,2023-04-20,4
878,37,58.9184903865048,27.114631134797122,2023-04-21,4
879,37,96.38616950820116,38.66712843054981,2023-04-22,4
880,37,47.49357737991408,21.95120121181257,2023-04-24,4
881,37,60.47351788950199,32.028432959633115,2023-04-25,4
882,37,66.25900755162569,28.953805515897184,2023-04-26,4
883,37,70.77941424408066,33.17193947025183,2023-04-27,4
884,37,58.93213224322839,25.772949675673726,2023-04-28,4
885,37,105.91741476499683,43.531165699205104,2023-04-29,4
886,37,57.216644593678616,25.345907998302415,2023-05-02,4
887,37,65.90867732772128,28.807005866856883,2023-05-04,4
888,37,60.333117843917506,31.00946674032999,2023-05-05,4
889,37,100.34524123402218,37.98951260756487,2023-05-06,4
890,37,50.35881430350598,22.44235682349661,2023-05-08,4
891,37,65.2271713417432,34.900497637443884,2023-05-09,4
892,37,69.05683531619219,29.967767988914524,2023-05-10,4
893,37,69.69974928314979,30.870349621334167,2023-05-11,4
894,37,59.136240099949596,28.660268132162454,2023-05-12,4
895,1,202.35074486952286,123.65478817028055,2023-05-27,5
896,1,84.41989319800676,50.34695358608472,2023-05-29,5
897,1,112.27731812679224,67.02014512114259,2023-05-30,5
898,1,122.22687428656323,81.90754224821632,2023-05-31,5
899,1,112.23490716547225,68.73757847699757,2023-06-01,5
900,1,95.21040021084626,62.11741529320311,2023-06-02,5
901,1,200.58542127798847,119.12919703516293,2023-06-03,5
902,1,80.92896802197188,43.77354904537697,2023-06-05,5
903,1,121.7270741792239,74.27466320108198,2023-06-06,5
904,1,116.36991855605257,78.79405694037455,2023-06-07,5
905,1,94.64014066690778,55.40864027940648,2023-06-09,5
906,1,169.872077688785,96.83791409230034,2023-06-10,5
907,1,87.01106696661033,53.77144185068501,2023-06-12,5
908,1,111.88633577788728,71.73844973186395,2023-06-13,5
909,1,111.51248792322629,73.9002704827416,2023-06-14,5
910,1,121.2337507729882,73.33790027157231,2023-06-15,5
911,1,90.22608149601838,53.0959156705165,2023-06-16,5
912,1,195.22463029156498,112.23107793529547,2023-06-17,5
913,1,77.20242176963367,51.062503921155695,2023-06-19,5
914,1,103.87467060640658,68.60536739490718,2023-06-20,5
915,1,115.69921708253247,81.04104995438422,2023-06-21,5
916,1,118.81269131410973,75.0701946089721,2023-06-22,5
917,1,89.2115106724232,53.75568160107496,2023-06-23,5
918,1,190.2218508185278,108.69930937479451,2023-06-24,5
919,2,250.89745408546244,107.97359488350008,2023-05-27,5
920,2,74.26858944042039,43.90579382668674,2023-05-28,5
921,2,103.71968534983925,46.02842609665327,2023-05-29,5
922,2,126.99432351601159,60.46010666777279,2023-05-30,5
923,2,140.72598016153339,63.01653326942754,2023-05-31,5
924,2,173.8664316476797,83.16565687648782,2023-06-01,5
925,2,106.61168495283592,45.58261117427473,2023-06-02,5
926,2,241.19767494537172,104.37995326091104,2023-06-03,5
927,2,77.67702503748974,44.71232362441195,2023-06-04,5
928,2,95.90889024695517,43.1398093192084,2023-06-05,5
929,2,127.39827885960165,62.82933184449779,2023-06-06,5
930,2,134.69615188279775,60.69285407347986,2023-06-07,5
931,2,108.15805724422512,49.73846397925493,2023-06-09,5
932,2,236.73999756190844,103.73694594402953,2023-06-10,5
933,2,67.55810350749793,41.03388073333962,2023-06-11,5
934,2,89.99062602453569,41.910939973222035,2023-06-12,5
935,2,117.43764761313047,58.13533199003911,2023-06-13,5
936,2,134.85319546956634,61.99272008448787,2023-06-14,5
937,2,158.51251300788425,76.20572554825554,2023-06-15,5
938,2,106.20512600600819,47.4456138757308,2023-06-16,5
939,2,237.9871438904384,100.88918308593632,2023-06-17,5
940,2,72.61681439334171,40.47876919248553,2023-06-18,5
941,2,99.91208466842039,45.022407015775435,2023-06-19,5
942,2,131.75944812220916,60.09073629660918,2023-06-20,5
943,2,138.7246861695824,61.51924307477319,2023-06-21,5
944,2,178.6336956032405,80.38355647698486,2023-06-22,5
945,2,100.4869589006259,45.97006089517928,2023-06-23,5
946,2,237.88918429146577,110.8283578586325,2023-06-24,5
947,2,71.83842794532013,41.39040468657356,2023-06-25,5
948,3,93.97273244713143,56.26451835418676,2023-05-27,5
949,3,58.72153980686225,32.30523474802159,2023-05-29,5
950,3,75.66798018111324,38.75246855061881,2023-05-30,5
951,3,82.65098352114934,48.43921406294434,2023-05-31,5
952,3,79.2363481538414,43.60701807447913,2023-06-01,5
953,3,78.21336718381353,47.16899997428417,2023-06-02,5
954,3,98.15972740950198,57.66707686484247,2023-06-03,5
955,3,58.65387763291816,31.459907642431393,2023-06-05,5
956,3,71.56947202617673,40.53125612906377,2023-06-06,5
957,3,78.43272518715752,48.62071843488046,2023-06-07,5
958,3,79.57691838159757,41.33225957770647,2023-06-09,5
959,3,88.05333156876281,45.831743366201124,2023-06-10,5
960,3,57.40964792974739,28.54508587678278,2023-06-12,5
961,3,73.85847612905505,40.0343638840287,2023-06-13,5
962,3,72.9348385484358,36.30518565120809,2023-06-14,5
963,3,85.09007644979833,44.50933685855064,2023-06-15,5
964,3,81.03766515735958,43.59893262458762,2023-06-16,5
965,3,80.30772476693453,44.182898558766595,2023-06-17,5
966,3,58.38642252837532,30.382671242937977,2023-06-19,5
967,3,76.76255705386474,39.9758361014008,2023-06-20,5
968,3,79.46914243404511,39.63762651752943,2023-06-21,5
969,3,87.18174374991415,44.872652889229435,2023-06-22,5
970,3,79.93822460797072,43.16568008541059,2023-06-23,5
971,3,83.2160785728812,41.07719302319002,2023-06-24,5
972,4,115.96255565551459,46.420190938012915,2023-05-27,5
973,4,45.20100037706498,18.819123435576955,2023-05-29,5
974,4,52.75166780719745,21.015454600899375,2023-05-30,5
975,4,61.19788982502561,23.44036529797897,2023-05-31,5
976,4,65.70297151404688,26.84517660711044,2023-06-01,5
977,4,54.21772819795397,18.45182249836807,2023-06-02,5
978,4,118.64708185439648,48.85622159812171,2023-06-03,5
979,4,46.462568782509486,19.373007146868183,2023-06-05,5
980,4,58.150355130779126,22.026126022320003,2023-06-06,5
981,4,62.557989610301824,24.732233243237932,2023-06-07,5
982,4,53.57535479052,20.87694121154649,2023-06-09,5
983,4,116.17561468643713,44.47573987692495,2023-06-10,5
984,4,45.63661389592699,18.093647766782418,2023-06-12,5
985,4,55.38069578941668,24.668610942831492,2023-06-13,5
986,4,61.33406290230755,24.260796967532418,2023-06-14,5
987,4,68.67814874656966,29.609932853203755,2023-06-15,5
988,4,51.107478076065696,19.36857010939904,2023-06-16,5
989,4,119.23190452685417,46.263710272075116,2023-06-17,5
990,4,46.76847426695868,18.108952710314675,2023-06-19,5
991,4,52.01739235432059,19.800627968370616,2023-06-20,5
992,4,65.13469904582122,29.401174483207207,2023-06-21,5
993,4,70.97770098664142,30.566903837134074,2023-06-22,5
994,4,58.3133669664041,22.29121848184964,2023-06-23,5
995,4,120.3809168554761,44.983855621739124,2023-06-24,5
996,6,62.23529411764706,42.0,2023-05-27,5
997,6,33.05882352941177,25.647058823529413,2023-05-29,5
998,6,44.529411764705884,33.0,2023-05-30,5
999,6,91.76470588235294,60.35294117647059,2023-05-31,5
1000,6,54.88235294117647,42.76470588235294,2023-06-01,5
1001,6,33.0,25.235294117647058,2023-06-02,5
1002,6,65.82352941176471,43.11764705882353,2023-06-03,5
1003,6,34.05882352941177,25.705882352941178,2023-06-05,5
1004,6,44.529411764705884,31.176470588235293,2023-06-06,5
1005,6,91.82352941176471,54.529411764705884,2023-06-07,5
1006,6,34.35294117647059,25.705882352941178,2023-06-09,5
1007,6,66.52941176470588,43.529411764705884,2023-06-10,5
1008,6,34.6764705882353,25.941176470588236,2023-06-12,5
1009,6,44.76470588235294,30.764705882352942,2023-06-13,5
1010,6,92.61764705882354,61.0,2023-06-14,5
1011,6,53.76470588235294,43.05882352941177,2023-06-15,5
1012,6,34.1764705882353,28.0,2023-06-16,5
1013,6,64.6470588235294,41.0,2023-06-17,5
1014,6,37.14705882352941,27.058823529411764,2023-06-19,5
1015,6,46.94117647058823,30.941176470588236,2023-06-20,5
1016,6,94.44117647058823,55.411764705882355,2023-06-21,5
1017,6,55.55882352941177,39.94117647058823,2023-06-22,5
1018,6,34.64705882352941,25.941176470588236,2023-06-23,5
1019,6,64.0,45.94117647058823,2023-06-24,5
1020,7,111.69491525423729,57.355932203389834,2023-05-27,5
1021,7,52.49152542372882,33.86440677966102,2023-05-29,5
1022,7,78.16101694915254,42.0,2023-05-30,5
1023,7,79.27118644067797,43.271186440677965,2023-05-31,5
1024,7,83.86440677966101,49.33898305084746,2023-06-01,5
1025,7,64.65254237288136,36.32203389830509,2023-06-02,5
1026,7,111.37288135593221,57.47457627118644,2023-06-03,5
1027,7,52.69491525423729,33.54237288135593,2023-06-05,5
1028,7,78.36440677966101,42.13559322033898,2023-06-06,5
1029,7,79.22033898305085,43.186440677966104,2023-06-07,5
1030,7,64.5,36.6271186440678,2023-06-09,5
1031,7,111.35593220338983,57.3728813559322,2023-06-10,5
1032,7,52.71186440677966,33.440677966101696,2023-06-12,5
1033,7,78.11016949152543,42.152542372881356,2023-06-13,5
1034,7,78.64406779661017,43.20338983050848,2023-06-14,5
1035,7,83.98305084745763,49.54237288135593,2023-06-15,5
1036,7,64.51694915254237,36.42372881355932,2023-06-16,5
1037,7,111.94915254237289,58.101694915254235,2023-06-17,5
1038,7,52.96610169491525,33.779661016949156,2023-06-19,5
1039,7,78.05932203389831,41.898305084745765,2023-06-20,5
1040,7,79.44067796610169,43.610169491525426,2023-06-21,5
1041,7,84.0,49.847457627118644,2023-06-22,5
1042,7,64.19491525423729,36.49152542372882,2023-06-23,5
1043,7,111.27118644067797,57.559322033898304,2023-06-24,5
1044,8,104.57142857142857,38.142857142857146,2023-05-27,5
1045,8,64.29464285714286,24.839285714285715,2023-05-29,5
1046,8,93.71428571428571,34.285714285714285,2023-05-30,5
1047,8,83.20535714285714,33.589285714285715,2023-05-31,5
1048,8,84.67857142857143,33.92857142857143,2023-06-01,5
1049,8,105.75,39.964285714285715,2023-06-02,5
1050,8,103.63392857142857,37.375,2023-06-03,5
1051,8,64.38392857142857,24.714285714285715,2023-06-05,5
1052,8,93.75892857142857,33.732142857142854,2023-06-06,5
1053,8,82.38392857142857,34.05357142857143,2023-06-07,5
1054,8,106.23214285714286,39.94642857142857,2023-06-09,5
1055,8,104.02678571428571,38.089285714285715,2023-06-10,5
1056,8,64.49107142857143,24.821428571428573,2023-06-12,5
1057,8,93.55357142857143,33.57142857142857,2023-06-13,5
1058,8,82.84821428571429,34.535714285714285,2023-06-14,5
1059,8,84.66071428571429,34.42857142857143,2023-06-15,5
1060,8,106.34821428571429,40.69642857142857,2023-06-16,5
1061,8,103.3125,37.625,2023-06-17,5
1062,8,63.9375,24.303571428571427,2023-06-19,5
1063,8,93.75892857142857,33.732142857142854,2023-06-20,5
1064,8,82.74107142857143,34.107142857142854,2023-06-21,5
1065,8,84.125,34.07142857142857,2023-06-22,5
1066,8,106.28571428571429,39.892857142857146,2023-06-23,5
1067,8,103.34821428571429,37.589285714285715,2023-06-24,5
1068,9,83.86363636363636,33.09090909090909,2023-05-27,5
1069,9,51.40909090909091,22.272727272727273,2023-05-29,5
1070,9,62.04545454545455,27.181818181818183,2023-05-30,5
1071,9,70.45454545454545,29.636363636363637,2023-05-31,5
1072,9,70.81818181818181,32.27272727272727,2023-06-01,5
1073,9,68.0909090909091,25.818181818181817,2023-06-02,5
1074,9,88.18181818181819,35.36363636363637,2023-06-03,5
1075,9,51.59090909090909,20.636363636363637,2023-06-05,5
1076,9,62.04545454545455,28.181818181818183,2023-06-06,5
1077,9,69.0909090909091,25.09090909090909,2023-06-07,5
1078,9,61.45454545454545,21.636363636363637,2023-06-09,5
1079,9,81.27272727272727,34.45454545454545,2023-06-10,5
1080,9,45.09090909090909,17.818181818181817,2023-06-12,5
1081,9,55.18181818181818,23.636363636363637,2023-06-13,5
1082,9,62.72727272727273,26.181818181818183,2023-06-14,5
1083,9,69.72727272727273,27.90909090909091,2023-06-15,5
1084,9,58.13636363636363,23.636363636363637,2023-06-16,5
1085,9,84.68181818181819,30.727272727272727,2023-06-17,5
1086,9,49.86363636363637,20.454545454545453,2023-06-19,5
1087,9,61.04545454545455,25.727272727272727,2023-06-20,5
1088,9,65.95454545454545,26.636363636363637,2023-06-21,5
1089,9,67.72727272727273,28.0,2023-06-22,5
1090,9,57.13636363636363,23.181818181818183,2023-06-23,5
1091,9,78.27272727272727,31.181818181818183,2023-06-24,5
1092,37,103.51119007331603,42.256129818331104,2023-05-27,5
1093,37,50.40138525931381,23.258645243741412,2023-05-29,5
1094,37,61.74863542526866,29.42894577418781,2023-05-30,5
1095,37,68.61226443616303,29.599165545433074,2023-05-31,5
1096,37,68.64709225490661,29.538030633864448,2023-06-01,5
1097,37,60.059836729017846,27.15172455191915,2023-06-02,5
1098,37,103.2505427410129,41.96286325173749,2023-06-03,5
1099,37,50.22390876560479,23.342118894732906,2023-06-05,5
1100,37,61.85617986527452,29.570936752385872,2023-06-06,5
1101,37,68.88695162600487,29.746940309169656,2023-06-07,5
1102,37,60.486210920687064,27.363153480069325,2023-06-09,5
1103,37,103.45554862004963,42.05781813789287,2023-06-10,5
1104,37,50.31139921053412,23.36600685248763,2023-06-12,5
1105,37,62.18754411343682,29.82757700087404,2023-06-13,5
1106,37,68.93931018545662,29.69881537310995,2023-06-14,5
1107,37,68.69104767449006,29.31644520133718,2023-06-15,5
1108,37,60.34955382285505,27.196639235831178,2023-06-16,5
1109,37,103.94312696748759,42.37104520753189,2023-06-17,5
1110,37,50.25225263812157,23.373812938449376,2023-06-19,5
1111,37,61.95690622852533,29.64863126987082,2023-06-20,5
1112,37,68.79576860707743,29.624951465108143,2023-06-21,5
1113,37,68.67031103133962,29.31270332690634,2023-06-22,5
1114,37,60.78489751059124,27.63285302295414,2023-06-23,5
1115,37,103.75891193689314,42.56551213061606,2023-06-24,5
1116,1,81.35023133358199,47.73033898525364,2023-07-10,6
1117,1,108.36230481664393,66.84387291261724,2023-07-11,6
1118,1,120.72253305554817,78.58346414964142,2023-07-12,6
1119,1,119.81251342069694,78.4883118066157,2023-07-13,6
1120,1,90.18807780010984,56.07840719966144,2023-07-14,6
1121,1,190.76006552443218,110.96092688696227,2023-07-15,6
1122,1,81.39847579613047,47.799841403756744,2023-07-17,6
1123,1,108.82508887880435,67.56848924167852,2023-07-18,6
1124,1,117.88084005511213,76.98307600530096,2023-07-19,6
1125,1,117.93328867283626,75.07141600189694,2023-07-20,6
1126,1,92.42618511468481,58.45235008716167,2023-07-21,6
1127,1,194.10458387000884,112.14296361322128,2023-07-22,6
1128,1,81.10174099609678,47.65241148901745,2023-07-24,6
1129,1,107.5930714414018,68.11135630521864,2023-07-25,6
1130,1,119.85140123836035,77.91277055735192,2023-07-26,6
1131,1,117.30145460576394,73.61567711755399,2023-07-27,6
1132,1,93.39644737285965,60.36308800128384,2023-07-28,6
1133,1,185.78172498807086,106.90980033900269,2023-07-29,6
1134,1,81.2022306681394,47.63871920291469,2023-07-31,6
1135,1,108.23906659535093,70.52507761984252,2023-08-01,6
1136,1,120.08259424487352,78.14456632005995,2023-08-02,6
1137,1,118.9373167313285,76.54387087983908,2023-08-03,6
1138,1,89.85565833406517,58.55686938270341,2023-08-04,6
1139,1,191.91241700811472,111.40425031126242,2023-08-05,6
1140,1,80.84492589150123,46.48753047282533,2023-08-07,6
1141,1,107.96906053292409,70.64037292343872,2023-08-08,6
1142,2,96.36363636363636,42.27272727272727,2023-07-10,6
1143,2,129.8181818181818,61.09090909090909,2023-07-11,6
1144,2,141.8181818181818,64.9090909090909,2023-07-12,6
1145,2,175.63636363636363,78.81818181818181,2023-07-13,6
1146,2,99.27272727272727,43.90909090909091,2023-07-14,6
1147,2,247.27272727272728,93.72727272727273,2023-07-15,6
1148,2,79.54545454545455,42.54545454545455,2023-07-16,6
1149,2,105.13636363636364,46.81818181818182,2023-07-17,6
1150,2,125.0909090909091,54.81818181818182,2023-07-18,6
1151,2,139.54545454545453,61.45454545454545,2023-07-19,6
1152,2,171.45454545454547,77.18181818181819,2023-07-20,6
1153,2,97.45454545454545,44.72727272727273,2023-07-21,6
1154,2,249.27272727272728,99.72727272727273,2023-07-22,6
1155,2,77.72727272727273,42.90909090909091,2023-07-23,6
1156,2,108.18181818181819,49.18181818181818,2023-07-24,6
1157,2,118.9090909090909,62.09090909090909,2023-07-25,6
1158,2,140.1818181818182,63.90909090909091,2023-07-26,6
1159,2,164.72727272727272,76.81818181818181,2023-07-27,6
1160,2,106.18181818181819,48.63636363636363,2023-07-28,6
1161,2,235.95454545454547,100.18181818181819,2023-07-29,6
1162,2,70.27272727272727,40.27272727272727,2023-07-30,6
1163,2,103.45454545454545,43.18181818181818,2023-07-31,6
1164,2,128.36363636363637,58.81818181818182,2023-08-01,6
1165,2,144.9090909090909,62.90909090909091,2023-08-02,6
1166,2,171.63636363636363,78.9090909090909,2023-08-03,6
1167,2,100.63636363636364,47.81818181818182,2023-08-04,6
1168,2,238.3181818181818,98.54545454545455,2023-08-05,6
1169,2,70.45454545454545,40.0,2023-08-06,6
1170,2,99.0909090909091,46.27272727272727,2023-08-07,6
1171,2,125.63636363636364,62.72727272727273,2023-08-08,6
1172,3,55.55338345145044,29.162498005415987,2023-07-10,6
1173,3,75.99525179289661,40.61860235869656,2023-07-11,6
1174,3,82.5575103603945,44.85748400484609,2023-07-12,6
1175,3,88.77054448452901,49.51790018687187,2023-07-13,6
1176,3,78.58945106186785,46.51384415699513,2023-07-14,6
1177,3,96.54311706635939,54.299042306215135,2023-07-15,6
1178,3,56.11376558085568,28.975549055561654,2023-07-17,6
1179,3,75.3746542540317,40.11186616472985,2023-07-18,6
1180,3,79.38401547198431,45.42898275375081,2023-07-19,6
1181,3,84.18394449178334,44.16533361065842,2023-07-20,6
1182,3,78.11720190449194,46.489475596050994,2023-07-21,6
1183,3,95.86935856780435,53.77581479450962,2023-07-22,6
1184,3,55.73958041343048,28.882868739914155,2023-07-24,6
1185,3,74.11123541630721,41.16862712440442,2023-07-25,6
1186,3,83.2018110376113,46.294723251633016,2023-07-26,6
1187,3,85.68992368244895,44.780862002867124,2023-07-27,6
1188,3,79.21268414698113,46.14706402824651,2023-07-28,6
1189,3,95.67747154101032,53.995111372506834,2023-07-29,6
1190,3,58.93623130613242,29.256221407074765,2023-07-31,6
1191,3,75.41729917380611,42.20086292871304,2023-08-01,6
1192,3,80.94074117178032,48.00367507896286,2023-08-02,6
1193,3,88.6592811765023,46.98856068174517,2023-08-03,6
1194,3,77.39416322865317,45.794062556654445,2023-08-04,6
1195,3,95.31438264233009,52.81677523976945,2023-08-05,6
1196,3,57.8488579636854,28.408629652638552,2023-08-07,6
1197,3,73.73131536326615,41.40379322501916,2023-08-08,6
1198,4,48.48972187047351,18.373886345732146,2023-07-10,6
1199,4,55.102278871293706,21.68660191471901,2023-07-11,6
1200,4,63.43865841025329,25.15030577433599,2023-07-12,6
1201,4,66.30104895405101,27.638445745499126,2023-07-13,6
1202,4,52.24893925469965,19.89746271828296,2023-07-14,6
1203,4,121.85574465545348,45.79582308832188,2023-07-15,6
1204,4,48.07389476521745,19.67717005284696,2023-07-17,6
1205,4,54.58584517748644,21.755523542133485,2023-07-18,6
1206,4,62.34173681607178,26.050832408146164,2023-07-19,6
1207,4,70.43381380628621,28.06872144447608,2023-07-20,6
1208,4,54.32786611845676,20.509271538705153,2023-07-21,6
1209,4,120.31745544688053,46.263657586501985,2023-07-22,6
1210,4,48.854128377287616,19.92079620727982,2023-07-24,6
1211,4,54.86379978041277,22.583567027573892,2023-07-25,6
1212,4,60.35519078109577,25.402075713860953,2023-07-26,6
1213,4,66.6773197845047,27.974377572063382,2023-07-27,6
1214,4,52.00641987028268,20.035737987756438,2023-07-28,6
1215,4,119.99668627510599,45.23302666917097,2023-07-29,6
1216,4,48.85908762559866,19.50996230662675,2023-07-31,6
1217,4,54.44895691676591,21.77843053886865,2023-08-01,6
1218,4,63.572159013592845,24.08016910003049,2023-08-02,6
1219,4,66.65793221504754,28.285627535739355,2023-08-03,6
1220,4,52.806715504935994,20.68770891768028,2023-08-04,6
1221,4,120.18232062719233,47.54565329700495,2023-08-05,6
1222,4,49.68663809306776,21.082706573137887,2023-08-06,6
1223,4,46.626314285574296,18.738627279334196,2023-08-07,6
1224,4,55.01922496334972,21.708516480174108,2023-08-08,6
1225,6,34.74503772406878,25.402416781384254,2023-07-10,6
1226,6,45.37636157634311,31.232801226498907,2023-07-11,6
1227,6,91.33880384813106,53.83340034017887,2023-07-12,6
1228,6,56.936501703555216,40.628910763177586,2023-07-13,6
1229,6,34.76610284966638,26.173800501612785,2023-07-14,6
1230,6,63.74082060022668,39.97217548385948,2023-07-15,6
1231,6,34.547053444184286,25.555510830187817,2023-07-17,6
1232,6,44.189801426087485,30.982816057157404,2023-07-18,6
1233,6,91.87799822017013,56.08501564321909,2023-07-19,6
1234,6,54.70115180308591,40.2246192129658,2023-07-20,6
1235,6,33.00573553824806,26.77204374249168,2023-07-21,6
1236,6,63.42361518975873,40.94588718486359,2023-07-22,6
1237,6,34.50185969645473,25.63154687389038,2023-07-24,6
1238,6,45.7923229941689,32.66039715216448,2023-07-25,6
1239,6,90.07292155914087,56.61677281809406,2023-07-26,6
1240,6,55.87918039353205,41.57125312803436,2023-07-27,6
1241,6,34.02881471291258,25.17719135901863,2023-07-28,6
1242,6,64.13843995974948,39.995161651796835,2023-07-29,6
1243,6,34.476463262269434,25.253572256880243,2023-07-31,6
1244,6,45.12232854993992,31.783133345077072,2023-08-01,6
1245,6,94.94979758838076,57.46452486339614,2023-08-02,6
1246,6,56.365548293604355,40.35807025506935,2023-08-03,6
1247,6,33.926632961040184,26.812940276079498,2023-08-04,6
1248,6,64.54820305574461,41.11911563614101,2023-08-05,6
1249,6,33.940299554113686,25.628620564613545,2023-08-07,6
1250,6,45.51230047897823,31.524109035515888,2023-08-08,6
1251,7,52.52542372881356,34.6271186440678,2023-07-10,6
1252,7,79.21186440677967,42.3728813559322,2023-07-11,6
1253,7,79.5677966101695,43.728813559322035,2023-07-12,6
1254,7,84.20338983050847,49.91525423728814,2023-07-13,6
1255,7,64.00847457627118,36.86440677966102,2023-07-14,6
1256,7,110.37288135593221,56.59322033898305,2023-07-15,6
1257,7,52.96610169491525,34.32203389830509,2023-07-17,6
1258,7,78.88983050847457,42.101694915254235,2023-07-18,6
1259,7,79.45762711864407,43.42372881355932,2023-07-19,6
1260,7,84.42372881355932,50.220338983050844,2023-07-20,6
1261,7,64.33050847457628,37.50847457627118,2023-07-21,6
1262,7,111.20338983050847,57.271186440677965,2023-07-22,6
1263,7,52.54237288135593,34.0,2023-07-24,6
1264,7,78.39830508474576,41.389830508474574,2023-07-25,6
1265,7,78.85593220338983,43.0,2023-07-26,6
1266,7,84.55932203389831,50.20338983050848,2023-07-27,6
1267,7,64.5,36.610169491525426,2023-07-28,6
1268,7,110.79661016949153,56.03389830508475,2023-07-29,6
1269,7,52.13559322033898,34.152542372881356,2023-07-31,6
1270,7,78.3135593220339,41.559322033898304,2023-08-01,6
1271,7,79.42372881355932,43.389830508474574,2023-08-02,6
1272,7,83.86440677966101,49.05084745762712,2023-08-03,6
1273,7,64.63559322033899,36.898305084745765,2023-08-04,6
1274,7,110.89830508474576,56.57627118644068,2023-08-05,6
1275,7,52.59322033898305,34.644067796610166,2023-08-07,6
1276,7,78.3135593220339,41.559322033898304,2023-08-08,6
1277,8,65.32913330110489,24.18149394925456,2023-07-10,6
1278,8,97.53296718904338,35.74436390664671,2023-07-11,6
1279,8,88.01122158528267,34.874017266874496,2023-07-12,6
1280,8,86.94532444187605,33.98914956999073,2023-07-13,6
1281,8,111.66216960386927,42.12280208797809,2023-07-14,6
1282,8,104.38519831069088,37.107252471655976,2023-07-15,6
1283,8,64.70306702627394,24.160573502348115,2023-07-17,6
1284,8,97.4191167711711,36.230637352183685,2023-07-18,6
1285,8,86.39038608592347,33.7181195065155,2023-07-19,6
1286,8,87.28667091433094,34.38303041003023,2023-07-20,6
1287,8,109.20407092024116,42.11610646839696,2023-07-21,6
1288,8,106.40324695628433,39.82231804753002,2023-07-22,6
1289,8,65.06653225809268,23.37159232198627,2023-07-24,6
1290,8,96.78876923959857,35.163032885540495,2023-07-25,6
1291,8,87.51651466842486,35.185156173005836,2023-07-26,6
1292,8,86.5354725917255,34.777251808316116,2023-07-27,6
1293,8,110.6529347470331,41.254658488647465,2023-07-28,6
1294,8,105.69779833377356,40.55288615480026,2023-07-29,6
1295,8,67.04094546534142,24.46993366801147,2023-07-31,6
1296,8,98.88900226349935,36.874855550554436,2023-08-01,6
1297,8,88.50085181932391,34.10289098689734,2023-08-02,6
1298,8,86.59636436554631,34.183320878871825,2023-08-03,6
1299,8,106.86195514605193,41.808384722247254,2023-08-04,6
1300,8,106.34671285219959,40.66101788785888,2023-08-05,6
1301,8,64.87308195891282,24.439124522835836,2023-08-07,6
1302,8,98.33603222544716,36.807063587084095,2023-08-08,6
1303,9,52.62944483151021,19.017326609295875,2023-07-10,6
1304,9,61.56194818518717,24.930646411787862,2023-07-11,6
1305,9,71.94462231669456,26.61014644172771,2023-07-12,6
1306,9,75.96499639825097,31.534456451724285,2023-07-13,6
1307,9,70.20279083132885,27.03380506170626,2023-07-14,6
1308,9,86.58333474021691,30.54261506982959,2023-07-15,6
1309,9,53.47215789844452,19.34856904737196,2023-07-17,6
1310,9,61.41877004770246,25.468404932915377,2023-07-18,6
1311,9,75.33117095742983,27.1311195327076,2023-07-19,6
1312,9,76.0356588139716,33.21945131118732,2023-07-20,6
1313,9,68.25360835716405,26.106635285978843,2023-07-21,6
1314,9,86.9890685909855,30.760052926608335,2023-07-22,6
1315,9,54.02205171257574,18.75399946846711,2023-07-24,6
1316,9,60.00421249707744,24.522073773317416,2023-07-25,6
1317,9,75.84755503992173,29.69460628914771,2023-07-26,6
1318,9,72.94536147837516,29.895376187420844,2023-07-27,6
1319,9,67.99007927116645,26.260454166192314,2023-07-28,6
1320,9,87.44396067373765,30.562000760643123,2023-07-29,6
1321,9,51.938531197938914,19.188630735446665,2023-07-31,6
1322,9,60.10545910878137,23.426437134312714,2023-08-01,6
1323,9,71.94986347506197,27.80041648069767,2023-08-02,6
1324,9,73.20836799410297,29.602680193989077,2023-08-03,6
1325,9,68.38477602619731,27.619926687807652,2023-08-04,6
1326,9,86.09962190053446,32.084454619026026,2023-08-05,6
1327,9,52.420019847021806,20.576935343391476,2023-08-07,6
1328,9,62.02830782680138,25.02772267326431,2023-08-08,6
1329,37,50.911560619872105,23.905044559447443,2023-07-10,6
1330,37,62.37569048445217,31.75738098251656,2023-07-11,6
1331,37,68.59023327444045,29.592792437660055,2023-07-12,6
1332,37,68.94987943740145,27.111387481257246,2023-07-13,6
1333,37,63.947243267149396,30.600676721338793,2023-07-14,6
1334,37,109.22653357824102,46.980219688639636,2023-07-15,6
1335,37,52.41810064766273,24.761754831651675,2023-07-17,6
1336,37,63.30082136246524,33.03017203874885,2023-07-18,6
1337,37,71.81295184519875,31.23545609700218,2023-07-19,6
1338,37,69.34172057161443,26.958617448477014,2023-07-20,6
1339,37,60.47536103379986,26.44558646589396,2023-07-21,6
1340,37,108.98931863730493,46.439461963738616,2023-07-22,6
1341,37,48.395612379337834,22.95761017066067,2023-07-24,6
1342,37,62.679795281677706,31.075578616185506,2023-07-25,6
1343,37,69.79316392672233,30.744814889525568,2023-07-26,6
1344,37,72.0019633683276,29.79794133516882,2023-07-27,6
1345,37,63.67053387686361,29.455465429294197,2023-07-28,6
1346,37,105.9535785909441,44.38148656824927,2023-07-29,6
1347,37,52.8805626485,25.346277399703318,2023-07-31,6
1348,37,62.68744725685738,32.73592329828686,2023-08-01,6
1349,37,66.20817648701015,30.63729629844747,2023-08-02,6
1350,37,69.28569493565541,28.973926527584798,2023-08-03,6
1351,37,60.03215672737875,26.922095740639968,2023-08-04,6
1352,37,107.15410275811944,44.71644326681234,2023-08-05,6
1353,37,49.339186327034724,23.71236340135495,2023-08-07,6
1354,37,63.83582820241807,33.03044570292194,2023-08-08,6
1355,1,117.74098425051518,74.91196867719758,2023-08-23,7
1356,1,120.19005181155944,72.32244519724438,2023-08-24,7
1357,1,87.04395923046164,52.12769634798393,2023-08-25,7
1358,1,187.64598706527838,109.14609252040839,2023-08-26,7
1359,1,83.44123294964703,46.1344396748282,2023-08-28,7
1360,1,110.27535529339991,66.44523979723262,2023-08-29,7
1361,1,118.94439160463374,76.26306530646002,2023-08-30,7
1362,1,119.43006286808584,70.86664385447786,2023-08-31,7
1363,1,88.25812199801217,53.84192072180768,2023-09-01,7
1364,1,190.30984257216033,109.51535436945161,2023-09-02,7
1365,1,83.92383069512043,47.557462860271976,2023-09-04,7
1366,1,108.81479240839937,67.06851543215511,2023-09-05,7
1367,1,117.77539021506958,74.3404807353135,2023-09-06,7
1368,1,120.18140671489586,72.25977428879234,2023-09-07,7
1369,1,88.3128645757962,53.41700187001318,2023-09-08,7
1370,1,188.75385481388045,108.28552597833983,2023-09-09,7
1371,1,83.62571081749807,46.76386918419075,2023-09-11,7
1372,1,109.52731665794761,65.9526470543309,2023-09-12,7
1373,1,117.25910166236615,73.85197499741567,2023-09-13,7
1374,1,120.84011036101153,74.71292772410217,2023-09-14,7
1375,1,88.48119447674814,53.891073191277464,2023-09-15,7
1376,1,190.58324332702503,109.22764073088742,2023-09-16,7
1377,1,82.82059310506354,47.446592317968765,2023-09-18,7
1378,1,108.05639862147471,68.09887870530896,2023-09-19,7
1379,1,118.54303982098743,74.97548767171138,2023-09-20,7
1380,1,119.35275818391301,72.22096921081327,2023-09-21,7
1381,2,138.71534829567975,60.26404921705482,2023-08-23,7
1382,2,172.66239053081173,78.25475173250484,2023-08-24,7
1383,2,106.92700509509284,43.45477209366291,2023-08-25,7
1384,2,238.5377041944721,92.25459120238428,2023-08-26,7
1385,2,70.329088906058,38.96571065121058,2023-08-27,7
1386,2,91.05024408149539,39.9722793045863,2023-08-28,7
1387,2,125.99564148797127,57.65301926469885,2023-08-29,7
1388,2,133.31955120196062,60.48866137717821,2023-08-30,7
1389,2,162.88695808273204,75.30794995817553,2023-08-31,7
1390,2,102.77400692135173,44.741409355634076,2023-09-01,7
1391,2,242.14133279006742,104.83954032400256,2023-09-02,7
1392,2,82.33447876905716,41.76369257676254,2023-09-03,7
1393,2,102.44279365513255,44.5561006975567,2023-09-04,7
1394,2,129.78655187562006,61.98276900294711,2023-09-05,7
1395,2,137.1700964697464,63.140275600495485,2023-09-06,7
1396,2,174.50898880682595,78.85008355318033,2023-09-07,7
1397,2,102.70913985289107,46.601809312676664,2023-09-08,7
1398,2,238.63849817892256,95.93525992348616,2023-09-09,7
1399,2,77.48894429518421,39.581217223372136,2023-09-10,7
1400,2,105.38544447515316,42.83809377504241,2023-09-11,7
1401,2,124.54151209350056,55.93550870635508,2023-09-12,7
1402,2,136.89872834892702,62.80151572548011,2023-09-13,7
1403,2,165.71583173703027,73.91247856082738,2023-09-14,7
1404,2,97.89147702949445,45.17900940823403,2023-09-15,7
1405,2,243.9127404998454,105.23763387892281,2023-09-16,7
1406,2,75.6200003393367,40.02663690258424,2023-09-17,7
1407,2,102.83135301313952,43.04826787590517,2023-09-18,7
1408,2,127.22885169123339,63.075768589499404,2023-09-19,7
1409,2,137.4269342360577,64.30005357438763,2023-09-20,7
1410,2,174.6764892227825,77.33800942718788,2023-09-21,7
1411,3,76.34373327580052,42.34837824582711,2023-08-23,7
1412,3,82.23988582427789,42.90150966868779,2023-08-24,7
1413,3,79.82485310302134,43.57990228950379,2023-08-25,7
1414,3,89.42269673068135,49.07777278936109,2023-08-26,7
1415,3,56.74924323187352,29.868972743976236,2023-08-28,7
1416,3,73.52021171984428,39.51100720261092,2023-08-29,7
1417,3,76.52428543690098,42.590484816334936,2023-08-30,7
1418,3,82.28925945116382,43.36774642651423,2023-08-31,7
1419,3,79.41063745582855,43.25040385627721,2023-09-01,7
1420,3,90.06663151631084,49.43013832227135,2023-09-02,7
1421,3,57.374078762281265,30.667933587752998,2023-09-04,7
1422,3,72.95004713106316,39.97697397723353,2023-09-05,7
1423,3,75.75660024585308,41.2249841406843,2023-09-06,7
1424,3,82.91131962397519,43.69368406265951,2023-09-07,7
1425,3,79.32899997918231,43.51423923707013,2023-09-08,7
1426,3,90.53225516148967,49.77744785981487,2023-09-09,7
1427,3,57.36334960286728,29.766489340053187,2023-09-11,7
1428,3,73.1616351543915,39.167505882809444,2023-09-12,7
1429,3,76.97480800217775,42.838205443319204,2023-09-13,7
1430,3,82.41977066591093,43.15190959801053,2023-09-14,7
1431,3,80.05293428715862,43.68716664681597,2023-09-15,7
1432,3,90.47013149343516,49.78320772951245,2023-09-16,7
1433,3,57.248377283903416,30.116928491565247,2023-09-18,7
1434,3,69.7038697941736,38.6712235559527,2023-09-19,7
1435,3,76.6996984027,42.61785152649775,2023-09-20,7
1436,3,82.8075316411761,44.34334561302693,2023-09-21,7
1437,4,65.84645939813426,25.1437332969051,2023-08-23,7
1438,4,67.13512851973756,27.426833736564685,2023-08-24,7
1439,4,51.68121816574228,20.515540654163157,2023-08-25,7
1440,4,119.5877891719978,46.31585190425443,2023-08-26,7
1441,4,45.28457817372278,17.192582592931853,2023-08-28,7
1442,4,54.43338867922943,23.231082482002403,2023-08-29,7
1443,4,57.85652240743917,24.86910371534765,2023-08-30,7
1444,4,66.58456613544878,26.869435065915326,2023-08-31,7
1445,4,52.41453370240919,18.94331059337983,2023-09-01,7
1446,4,114.73517701345904,48.81804890308781,2023-09-02,7
1447,4,47.50640736277067,19.771918541924144,2023-09-04,7
1448,4,55.82897401137373,23.31154138019962,2023-09-05,7
1449,4,57.64490951553297,25.010447768015272,2023-09-06,7
1450,4,67.6872992817314,28.820344346820466,2023-09-07,7
1451,4,52.38727858107898,20.770654058198225,2023-09-08,7
1452,4,111.33077683124941,44.57452428731635,2023-09-09,7
1453,4,48.16346173006874,19.31315337011736,2023-09-11,7
1454,4,56.05302407528754,20.8297876258584,2023-09-12,7
1455,4,61.2641967608998,27.097494162073225,2023-09-13,7
1456,4,67.78481728299532,28.979179261910808,2023-09-14,7
1457,4,54.29992874822041,20.560815781478432,2023-09-15,7
1458,4,121.37307415074122,47.074023714611066,2023-09-16,7
1459,4,46.42895921109052,19.435747504321448,2023-09-18,7
1460,4,54.20535179420008,23.610688958309137,2023-09-19,7
1461,4,60.10890316144424,24.974122288894968,2023-09-20,7
1462,4,66.31381086050399,27.05239217940822,2023-09-21,7
1463,6,92.2,54.8,2023-08-23,7
1464,6,58.43333333333333,41.8,2023-08-24,7
1465,6,35.2,28.266666666666666,2023-08-25,7
1466,6,62.333333333333336,41.86666666666667,2023-08-26,7
1467,6,33.9,25.6,2023-08-28,7
1468,6,47.93333333333333,33.733333333333334,2023-08-29,7
1469,6,90.26666666666667,57.13333333333333,2023-08-30,7
1470,6,57.0,43.13333333333333,2023-08-31,7
1471,6,33.53333333333333,26.066666666666666,2023-09-01,7
1472,6,65.53333333333333,41.46666666666667,2023-09-02,7
1473,6,34.43333333333333,25.8,2023-09-04,7
1474,6,45.4,32.333333333333336,2023-09-05,7
1475,6,94.9,56.2,2023-09-06,7
1476,6,56.9,39.733333333333334,2023-09-07,7
1477,6,34.6,26.866666666666667,2023-09-08,7
1478,6,61.733333333333334,40.13333333333333,2023-09-09,7
1479,6,34.333333333333336,24.6,2023-09-11,7
1480,6,44.93333333333333,34.8,2023-09-12,7
1481,6,95.16666666666667,60.86666666666667,2023-09-13,7
1482,6,56.333333333333336,42.46666666666667,2023-09-14,7
1483,6,33.666666666666664,26.0,2023-09-15,7
1484,6,64.86666666666666,41.733333333333334,2023-09-16,7
1485,6,35.3,25.8,2023-09-18,7
1486,6,46.8,34.13333333333333,2023-09-19,7
1487,6,96.46666666666667,60.13333333333333,2023-09-20,7
1488,6,57.56666666666667,42.666666666666664,2023-09-21,7
1489,7,78.41,41.32,2023-08-23,7
1490,7,83.75,47.26,2023-08-24,7
1491,7,65.28,36.04,2023-08-25,7
1492,7,110.12,55.32,2023-08-26,7
1493,7,53.78,33.12,2023-08-28,7
1494,7,77.86,41.04,2023-08-29,7
1495,7,79.89,43.84,2023-08-30,7
1496,7,83.74,47.02,2023-08-31,7
1497,7,65.65,35.76,2023-09-01,7
1498,7,110.62,57.16,2023-09-02,7
1499,7,54.4,32.78,2023-09-04,7
1500,7,78.3,40.46,2023-09-05,7
1501,7,78.23,42.52,2023-09-06,7
1502,7,82.79,46.2,2023-09-07,7
1503,7,65.89,35.66,2023-09-08,7
1504,7,109.34,55.96,2023-09-09,7
1505,7,53.74,32.42,2023-09-11,7
1506,7,76.63,39.98,2023-09-12,7
1507,7,80.08,42.12,2023-09-13,7
1508,7,82.92,46.88,2023-09-14,7
1509,7,64.89,34.88,2023-09-15,7
1510,7,109.78,56.54,2023-09-16,7
1511,7,54.99,33.14,2023-09-18,7
1512,7,73.9,39.1,2023-09-19,7
1513,7,78.25,42.0,2023-09-20,7
1514,7,83.07,46.04,2023-09-21,7
1515,8,86.35920579185765,31.323003957055942,2023-08-23,7
1516,8,89.43115760140155,37.11169741324216,2023-08-24,7
1517,8,111.76390949729807,41.688780032257306,2023-08-25,7
1518,8,104.73443230464466,40.16552133750698,2023-08-26,7
1519,8,68.95830516903303,24.13661411074345,2023-08-28,7
1520,8,97.15863147181068,36.39097404024877,2023-08-29,7
1521,8,88.76332604344705,33.89997574637667,2023-08-30,7
1522,8,83.93941570457662,31.54958871171832,2023-08-31,7
1523,8,111.93139869759929,42.968659360767994,2023-09-01,7
1524,8,100.94487887575028,41.59807818194645,2023-09-02,7
1525,8,67.85149443444456,25.00933380367102,2023-09-04,7
1526,8,97.2503943767506,33.041365711937296,2023-09-05,7
1527,8,88.429274102485,31.820048531634082,2023-09-06,7
1528,8,84.78091222710728,32.076806240052164,2023-09-07,7
1529,8,108.39261531734239,43.55858741045353,2023-09-08,7
1530,8,103.67581704132503,41.13437215071416,2023-09-09,7
1531,8,63.97742095601349,24.198520863541695,2023-09-11,7
1532,8,95.40949849346988,33.97085393146873,2023-09-12,7
1533,8,91.34265618208059,34.06681141378068,2023-09-13,7
1534,8,83.64715741217259,32.28875718666015,2023-09-14,7
1535,8,110.05025324829789,44.75171360642412,2023-09-15,7
1536,8,105.84220489248591,40.97756495293143,2023-09-16,7
1537,8,65.17144267709797,24.80538559320764,2023-09-18,7
1538,8,99.76055298048252,37.58442469885042,2023-09-19,7
1539,8,89.96536942484565,35.02363098702608,2023-09-20,7
1540,8,85.38728661809745,35.90363133391859,2023-09-21,7
1541,9,72.24242213672197,29.634839715960005,2023-08-23,7
1542,9,76.28918261773703,31.67239417848686,2023-08-24,7
1543,9,67.65049512482652,26.357018100611622,2023-08-25,7
1544,9,88.01091230814163,34.20755093157423,2023-08-26,7
1545,9,52.18179527747984,19.920178026646713,2023-08-28,7
1546,9,61.37586374729068,27.26014104754191,2023-08-29,7
1547,9,68.47818055650558,29.86406909588901,2023-08-30,7
1548,9,72.65565433471966,32.3342615810707,2023-08-31,7
1549,9,67.87493904039322,26.97481821476113,2023-09-01,7
1550,9,86.6498594245023,34.17828304166548,2023-09-02,7
1551,9,52.72462762073066,19.808322216971295,2023-09-04,7
1552,9,59.324504693305805,25.950443093314384,2023-09-05,7
1553,9,72.01474996209511,28.991761563177484,2023-09-06,7
1554,9,71.78723063455936,30.376447407079922,2023-09-07,7
1555,9,66.46586569985266,26.252549927340308,2023-09-08,7
1556,9,86.99683391497734,34.12103334532162,2023-09-09,7
1557,9,53.63327926981491,19.80810805150425,2023-09-11,7
1558,9,60.517769593769685,25.759694102621044,2023-09-12,7
1559,9,71.00324943633544,29.231325232840604,2023-09-13,7
1560,9,71.95042297360693,31.897847157661502,2023-09-14,7
1561,9,68.25047797954672,27.615003049422935,2023-09-15,7
1562,9,87.45193794181833,35.929591156077464,2023-09-16,7
1563,9,52.1717222376406,20.205600089302358,2023-09-18,7
1564,9,60.24056231101539,26.62541752213563,2023-09-19,7
1565,9,69.97870763964859,29.5457978521726,2023-09-20,7
1566,9,73.72518867385148,32.55201704741959,2023-09-21,7
1567,37,72.72620149185828,28.882459127708152,2023-08-23,7
1568,37,73.35764294443436,31.18303304679096,2023-08-24,7
1569,37,70.28720368120337,33.429335747570526,2023-08-25,7
1570,37,100.38646952010642,42.74741014141102,2023-08-26,7
1571,37,60.76781067399451,28.396944998872783,2023-08-28,7
1572,37,65.06759880691912,32.91603703232031,2023-08-29,7
1573,37,65.1338536740116,28.952230713609456,2023-08-30,7
1574,37,70.94816717351794,31.83453122015401,2023-08-31,7
1575,37,56.4746706940825,24.317057818837384,2023-09-01,7
1576,37,106.83057507936675,45.16805692427,2023-09-02,7
1577,37,57.77448280470844,25.530858757655107,2023-09-04,7
1578,37,65.47753334896674,29.750641514193322,2023-09-05,7
1579,37,73.24504354516542,34.428917633775434,2023-09-06,7
1580,37,69.53152432505608,24.190414808900496,2023-09-07,7
1581,37,64.01495339369129,30.635445810289607,2023-09-08,7
1582,37,102.59825964798783,43.08418137964068,2023-09-09,7
1583,37,60.72562191189943,28.310395905152046,2023-09-11,7
1584,37,64.03315756920827,31.163600927218546,2023-09-12,7
1585,37,67.52487255217086,27.513219029098316,2023-09-13,7
1586,37,68.11260344924597,25.83023103964299,2023-09-14,7
1587,37,64.48876885131743,26.41947490421775,2023-09-15,7
1588,37,110.37164483694997,47.965644018834055,2023-09-16,7
1589,37,56.319937271428145,25.48509419150644,2023-09-18,7
1590,37,65.13489615691977,27.38323785253785,2023-09-19,7
1591,37,69.32885165924606,31.295991034413685,2023-09-20,7
1592,37,69.53489112527045,28.612541230420753,2023-09-21,7
1593,1,88.06632054639103,55.53479638344001,2023-10-06,8
1594,1,179.0973825459446,100.60446258123255,2023-10-07,8
1595,1,83.06264947309603,48.45572689470219,2023-10-09,8
1596,1,106.79113518577108,64.79001618802528,2023-10-10,8
1597,1,109.28814065357653,68.58781193853484,2023-10-11,8
1598,1,119.32168565595062,71.7479947426057,2023-10-12,8
1599,1,88.87321381406025,54.12886032817278,2023-10-13,8
1600,1,178.6208606852535,100.13547282248481,2023-10-14,8
1601,1,79.85303918963596,47.09607767392795,2023-10-16,8
1602,1,105.41432770599208,65.99697189292661,2023-10-17,8
1603,1,110.04075977642405,69.07953943737276,2023-10-18,8
1604,1,119.95496942165204,73.06156062395546,2023-10-19,8
1605,1,88.99102535549143,57.2081528069144,2023-10-20,8
1606,1,181.39654257385496,102.14945111911155,2023-10-21,8
1607,1,81.24667874664816,46.79993122370066,2023-10-23,8
1608,1,106.40317061112198,64.4037903476829,2023-10-24,8
1609,1,110.63438114703197,69.24172165739296,2023-10-25,8
1610,1,119.13293841295635,71.56046368520093,2023-10-26,8
1611,1,89.00006681938903,56.116039776600545,2023-10-27,8
1612,1,181.13236590245256,102.08330200616778,2023-10-28,8
1613,1,81.6543964041994,47.12357031814925,2023-10-30,8
1614,1,105.5475115536893,64.97112230743782,2023-10-31,8
1615,1,118.28929296301257,71.270783885853,2023-11-02,8
1616,1,88.34059704283548,53.41378304158464,2023-11-03,8
1617,1,179.11440384062308,100.18684987383426,2023-11-04,8
1618,2,104.20787731147415,45.56689610941135,2023-10-06,8
1619,2,248.11895762542312,102.04179636937057,2023-10-07,8
1620,2,80.50050893032078,43.44006007562551,2023-10-08,8
1621,2,95.64999283850963,43.65518971703055,2023-10-09,8
1622,2,126.7285854091553,62.21948579832785,2023-10-10,8
1623,2,141.73481656450073,61.58592597305328,2023-10-11,8
1624,2,172.1279298805053,78.04802583049577,2023-10-12,8
1625,2,101.14972808984858,47.05659573800296,2023-10-13,8
1626,2,246.88387140748674,99.36449077789382,2023-10-14,8
1627,2,80.66805131536181,44.63499685105657,2023-10-15,8
1628,2,95.01794529004155,43.279026310884376,2023-10-16,8
1629,2,125.9540701633341,62.84553756651184,2023-10-17,8
1630,2,135.35094529430532,63.4058366076184,2023-10-18,8
1631,2,168.97181664595794,77.36103714561304,2023-10-19,8
1632,2,101.2614235137516,45.614486702605085,2023-10-20,8
1633,2,187.05140448054593,88.15292510427845,2023-10-21,8
1634,2,80.2242156197194,44.179190233612786,2023-10-22,8
1635,2,102.4825640498571,44.55095114534064,2023-10-23,8
1636,2,127.53508012099994,60.84623036448735,2023-10-24,8
1637,2,138.956185733472,63.81208663067228,2023-10-25,8
1638,2,173.48057017566,83.48120891699422,2023-10-26,8
1639,2,104.4810679402294,44.21372239232029,2023-10-27,8
1640,2,245.19756549600677,104.88471849428323,2023-10-28,8
1641,2,77.27983835137168,40.69383406503672,2023-10-29,8
1642,2,103.59004336352918,46.032936898856214,2023-10-30,8
1643,2,125.44111092774206,60.99244093377372,2023-10-31,8
1644,2,167.15036840474718,75.89615490446303,2023-11-02,8
1645,2,103.83050659797802,45.937414210679705,2023-11-03,8
1646,2,235.2475165343126,103.41394202867035,2023-11-04,8
1647,3,82.49097635349266,44.96155699123882,2023-10-06,8
1648,3,91.03484870519186,48.51905226350753,2023-10-07,8
1649,3,58.938965414607985,29.358114660611115,2023-10-09,8
1650,3,74.05377789239114,39.33236711423799,2023-10-10,8
1651,3,76.47278033649569,42.095990824192754,2023-10-11,8
1652,3,80.82122285537338,39.383509029817674,2023-10-12,8
1653,3,82.24911734700711,45.72872551324436,2023-10-13,8
1654,3,89.55087530765873,46.21256352830106,2023-10-14,8
1655,3,58.748097062334054,30.889543937019774,2023-10-16,8
1656,3,73.8650034252519,38.33110874849759,2023-10-17,8
1657,3,76.12707454536041,44.71700697453872,2023-10-18,8
1658,3,83.46605330198061,42.01423321303935,2023-10-19,8
1659,3,79.44214704609354,45.2262009940255,2023-10-20,8
1660,3,83.37745003810707,46.63503914940052,2023-10-21,8
1661,3,57.64504267385195,29.775675422339752,2023-10-23,8
1662,3,75.79319573000458,40.642599985608754,2023-10-24,8
1663,3,78.1661166636783,44.81677681621877,2023-10-25,8
1664,3,78.8417504896241,42.92689367035648,2023-10-26,8
1665,3,82.48099060829871,44.81427576596644,2023-10-27,8
1666,3,92.87769188055145,49.43880106579242,2023-10-28,8
1667,3,58.97975003040984,30.930261810465524,2023-10-30,8
1668,3,71.69519837767473,40.732970380089625,2023-10-31,8
1669,3,79.89109113218117,40.52776584110266,2023-11-02,8
1670,3,81.58025347117479,44.302273171874624,2023-11-03,8
1671,3,88.5338530403013,49.27700034283185,2023-11-04,8
1672,4,57.84872157274023,23.097870047532357,2023-10-06,8
1673,4,120.36999578256149,45.0963716511809,2023-10-07,8
1674,4,49.181593324634214,19.884414602486416,2023-10-09,8
1675,4,57.39359924744519,23.04942623545474,2023-10-10,8
1676,4,64.43685172491632,26.94917104037012,2023-10-11,8
1677,4,69.78710383466043,27.797678850233478,2023-10-12,8
1678,4,56.865077026664274,22.62244996145984,2023-10-13,8
1679,4,119.2288150330036,44.2573685756035,2023-10-14,8
1680,4,47.330766131204335,19.24010974847446,2023-10-16,8
1681,4,57.97532552822237,20.68454073032182,2023-10-17,8
1682,4,63.04883542770974,27.81832018908398,2023-10-18,8
1683,4,69.8357735447376,27.911360654989412,2023-10-19,8
1684,4,58.360583988910555,22.865392547478752,2023-10-20,8
1685,4,122.23843406326131,44.52669262605113,2023-10-21,8
1686,4,47.028672075194685,19.249106873215553,2023-10-23,8
1687,4,57.7825010710999,22.76456791973526,2023-10-24,8
1688,4,64.04389503098305,27.744801057371195,2023-10-25,8
1689,4,65.56479270226652,28.425948588892137,2023-10-26,8
1690,4,55.68521223599956,21.80908702408712,2023-10-27,8
1691,4,121.643303291167,47.77647776054406,2023-10-28,8
1692,4,48.23453260683121,19.910646199585567,2023-10-30,8
1693,4,57.254809704851844,23.22265627093429,2023-10-31,8
1694,4,68.14643477809857,29.09516092667327,2023-11-02,8
1695,4,55.20085747691076,21.06004884637256,2023-11-03,8
1696,4,120.84344845175076,48.959669962529475,2023-11-04,8
1697,6,34.15920207201161,25.122938323248576,2023-10-06,8
1698,6,62.83297936578706,39.33204048343149,2023-10-07,8
1699,6,34.21779650784611,24.447653489723418,2023-10-09,8
1700,6,44.9681097168144,31.217687406357356,2023-10-10,8
1701,6,92.52262655817299,52.320366905111804,2023-10-11,8
1702,6,54.922129254162044,40.47566093499465,2023-10-12,8
1703,6,34.002800133874885,24.12066875307417,2023-10-13,8
1704,6,62.100194042899105,38.07801809402439,2023-10-14,8
1705,6,33.33305035412286,24.730596401367496,2023-10-16,8
1706,6,45.97444637596275,32.08760407150632,2023-10-17,8
1707,6,89.9805905193864,53.18907503888594,2023-10-18,8
1708,6,54.54775105309346,38.20807108364004,2023-10-19,8
1709,6,32.15972138417975,25.076585662253564,2023-10-20,8
1710,6,48.621169499963514,37.90776633061096,2023-10-21,8
1711,6,35.468394365440055,26.22427323378352,2023-10-23,8
1712,6,43.94960827628261,31.510546144092917,2023-10-24,8
1713,6,86.58139534713128,52.5524740529519,2023-10-25,8
1714,6,56.08948645740044,38.97202723670953,2023-10-26,8
1715,6,34.784829486561605,25.148441808065655,2023-10-27,8
1716,6,63.65788024449764,40.34007954617566,2023-10-28,8
1717,6,34.711664853097375,25.167742044312153,2023-10-30,8
1718,6,45.58641523104425,33.20531834354238,2023-10-31,8
1719,6,54.49848514671545,39.76230942323446,2023-11-02,8
1720,6,32.981365574243355,23.873524248667636,2023-11-03,8
1721,6,62.44686388792793,40.264573800482445,2023-11-04,8
1722,7,65.6923076923077,36.36538461538461,2023-10-06,8
1723,7,110.88461538461539,56.71153846153846,2023-10-07,8
1724,7,53.17307692307692,32.30769230769231,2023-10-09,8
1725,7,78.8076923076923,42.0,2023-10-10,8
1726,7,78.41346153846153,41.42307692307692,2023-10-11,8
1727,7,82.77884615384616,46.26923076923077,2023-10-12,8
1728,7,64.83653846153847,36.01923076923077,2023-10-13,8
1729,7,111.1923076923077,56.82692307692308,2023-10-14,8
1730,7,51.88461538461539,31.596153846153847,2023-10-16,8
1731,7,78.40384615384616,41.61538461538461,2023-10-17,8
1732,7,79.71153846153847,42.53846153846154,2023-10-18,8
1733,7,83.47115384615384,46.88461538461539,2023-10-19,8
1734,7,64.82692307692308,36.40384615384615,2023-10-20,8
1735,7,107.98076923076923,56.98076923076923,2023-10-21,8
1736,7,53.42307692307692,32.90384615384615,2023-10-23,8
1737,7,77.46153846153847,41.51923076923077,2023-10-24,8
1738,7,79.24038461538461,42.96153846153846,2023-10-25,8
1739,7,82.77884615384616,46.53846153846154,2023-10-26,8
1740,7,65.88461538461539,36.25,2023-10-27,8
1741,7,111.13461538461539,56.5,2023-10-28,8
1742,7,53.375,32.38461538461539,2023-10-30,8
1743,7,77.16346153846153,40.67307692307692,2023-10-31,8
1744,7,83.09615384615384,47.75,2023-11-02,8
1745,7,64.51923076923077,37.11538461538461,2023-11-03,8
1746,7,110.98076923076923,56.69230769230769,2023-11-04,8
1747,8,115.44727931928789,40.20016147415691,2023-10-06,8
1748,8,101.52803201144006,33.06454029355188,2023-10-07,8
1749,8,68.97116898012138,24.060127633087575,2023-10-09,8
1750,8,96.92985636344783,36.05949020557691,2023-10-10,8
1751,8,86.88604675901058,34.6162868417432,2023-10-11,8
1752,8,90.87887423763462,35.129976391453006,2023-10-12,8
1753,8,114.67419922750726,41.55600468712872,2023-10-13,8
1754,8,100.04428273233934,33.23409224505645,2023-10-14,8
1755,8,69.31987908875013,24.586137684156174,2023-10-16,8
1756,8,101.41928910074635,37.21089980158849,2023-10-17,8
1757,8,92.88709913585463,37.41389511352348,2023-10-18,8
1758,8,85.51669898961258,33.15424338573847,2023-10-19,8
1759,8,110.54591433743241,40.22011785168879,2023-10-20,8
1760,8,107.0969878395347,38.245372213603325,2023-10-21,8
1761,8,67.8268297976629,23.928643493112517,2023-10-23,8
1762,8,98.22404315781807,34.51284465842619,2023-10-24,8
1763,8,88.65632502732491,36.07267969319697,2023-10-25,8
1764,8,85.33773752747622,33.91559457076094,2023-10-26,8
1765,8,112.31038400199921,39.89430797784574,2023-10-27,8
1766,8,106.79185068905215,38.96860270753418,2023-10-28,8
1767,8,67.71047273682369,21.843839081116823,2023-10-30,8
1768,8,95.31922414568395,36.46216427781511,2023-10-31,8
1769,8,86.35278480652947,33.41774944332173,2023-11-02,8
1770,8,108.77573906643619,41.704014134587894,2023-11-03,8
1771,8,103.21935020590693,40.32585813401275,2023-11-04,8
1772,9,67.92307692307692,26.615384615384617,2023-10-06,8
1773,9,85.15384615384616,32.38461538461539,2023-10-07,8
1774,9,51.07692307692308,21.076923076923077,2023-10-09,8
1775,9,59.84615384615385,26.923076923076923,2023-10-10,8
1776,9,73.15384615384616,29.23076923076923,2023-10-11,8
1777,9,73.8076923076923,31.923076923076923,2023-10-12,8
1778,9,65.8076923076923,25.615384615384617,2023-10-13,8
1779,9,88.96153846153847,34.07692307692308,2023-10-14,8
1780,9,51.46153846153846,21.53846153846154,2023-10-16,8
1781,9,60.80769230769231,27.076923076923077,2023-10-17,8
1782,9,71.38461538461539,30.384615384615383,2023-10-18,8
1783,9,71.26923076923077,31.53846153846154,2023-10-19,8
1784,9,65.88461538461539,28.23076923076923,2023-10-20,8
1785,9,88.38461538461539,35.61538461538461,2023-10-21,8
1786,9,52.30769230769231,19.76923076923077,2023-10-23,8
1787,9,62.92307692307692,27.53846153846154,2023-10-24,8
1788,9,70.76923076923077,30.615384615384617,2023-10-25,8
1789,9,70.96153846153847,32.69230769230769,2023-10-26,8
1790,9,65.3076923076923,26.23076923076923,2023-10-27,8
1791,9,86.0,34.61538461538461,2023-10-28,8
1792,9,51.76923076923077,19.923076923076923,2023-10-30,8
1793,9,61.23076923076923,26.923076923076923,2023-10-31,8
1794,9,69.96153846153847,30.53846153846154,2023-11-02,8
1795,9,62.88461538461539,25.692307692307693,2023-11-03,8
1796,9,83.65384615384616,30.923076923076923,2023-11-04,8
1797,37,67.42830121242207,29.208305873395,2023-10-06,8
1798,37,102.11680340919837,42.04435997507083,2023-10-07,8
1799,37,59.252238657704204,26.7180700369575,2023-10-09,8
1800,37,64.83503361866127,29.351438105676806,2023-10-10,8
1801,37,71.52021264183583,30.383933490710724,2023-10-11,8
1802,37,71.93836251776789,29.874063679861976,2023-10-12,8
1803,37,62.40085043444825,27.791722269985446,2023-10-13,8
1804,37,105.75330174805123,42.17954100497703,2023-10-14,8
1805,37,53.3593891563204,24.9765584589342,2023-10-16,8
1806,37,65.33007536526438,28.39877872628568,2023-10-17,8
1807,37,68.25904168744431,32.80293713917079,2023-10-18,8
1808,37,71.04206361289492,28.00881115698792,2023-10-19,8
1809,37,67.61589719363839,28.720653403555893,2023-10-20,8
1810,37,111.38934222620955,45.49646893738388,2023-10-21,8
1811,37,52.759851436015595,24.624739713420723,2023-10-23,8
1812,37,67.05408585377032,30.82442269014491,2023-10-24,8
1813,37,69.33928151639145,28.792182089830135,2023-10-25,8
1814,37,68.69779727567851,29.758949702058914,2023-10-26,8
1815,37,64.40788454368428,28.46107352157666,2023-10-27,8
1816,37,109.13396451834295,45.41242920989189,2023-10-28,8
1817,37,54.58973284713122,24.644940041210262,2023-10-30,8
1818,37,66.63425404012618,28.61309310031822,2023-10-31,8
1819,37,67.8089410205504,29.36315603726737,2023-11-02,8
1820,37,65.86208423695854,29.66319250787176,2023-11-03,8
1821,37,105.16548227761815,44.36626321846162,2023-11-04,8
