,id,dzien_rozliczenia,product1,product2,product3,product4,k
0,1,2022-12-02,74.0,43,0.0,0.0,1
1,1,2022-12-03,130.0,58,0.0,0.0,1
2,1,2022-12-05,60.0,39,0.0,0.0,1
3,1,2022-12-06,82.0,65,0.0,0.0,1
4,1,2022-12-07,87.0,41,0.0,0.0,1
5,1,2022-12-08,95.0,47,0.0,0.0,1
6,1,2022-12-09,64.0,34,0.0,0.0,1
7,1,2022-12-10,136.0,59,0.0,0.0,1
8,1,2022-12-11,0.0,0,0.0,0.0,1
9,1,2022-12-12,71.0,30,0.0,0.0,1
10,1,2022-12-13,87.0,55,0.0,0.0,1
11,1,2022-12-14,97.5,40,0.0,0.0,1
12,1,2022-12-15,102.0,58,0.0,0.0,1
13,1,2022-12-16,82.0,37,0.0,0.0,1
14,1,2022-12-17,160.0,75,0.0,0.0,1
15,1,2022-12-18,43.0,21,0.0,0.0,1
16,1,2022-12-19,70.0,40,0.0,0.0,1
17,1,2022-12-20,84.0,46,0.0,0.0,1
18,1,2022-12-21,95.0,46,0.0,0.0,1
19,1,2022-12-22,87.0,48,0.0,0.0,1
20,1,2022-12-23,70.0,43,0.0,0.0,1
21,1,2022-12-29,131.5,53,0.0,0.0,1
22,1,2022-12-30,50.0,32,0.0,0.0,1
23,1,2022-12-31,0.0,0,0.0,0.0,1
24,2,2022-12-02,104.0,38,0.0,0.0,1
25,2,2022-12-03,220.0,94,0.0,0.0,1
26,2,2022-12-04,60.0,40,0.0,0.0,1
27,2,2022-12-05,60.0,39,0.0,0.0,1
28,2,2022-12-06,126.0,57,0.0,0.0,1
29,2,2022-12-07,144.0,62,0.0,0.0,1
30,2,2022-12-08,146.0,64,0.0,0.0,1
31,2,2022-12-09,100.0,46,0.0,0.0,1
32,2,2022-12-10,251.0,122,0.0,0.0,1
33,2,2022-12-11,63.0,39,0.0,0.0,1
34,2,2022-12-12,92.0,37,0.0,0.0,1
35,2,2022-12-13,113.0,65,0.0,0.0,1
36,2,2022-12-14,133.0,56,0.0,0.0,1
37,2,2022-12-15,167.0,79,0.0,0.0,1
38,2,2022-12-16,95.0,41,0.0,0.0,1
39,2,2022-12-17,263.0,104,0.0,0.0,1
40,2,2022-12-18,72.0,35,0.0,0.0,1
41,2,2022-12-19,91.0,45,0.0,0.0,1
42,2,2022-12-20,133.0,67,0.0,0.0,1
43,2,2022-12-21,128.0,59,0.0,0.0,1
44,2,2022-12-22,161.0,68,0.0,0.0,1
45,2,2022-12-23,100.0,40,0.0,0.0,1
46,2,2022-12-29,199.0,74,0.0,0.0,1
47,2,2022-12-30,82.0,31,0.0,0.0,1
48,2,2022-12-31,0.0,0,0.0,0.0,1
49,3,2022-12-02,77.0,44,0.0,0.0,1
50,3,2022-12-03,80.5,33,0.0,0.0,1
51,3,2022-12-05,47.0,16,0.0,0.0,1
52,3,2022-12-06,56.0,28,0.0,0.0,1
53,3,2022-12-07,65.0,33,0.0,0.0,1
54,3,2022-12-08,68.0,37,0.0,0.0,1
55,3,2022-12-09,63.0,42,0.0,0.0,1
56,3,2022-12-10,52.0,33,0.0,0.0,1
57,3,2022-12-12,39.0,17,0.0,0.0,1
58,3,2022-12-13,58.0,50,0.0,0.0,1
59,3,2022-12-14,68.0,37,0.0,0.0,1
60,3,2022-12-15,80.0,51,0.0,0.0,1
61,3,2022-12-16,93.0,43,0.0,0.0,1
62,3,2022-12-17,88.5,33,0.0,0.0,1
63,3,2022-12-19,57.0,26,0.0,0.0,1
64,3,2022-12-20,77.0,39,0.0,0.0,1
65,3,2022-12-21,57.5,35,0.0,0.0,1
66,3,2022-12-22,83.0,42,0.0,0.0,1
67,3,2022-12-23,60.0,34,0.0,0.0,1
68,3,2022-12-29,95.0,64,0.0,0.0,1
69,3,2022-12-30,78.0,22,0.0,0.0,1
70,3,2022-12-31,0.0,0,0.0,0.0,1
71,4,2022-12-02,60.0,13,0.0,0.0,1
72,4,2022-12-03,99.0,43,0.0,0.0,1
73,4,2022-12-05,31.0,11,0.0,0.0,1
74,4,2022-12-06,57.0,21,0.0,0.0,1
75,4,2022-12-07,57.0,22,0.0,0.0,1
76,4,2022-12-08,67.0,32,0.0,0.0,1
77,4,2022-12-09,47.0,22,0.0,0.0,1
78,4,2022-12-10,120.0,57,0.0,0.0,1
79,4,2022-12-11,0.0,0,0.0,0.0,1
80,4,2022-12-12,31.0,11,0.0,0.0,1
81,4,2022-12-13,47.5,13,0.0,0.0,1
82,4,2022-12-14,54.0,24,0.0,0.0,1
83,4,2022-12-15,60.0,35,0.0,0.0,1
84,4,2022-12-16,53.0,19,0.0,0.0,1
85,4,2022-12-17,106.0,38,0.0,0.0,1
86,4,2022-12-18,54.0,23,0.0,0.0,1
87,4,2022-12-19,31.0,13,0.0,0.0,1
88,4,2022-12-20,50.0,19,0.0,0.0,1
89,4,2022-12-21,53.0,17,0.0,0.0,1
90,4,2022-12-22,76.0,22,0.0,0.0,1
91,4,2022-12-23,49.0,21,0.0,0.0,1
92,4,2022-12-29,73.0,31,0.0,0.0,1
93,4,2022-12-30,58.0,22,0.0,0.0,1
94,4,2022-12-31,0.0,0,0.0,0.0,1
95,6,2022-12-02,31.0,34,0.0,0.0,1
96,6,2022-12-03,56.0,28,0.0,0.0,1
97,6,2022-12-05,36.0,19,0.0,0.0,1
98,6,2022-12-06,47.0,41,0.0,0.0,1
99,6,2022-12-07,71.0,63,0.0,0.0,1
100,6,2022-12-08,55.0,32,0.0,0.0,1
101,6,2022-12-09,30.0,22,0.0,0.0,1
102,6,2022-12-10,47.0,28,0.0,0.0,1
103,6,2022-12-12,27.0,15,0.0,0.0,1
104,6,2022-12-13,39.0,24,0.0,0.0,1
105,6,2022-12-14,69.5,53,0.0,0.0,1
106,6,2022-12-15,65.0,49,0.0,0.0,1
107,6,2022-12-16,39.0,26,0.0,0.0,1
108,6,2022-12-17,63.0,43,0.0,0.0,1
109,6,2022-12-19,33.0,22,0.0,0.0,1
110,6,2022-12-20,50.0,34,0.0,0.0,1
111,6,2022-12-21,63.0,24,0.0,0.0,1
112,6,2022-12-22,50.0,40,0.0,0.0,1
113,6,2022-12-23,28.0,24,0.0,0.0,1
114,6,2022-12-29,56.0,46,0.0,0.0,1
115,6,2022-12-30,25.0,10,0.0,0.0,1
116,6,2022-12-31,0.0,0,0.0,0.0,1
117,7,2022-12-02,73.0,39,0.0,0.0,1
118,7,2022-12-03,101.0,49,0.0,0.0,1
119,7,2022-12-05,45.0,27,0.0,0.0,1
120,7,2022-12-06,89.0,49,0.0,0.0,1
121,7,2022-12-07,68.0,27,0.0,0.0,1
122,7,2022-12-08,68.0,41,0.0,0.0,1
123,7,2022-12-09,60.0,41,0.0,0.0,1
124,7,2022-12-10,109.0,60,0.0,0.0,1
125,7,2022-12-12,58.0,32,0.0,0.0,1
126,7,2022-12-13,62.0,28,0.0,0.0,1
127,7,2022-12-14,83.0,36,0.0,0.0,1
128,7,2022-12-15,80.0,49,0.0,0.0,1
129,7,2022-12-16,59.0,36,0.0,0.0,1
130,7,2022-12-17,112.0,72,0.0,0.0,1
131,7,2022-12-19,40.0,20,0.0,0.0,1
132,7,2022-12-20,68.0,36,0.0,0.0,1
133,7,2022-12-21,68.0,35,0.0,0.0,1
134,7,2022-12-22,84.0,51,0.0,0.0,1
135,7,2022-12-23,52.0,30,0.0,0.0,1
136,7,2022-12-29,102.0,70,0.0,0.0,1
137,7,2022-12-30,69.0,3,0.0,0.0,1
138,7,2022-12-31,0.0,0,0.0,0.0,1
139,8,2022-12-02,79.0,25,0.0,0.0,1
140,8,2022-12-03,105.0,48,0.0,0.0,1
141,8,2022-12-05,70.0,33,0.0,0.0,1
142,8,2022-12-06,80.0,38,0.0,0.0,1
143,8,2022-12-07,66.0,23,0.0,0.0,1
144,8,2022-12-08,77.0,34,0.0,0.0,1
145,8,2022-12-09,98.0,38,0.0,0.0,1
146,8,2022-12-10,100.0,26,0.0,0.0,1
147,8,2022-12-12,50.0,16,0.0,0.0,1
148,8,2022-12-13,80.0,19,0.0,0.0,1
149,8,2022-12-14,88.0,41,0.0,0.0,1
150,8,2022-12-15,104.0,29,0.0,0.0,1
151,8,2022-12-16,109.0,49,0.0,0.0,1
152,8,2022-12-17,105.0,33,0.0,0.0,1
153,8,2022-12-19,60.0,25,0.0,0.0,1
154,8,2022-12-20,105.0,30,0.0,0.0,1
155,8,2022-12-21,87.0,29,0.0,0.0,1
156,8,2022-12-22,80.0,35,0.0,0.0,1
157,8,2022-12-23,99.0,35,0.0,0.0,1
158,8,2022-12-29,101.0,32,0.0,0.0,1
159,8,2022-12-30,64.0,6,0.0,0.0,1
160,8,2022-12-31,0.0,0,0.0,0.0,1
161,9,2022-12-02,53.0,25,0.0,0.0,1
162,9,2022-12-03,105.5,22,0.0,0.0,1
163,9,2022-12-05,33.0,16,0.0,0.0,1
164,9,2022-12-06,53.0,16,0.0,0.0,1
165,9,2022-12-07,71.0,24,0.0,0.0,1
166,9,2022-12-08,65.0,16,0.0,0.0,1
167,9,2022-12-09,50.0,22,0.0,0.0,1
168,9,2022-12-10,76.0,23,0.0,0.0,1
169,9,2022-12-12,41.0,18,0.0,0.0,1
170,9,2022-12-13,50.5,24,0.0,0.0,1
171,9,2022-12-14,57.0,17,0.0,0.0,1
172,9,2022-12-15,64.0,26,0.0,0.0,1
173,9,2022-12-16,56.0,23,0.0,0.0,1
174,9,2022-12-17,81.0,29,0.0,0.0,1
175,9,2022-12-19,37.0,15,0.0,0.0,1
176,9,2022-12-20,61.0,14,0.0,0.0,1
177,9,2022-12-21,56.0,29,0.0,0.0,1
178,9,2022-12-22,63.0,25,0.0,0.0,1
179,9,2022-12-23,56.0,12,0.0,0.0,1
180,9,2022-12-29,63.0,18,0.0,0.0,1
181,9,2022-12-30,65.0,12,0.0,0.0,1
182,9,2022-12-31,0.0,0,0.0,0.0,1
183,37,2022-12-02,56.0,26,0.0,0.0,1
184,37,2022-12-03,105.0,57,0.0,0.0,1
185,37,2022-12-05,39.0,24,0.0,0.0,1
186,37,2022-12-06,52.0,28,0.0,0.0,1
187,37,2022-12-07,48.0,26,0.0,0.0,1
188,37,2022-12-08,64.0,28,0.0,0.0,1
189,37,2022-12-09,56.0,22,0.0,0.0,1
190,37,2022-12-10,94.0,36,0.0,0.0,1
191,37,2022-12-11,0.0,0,0.0,0.0,1
192,37,2022-12-12,49.5,27,0.0,0.0,1
193,37,2022-12-13,53.0,28,0.0,0.0,1
194,37,2022-12-14,63.0,28,0.0,0.0,1
195,37,2022-12-15,60.0,29,0.0,0.0,1
196,37,2022-12-16,58.0,20,0.0,0.0,1
197,37,2022-12-17,112.0,46,0.0,0.0,1
198,37,2022-12-18,43.5,15,0.0,0.0,1
199,37,2022-12-19,59.0,29,0.0,0.0,1
200,37,2022-12-20,60.0,34,0.0,0.0,1
201,37,2022-12-21,61.0,31,0.0,0.0,1
202,37,2022-12-22,73.0,36,0.0,0.0,1
203,37,2022-12-23,58.0,24,0.0,0.0,1
204,37,2022-12-29,79.0,37,0.0,0.0,1
205,37,2022-12-30,62.0,17,0.0,0.0,1
206,37,2022-12-31,0.0,0,0.0,0.0,1
207,1,2023-01-16,57.0,35,0.0,0.0,2
208,1,2023-01-17,75.5,40,0.0,0.0,2
209,1,2023-01-18,82.0,55,0.0,0.0,2
210,1,2023-01-19,93.0,58,0.0,0.0,2
211,1,2023-01-20,64.0,41,0.0,0.0,2
212,1,2023-01-21,138.0,73,0.0,0.0,2
213,1,2023-01-23,62.0,41,0.0,0.0,2
214,1,2023-01-24,76.0,53,0.0,0.0,2
215,1,2023-01-25,75.0,38,0.0,0.0,2
216,1,2023-01-26,82.0,44,0.0,0.0,2
217,1,2023-01-27,83.0,61,0.0,0.0,2
218,1,2023-01-28,116.0,57,0.0,0.0,2
219,1,2023-01-30,61.0,37,0.0,0.0,2
220,1,2023-01-31,72.0,44,0.0,0.0,2
221,1,2023-02-01,97.0,34,0.0,0.0,2
222,1,2023-02-02,76.0,43,0.0,0.0,2
223,1,2023-02-03,66.0,43,0.0,0.0,2
224,1,2023-02-04,125.0,84,0.0,0.0,2
225,1,2023-02-06,48.0,24,0.0,0.0,2
226,1,2023-02-07,63.0,42,0.0,0.0,2
227,1,2023-02-08,68.0,38,0.0,0.0,2
228,1,2023-02-09,70.0,41,0.0,0.0,2
229,1,2023-02-10,61.0,24,0.0,0.0,2
230,1,2023-02-11,109.0,62,0.0,0.0,2
231,1,2023-02-13,67.0,47,0.0,0.0,2
232,2,2023-01-15,53.0,37,0.0,0.0,2
233,2,2023-01-16,69.0,31,0.0,0.0,2
234,2,2023-01-17,114.0,51,0.0,0.0,2
235,2,2023-01-18,135.0,61,0.0,0.0,2
236,2,2023-01-19,131.0,67,0.0,0.0,2
237,2,2023-01-20,89.0,45,0.0,0.0,2
238,2,2023-01-21,252.0,116,0.0,0.0,2
239,2,2023-01-22,50.0,36,0.0,0.0,2
240,2,2023-01-23,77.0,42,0.0,0.0,2
241,2,2023-01-24,111.0,55,0.0,0.0,2
242,2,2023-01-25,96.0,54,0.0,0.0,2
243,2,2023-01-26,155.0,82,0.0,0.0,2
244,2,2023-01-27,102.0,38,0.0,0.0,2
245,2,2023-01-28,194.0,77,0.0,0.0,2
246,2,2023-01-29,46.0,35,0.0,0.0,2
247,2,2023-01-30,72.0,32,0.0,0.0,2
248,2,2023-01-31,112.0,52,0.0,0.0,2
249,2,2023-02-01,86.0,48,0.0,0.0,2
250,2,2023-02-02,129.0,74,0.0,0.0,2
251,2,2023-02-03,92.0,52,0.0,0.0,2
252,2,2023-02-04,217.0,91,0.0,0.0,2
253,2,2023-02-05,61.0,24,0.0,0.0,2
254,2,2023-02-06,75.0,42,0.0,0.0,2
255,2,2023-02-07,125.0,54,0.0,0.0,2
256,2,2023-02-08,108.0,55,0.0,0.0,2
257,2,2023-02-09,117.0,60,0.0,0.0,2
258,2,2023-02-10,68.0,35,0.0,0.0,2
259,2,2023-02-11,191.0,92,0.0,0.0,2
260,2,2023-02-12,39.0,39,0.0,0.0,2
261,2,2023-02-13,76.0,34,0.0,0.0,2
262,3,2023-01-16,54.0,28,0.0,0.0,2
263,3,2023-01-17,77.0,40,0.0,0.0,2
264,3,2023-01-18,81.0,56,0.0,0.0,2
265,3,2023-01-19,96.0,37,0.0,0.0,2
266,3,2023-01-20,72.0,41,0.0,0.0,2
267,3,2023-01-21,81.0,40,0.0,0.0,2
268,3,2023-01-23,38.5,9,0.0,0.0,2
269,3,2023-01-24,46.0,30,0.0,0.0,2
270,3,2023-01-25,44.0,27,0.0,0.0,2
271,3,2023-01-26,81.0,56,0.0,0.0,2
272,3,2023-01-27,66.0,37,0.0,0.0,2
273,3,2023-01-28,67.0,35,0.0,0.0,2
274,3,2023-01-30,47.5,20,0.0,0.0,2
275,3,2023-01-31,52.0,33,0.0,0.0,2
276,3,2023-02-01,68.0,31,0.0,0.0,2
277,3,2023-02-02,72.0,51,0.0,0.0,2
278,3,2023-02-03,48.0,28,0.0,0.0,2
279,3,2023-02-04,65.0,43,0.0,0.0,2
280,3,2023-02-06,37.0,18,0.0,0.0,2
281,3,2023-02-07,63.0,41,0.0,0.0,2
282,3,2023-02-08,50.0,42,0.0,0.0,2
283,3,2023-02-09,57.0,29,0.0,0.0,2
284,3,2023-02-10,48.5,33,0.0,0.0,2
285,3,2023-02-11,62.0,35,0.0,0.0,2
286,3,2023-02-13,48.5,24,0.0,0.0,2
287,4,2023-01-16,35.5,14,0.0,0.0,2
288,4,2023-01-17,45.0,24,0.0,0.0,2
289,4,2023-01-18,63.0,14,0.0,0.0,2
290,4,2023-01-19,63.0,24,0.0,0.0,2
291,4,2023-01-20,36.0,15,0.0,0.0,2
292,4,2023-01-21,100.0,47,0.0,0.0,2
293,4,2023-01-23,40.5,14,0.0,0.0,2
294,4,2023-01-24,43.0,16,0.0,0.0,2
295,4,2023-01-25,56.0,19,0.0,0.0,2
296,4,2023-01-26,41.0,24,0.0,0.0,2
297,4,2023-01-27,36.0,9,0.0,0.0,2
298,4,2023-01-28,85.0,34,0.0,0.0,2
299,4,2023-01-30,40.0,18,0.0,0.0,2
300,4,2023-01-31,53.0,27,0.0,0.0,2
301,4,2023-02-01,52.0,20,0.0,0.0,2
302,4,2023-02-02,48.5,28,0.0,0.0,2
303,4,2023-02-03,51.0,21,0.0,0.0,2
304,4,2023-02-04,80.0,40,0.0,0.0,2
305,4,2023-02-06,30.0,13,0.0,0.0,2
306,4,2023-02-07,39.0,21,0.0,0.0,2
307,4,2023-02-08,45.0,16,0.0,0.0,2
308,4,2023-02-09,54.5,33,0.0,0.0,2
309,4,2023-02-10,40.0,16,0.0,0.0,2
310,4,2023-02-11,83.0,32,0.0,0.0,2
311,4,2023-02-13,50.0,18,0.0,0.0,2
312,6,2023-01-16,33.0,25,0.0,0.0,2
313,6,2023-01-17,51.0,33,0.0,0.0,2
314,6,2023-01-18,52.0,38,0.0,0.0,2
315,6,2023-01-19,55.0,43,0.0,0.0,2
316,6,2023-01-20,28.0,24,0.0,0.0,2
317,6,2023-01-21,42.0,31,0.0,0.0,2
318,6,2023-01-23,36.0,24,0.0,0.0,2
319,6,2023-01-24,47.0,36,0.0,0.0,2
320,6,2023-01-25,60.0,37,0.0,0.0,2
321,6,2023-01-26,55.0,48,0.0,0.0,2
322,6,2023-01-27,27.0,31,0.0,0.0,2
323,6,2023-01-28,47.0,46,0.0,0.0,2
324,6,2023-01-30,30.0,21,0.0,0.0,2
325,6,2023-01-31,48.0,29,0.0,0.0,2
326,6,2023-02-01,50.0,37,0.0,0.0,2
327,6,2023-02-02,34.0,33,0.0,0.0,2
328,6,2023-02-03,22.0,18,0.0,0.0,2
329,6,2023-02-04,53.0,33,0.0,0.0,2
330,6,2023-02-06,28.0,25,0.0,0.0,2
331,6,2023-02-07,36.0,29,0.0,0.0,2
332,6,2023-02-08,56.0,40,0.0,0.0,2
333,6,2023-02-09,54.0,39,0.0,0.0,2
334,6,2023-02-10,26.0,26,0.0,0.0,2
335,6,2023-02-11,47.0,32,0.0,0.0,2
336,6,2023-02-13,27.0,19,0.0,0.0,2
337,7,2023-01-16,49.0,39,0.0,0.0,2
338,7,2023-01-17,76.0,33,0.0,0.0,2
339,7,2023-01-18,62.0,53,0.0,0.0,2
340,7,2023-01-19,72.0,49,0.0,0.0,2
341,7,2023-01-20,61.0,41,0.0,0.0,2
342,7,2023-01-21,106.0,50,0.0,0.0,2
343,7,2023-01-23,55.0,32,0.0,0.0,2
344,7,2023-01-24,71.0,41,0.0,0.0,2
345,7,2023-01-25,78.0,33,0.0,0.0,2
346,7,2023-01-26,86.0,45,0.0,0.0,2
347,7,2023-01-27,38.0,30,0.0,0.0,2
348,7,2023-01-28,111.0,69,0.0,0.0,2
349,7,2023-01-30,46.0,34,0.0,0.0,2
350,7,2023-01-31,64.0,29,0.0,0.0,2
351,7,2023-02-01,72.0,45,0.0,0.0,2
352,7,2023-02-02,85.0,51,0.0,0.0,2
353,7,2023-02-03,51.0,29,0.0,0.0,2
354,7,2023-02-04,115.0,57,0.0,0.0,2
355,7,2023-02-06,41.0,33,0.0,0.0,2
356,7,2023-02-07,51.0,35,0.0,0.0,2
357,7,2023-02-08,71.0,50,0.0,0.0,2
358,7,2023-02-09,67.0,46,0.0,0.0,2
359,7,2023-02-10,40.0,24,0.0,0.0,2
360,7,2023-02-11,102.0,50,0.0,0.0,2
361,7,2023-02-13,33.0,27,0.0,0.0,2
362,8,2023-01-16,69.0,29,0.0,0.0,2
363,8,2023-01-17,101.0,38,0.0,0.0,2
364,8,2023-01-18,77.0,39,0.0,0.0,2
365,8,2023-01-19,82.0,37,0.0,0.0,2
366,8,2023-01-20,118.0,65,0.0,0.0,2
367,8,2023-01-21,116.0,25,0.0,0.0,2
368,8,2023-01-23,64.0,31,0.0,0.0,2
369,8,2023-01-24,82.0,32,0.0,0.0,2
370,8,2023-01-25,65.0,25,0.0,0.0,2
371,8,2023-01-26,75.0,35,0.0,0.0,2
372,8,2023-01-27,90.0,48,0.0,0.0,2
373,8,2023-01-28,96.0,31,0.0,0.0,2
374,8,2023-01-30,52.0,19,0.0,0.0,2
375,8,2023-01-31,63.0,23,0.0,0.0,2
376,8,2023-02-01,83.0,32,0.0,0.0,2
377,8,2023-02-02,77.0,32,0.0,0.0,2
378,8,2023-02-03,93.0,41,0.0,0.0,2
379,8,2023-02-04,86.0,37,0.0,0.0,2
380,8,2023-02-06,48.0,27,0.0,0.0,2
381,8,2023-02-07,84.5,31,0.0,0.0,2
382,8,2023-02-08,85.0,28,0.0,0.0,2
383,8,2023-02-09,69.0,36,0.0,0.0,2
384,8,2023-02-10,65.0,15,0.0,0.0,2
385,8,2023-02-11,97.0,26,0.0,0.0,2
386,8,2023-02-13,58.0,16,0.0,0.0,2
387,9,2023-01-16,42.0,18,0.0,0.0,2
388,9,2023-01-17,55.0,25,0.0,0.0,2
389,9,2023-01-18,64.0,36,0.0,0.0,2
390,9,2023-01-19,58.0,31,0.0,0.0,2
391,9,2023-01-20,56.0,23,0.0,0.0,2
392,9,2023-01-21,71.0,39,0.0,0.0,2
393,9,2023-01-23,35.0,15,0.0,0.0,2
394,9,2023-01-24,53.0,22,0.0,0.0,2
395,9,2023-01-25,54.0,20,0.0,0.0,2
396,9,2023-01-26,53.0,31,0.0,0.0,2
397,9,2023-01-27,41.0,25,0.0,0.0,2
398,9,2023-01-28,70.0,14,0.0,0.0,2
399,9,2023-01-30,42.0,28,0.0,0.0,2
400,9,2023-01-31,45.0,15,0.0,0.0,2
401,9,2023-02-01,52.0,19,0.0,0.0,2
402,9,2023-02-02,46.0,14,0.0,0.0,2
403,9,2023-02-03,42.0,11,0.0,0.0,2
404,9,2023-02-04,66.0,24,0.0,0.0,2
405,9,2023-02-06,32.0,10,0.0,0.0,2
406,9,2023-02-07,52.0,17,0.0,0.0,2
407,9,2023-02-08,55.0,27,0.0,0.0,2
408,9,2023-02-09,47.0,20,0.0,0.0,2
409,9,2023-02-10,51.0,18,0.0,0.0,2
410,9,2023-02-11,80.0,30,0.0,0.0,2
411,9,2023-02-13,35.0,15,0.0,0.0,2
412,37,2023-01-16,31.5,22,0.0,0.0,2
413,37,2023-01-17,50.0,27,0.0,0.0,2
414,37,2023-01-18,52.0,32,0.0,0.0,2
415,37,2023-01-19,70.0,44,0.0,0.0,2
416,37,2023-01-20,57.0,22,0.0,0.0,2
417,37,2023-01-21,108.0,44,0.0,0.0,2
418,37,2023-01-23,33.0,17,0.0,0.0,2
419,37,2023-01-24,43.0,20,0.0,0.0,2
420,37,2023-01-25,61.0,40,0.0,0.0,2
421,37,2023-01-26,59.5,25,0.0,0.0,2
422,37,2023-01-27,57.0,23,0.0,0.0,2
423,37,2023-01-28,100.0,44,0.0,0.0,2
424,37,2023-01-30,38.0,17,0.0,0.0,2
425,37,2023-01-31,55.0,26,0.0,0.0,2
426,37,2023-02-01,56.5,30,0.0,0.0,2
427,37,2023-02-02,59.5,26,0.0,0.0,2
428,37,2023-02-03,50.0,26,0.0,0.0,2
429,37,2023-02-04,99.0,45,0.0,0.0,2
430,37,2023-02-06,37.0,7,0.0,0.0,2
431,37,2023-02-07,42.0,28,0.0,0.0,2
432,37,2023-02-08,64.0,35,0.0,0.0,2
433,37,2023-02-09,54.5,37,0.0,0.0,2
434,37,2023-02-10,51.0,33,0.0,0.0,2
435,37,2023-02-11,93.0,33,0.0,0.0,2
436,37,2023-02-13,36.0,17,0.0,0.0,2
437,1,2023-02-28,94.0,62,0.0,0.0,3
438,1,2023-03-01,0.0,0,0.0,0.0,3
439,1,2023-03-02,102.0,63,0.0,0.0,3
440,1,2023-03-03,74.0,48,0.0,0.0,3
441,1,2023-03-04,145.0,87,0.0,0.0,3
442,1,2023-03-06,48.0,34,0.0,0.0,3
443,1,2023-03-07,64.0,49,0.0,0.0,3
444,1,2023-03-08,94.0,57,0.0,0.0,3
445,1,2023-03-09,86.0,53,0.0,0.0,3
446,1,2023-03-10,64.0,44,0.0,0.0,3
447,1,2023-03-11,153.0,67,0.0,0.0,3
448,1,2023-03-13,53.0,33,0.0,0.0,3
449,1,2023-03-14,71.0,41,0.0,0.0,3
450,1,2023-03-15,102.0,51,0.0,0.0,3
451,1,2023-03-16,101.0,52,0.0,0.0,3
452,1,2023-03-17,65.5,42,0.0,0.0,3
453,1,2023-03-18,144.0,102,0.0,0.0,3
454,1,2023-03-20,59.5,43,0.0,0.0,3
455,1,2023-03-21,79.0,43,0.0,0.0,3
456,1,2023-03-22,90.0,47,0.0,0.0,3
457,1,2023-03-23,104.0,52,0.0,0.0,3
458,1,2023-03-24,78.0,60,0.0,0.0,3
459,1,2023-03-25,151.0,74,0.0,0.0,3
460,1,2023-03-27,62.0,43,0.0,0.0,3
461,1,2023-03-28,91.0,55,0.0,0.0,3
462,1,2023-03-29,83.0,52,0.0,0.0,3
463,2,2023-02-28,137.0,84,0.0,0.0,3
464,2,2023-03-01,0.0,0,0.0,0.0,3
465,2,2023-03-02,163.0,66,0.0,0.0,3
466,2,2023-03-03,88.0,38,0.0,0.0,3
467,2,2023-03-04,210.0,106,0.0,0.0,3
468,2,2023-03-05,70.0,42,0.0,0.0,3
469,2,2023-03-06,85.0,53,0.0,0.0,3
470,2,2023-03-07,129.0,63,0.0,0.0,3
471,2,2023-03-08,131.0,59,0.0,0.0,3
472,2,2023-03-09,135.0,66,0.0,0.0,3
473,2,2023-03-10,101.0,47,0.0,0.0,3
474,2,2023-03-11,202.0,111,0.0,0.0,3
475,2,2023-03-12,66.0,27,0.0,0.0,3
476,2,2023-03-13,73.0,41,0.0,0.0,3
477,2,2023-03-14,151.0,67,0.0,0.0,3
478,2,2023-03-15,189.0,66,0.0,0.0,3
479,2,2023-03-16,155.0,90,0.0,0.0,3
480,2,2023-03-17,125.0,61,0.0,0.0,3
481,2,2023-03-18,234.0,102,0.0,0.0,3
482,2,2023-03-19,81.0,52,0.0,0.0,3
483,2,2023-03-20,91.0,47,0.0,0.0,3
484,2,2023-03-21,107.0,55,0.0,0.0,3
485,2,2023-03-22,133.0,67,0.0,0.0,3
486,2,2023-03-23,180.0,87,0.0,0.0,3
487,2,2023-03-24,90.0,37,0.0,0.0,3
488,2,2023-03-25,264.0,148,0.0,0.0,3
489,2,2023-03-26,54.0,34,0.0,0.0,3
490,2,2023-03-27,120.0,52,0.0,0.0,3
491,2,2023-03-28,120.0,49,0.0,0.0,3
492,2,2023-03-29,137.0,50,0.0,0.0,3
493,3,2023-02-28,56.0,49,0.0,0.0,3
494,3,2023-03-01,0.0,0,0.0,0.0,3
495,3,2023-03-02,75.0,32,0.0,0.0,3
496,3,2023-03-03,56.0,30,0.0,0.0,3
497,3,2023-03-04,81.0,48,0.0,0.0,3
498,3,2023-03-06,52.0,26,0.0,0.0,3
499,3,2023-03-07,64.0,38,0.0,0.0,3
500,3,2023-03-08,74.0,46,0.0,0.0,3
501,3,2023-03-09,77.0,65,0.0,0.0,3
502,3,2023-03-10,49.0,34,0.0,0.0,3
503,3,2023-03-11,67.0,47,0.0,0.0,3
504,3,2023-03-13,44.0,20,0.0,0.0,3
505,3,2023-03-14,47.5,26,0.0,0.0,3
506,3,2023-03-15,63.0,44,0.0,0.0,3
507,3,2023-03-16,71.0,33,0.0,0.0,3
508,3,2023-03-17,71.0,40,0.0,0.0,3
509,3,2023-03-18,77.0,48,0.0,0.0,3
510,3,2023-03-20,45.0,43,0.0,0.0,3
511,3,2023-03-21,50.0,33,0.0,0.0,3
512,3,2023-03-22,81.0,41,0.0,0.0,3
513,3,2023-03-23,77.0,42,0.0,0.0,3
514,3,2023-03-24,82.0,54,0.0,0.0,3
515,3,2023-03-25,100.0,65,0.0,0.0,3
516,3,2023-03-27,59.0,30,0.0,0.0,3
517,3,2023-03-28,75.0,38,0.0,0.0,3
518,3,2023-03-29,71.0,40,0.0,0.0,3
519,4,2023-02-28,39.5,12,0.0,0.0,3
520,4,2023-03-01,0.0,0,0.0,0.0,3
521,4,2023-03-02,74.0,31,0.0,0.0,3
522,4,2023-03-03,33.0,23,0.0,0.0,3
523,4,2023-03-04,101.0,36,0.0,0.0,3
524,4,2023-03-06,34.0,10,0.0,0.0,3
525,4,2023-03-07,49.0,13,0.0,0.0,3
526,4,2023-03-08,52.5,22,0.0,0.0,3
527,4,2023-03-09,65.0,29,0.0,0.0,3
528,4,2023-03-10,33.0,15,0.0,0.0,3
529,4,2023-03-11,136.0,48,0.0,0.0,3
530,4,2023-03-13,34.0,15,0.0,0.0,3
531,4,2023-03-14,40.0,8,0.0,0.0,3
532,4,2023-03-15,69.0,37,0.0,0.0,3
533,4,2023-03-16,67.5,20,0.0,0.0,3
534,4,2023-03-17,55.0,33,0.0,0.0,3
535,4,2023-03-18,112.5,40,0.0,0.0,3
536,4,2023-03-20,49.0,5,0.0,0.0,3
537,4,2023-03-21,36.0,21,0.0,0.0,3
538,4,2023-03-22,65.0,31,0.0,0.0,3
539,4,2023-03-23,50.0,16,0.0,0.0,3
540,4,2023-03-24,33.0,14,0.0,0.0,3
541,4,2023-03-25,136.0,58,0.0,0.0,3
542,4,2023-03-27,41.0,18,0.0,0.0,3
543,4,2023-03-28,53.0,23,0.0,0.0,3
544,4,2023-03-29,65.5,27,0.0,0.0,3
545,6,2023-02-28,47.0,45,0.0,0.0,3
546,6,2023-03-01,0.0,0,0.0,0.0,3
547,6,2023-03-02,47.0,35,0.0,0.0,3
548,6,2023-03-03,24.0,16,0.0,0.0,3
549,6,2023-03-04,53.0,34,0.0,0.0,3
550,6,2023-03-06,30.0,20,0.0,0.0,3
551,6,2023-03-07,47.0,36,0.0,0.0,3
552,6,2023-03-08,61.0,50,0.0,0.0,3
553,6,2023-03-09,56.0,40,0.0,0.0,3
554,6,2023-03-10,25.5,28,0.0,0.0,3
555,6,2023-03-11,50.0,39,0.0,0.0,3
556,6,2023-03-13,27.0,17,0.0,0.0,3
557,6,2023-03-14,33.0,22,0.0,0.0,3
558,6,2023-03-15,90.5,46,0.0,0.0,3
559,6,2023-03-16,48.0,34,0.0,0.0,3
560,6,2023-03-17,30.0,10,0.0,0.0,3
561,6,2023-03-18,40.0,41,0.0,0.0,3
562,6,2023-03-20,31.0,25,0.0,0.0,3
563,6,2023-03-21,40.0,33,0.0,0.0,3
564,6,2023-03-22,67.0,60,0.0,0.0,3
565,6,2023-03-23,57.0,53,0.0,0.0,3
566,6,2023-03-24,27.0,24,0.0,0.0,3
567,6,2023-03-25,60.0,47,0.0,0.0,3
568,6,2023-03-27,26.0,21,0.0,0.0,3
569,6,2023-03-28,41.0,29,0.0,0.0,3
570,6,2023-03-29,120.0,82,0.0,0.0,3
571,7,2023-02-28,60.0,41,0.0,0.0,3
572,7,2023-03-01,0.0,0,0.0,0.0,3
573,7,2023-03-02,81.0,50,0.0,0.0,3
574,7,2023-03-03,44.0,27,0.0,0.0,3
575,7,2023-03-04,122.0,64,0.0,0.0,3
576,7,2023-03-06,53.5,41,0.0,0.0,3
577,7,2023-03-07,73.0,47,0.0,0.0,3
578,7,2023-03-08,85.0,52,0.0,0.0,3
579,7,2023-03-09,80.0,53,0.0,0.0,3
580,7,2023-03-10,61.0,37,0.0,0.0,3
581,7,2023-03-11,112.0,58,0.0,0.0,3
582,7,2023-03-13,44.0,30,0.0,0.0,3
583,7,2023-03-14,58.0,29,0.0,0.0,3
584,7,2023-03-15,93.0,55,0.0,0.0,3
585,7,2023-03-16,84.0,43,0.0,0.0,3
586,7,2023-03-17,56.0,35,0.0,0.0,3
587,7,2023-03-18,107.0,51,0.0,0.0,3
588,7,2023-03-20,53.0,51,0.0,0.0,3
589,7,2023-03-21,66.0,31,0.0,0.0,3
590,7,2023-03-22,65.0,48,0.0,0.0,3
591,7,2023-03-23,70.0,49,0.0,0.0,3
592,7,2023-03-24,72.0,46,0.0,0.0,3
593,7,2023-03-25,132.0,78,0.0,0.0,3
594,7,2023-03-27,44.0,27,0.0,0.0,3
595,7,2023-03-28,74.5,43,0.0,0.0,3
596,7,2023-03-29,77.0,44,0.0,0.0,3
597,8,2023-02-28,69.0,30,0.0,0.0,3
598,8,2023-03-01,0.0,0,0.0,0.0,3
599,8,2023-03-02,82.0,38,0.0,0.0,3
600,8,2023-03-03,104.5,38,0.0,0.0,3
601,8,2023-03-04,107.0,40,0.0,0.0,3
602,8,2023-03-06,60.0,30,0.0,0.0,3
603,8,2023-03-07,85.5,26,0.0,0.0,3
604,8,2023-03-08,102.0,34,0.0,0.0,3
605,8,2023-03-09,92.0,38,0.0,0.0,3
606,8,2023-03-10,84.0,33,0.0,0.0,3
607,8,2023-03-11,118.0,48,0.0,0.0,3
608,8,2023-03-13,59.0,9,0.0,0.0,3
609,8,2023-03-14,71.0,31,0.0,0.0,3
610,8,2023-03-15,81.5,48,0.0,0.0,3
611,8,2023-03-16,101.0,29,0.0,0.0,3
612,8,2023-03-17,87.0,26,0.0,0.0,3
613,8,2023-03-18,110.0,33,0.0,0.0,3
614,8,2023-03-20,84.0,36,0.0,0.0,3
615,8,2023-03-21,78.0,27,0.0,0.0,3
616,8,2023-03-22,88.0,37,0.0,0.0,3
617,8,2023-03-23,80.0,34,0.0,0.0,3
618,8,2023-03-24,100.0,45,0.0,0.0,3
619,8,2023-03-25,115.0,52,0.0,0.0,3
620,8,2023-03-27,67.0,30,0.0,0.0,3
621,8,2023-03-28,83.0,39,0.0,0.0,3
622,8,2023-03-29,88.0,39,0.0,0.0,3
623,9,2023-02-28,50.0,22,0.0,0.0,3
624,9,2023-03-01,0.0,0,0.0,0.0,3
625,9,2023-03-02,51.0,23,0.0,0.0,3
626,9,2023-03-03,33.0,22,0.0,0.0,3
627,9,2023-03-04,69.0,28,0.0,0.0,3
628,9,2023-03-06,49.0,22,0.0,0.0,3
629,9,2023-03-07,54.0,21,0.0,0.0,3
630,9,2023-03-08,66.0,31,0.0,0.0,3
631,9,2023-03-09,68.0,27,0.0,0.0,3
632,9,2023-03-10,47.0,18,0.0,0.0,3
633,9,2023-03-11,83.0,29,0.0,0.0,3
634,9,2023-03-13,36.5,11,0.0,0.0,3
635,9,2023-03-14,66.0,21,0.0,0.0,3
636,9,2023-03-15,59.0,18,0.0,0.0,3
637,9,2023-03-16,61.0,22,0.0,0.0,3
638,9,2023-03-17,45.0,21,0.0,0.0,3
639,9,2023-03-18,74.0,22,0.0,0.0,3
640,9,2023-03-20,45.0,20,0.0,0.0,3
641,9,2023-03-21,48.0,32,0.0,0.0,3
642,9,2023-03-22,56.0,18,0.0,0.0,3
643,9,2023-03-23,61.5,36,0.0,0.0,3
644,9,2023-03-24,57.0,27,0.0,0.0,3
645,9,2023-03-25,89.0,28,0.0,0.0,3
646,9,2023-03-27,47.0,16,0.0,0.0,3
647,9,2023-03-28,63.0,31,0.0,0.0,3
648,9,2023-03-29,57.0,15,0.0,0.0,3
649,37,2023-02-28,62.0,32,0.0,0.0,3
650,37,2023-03-01,0.0,0,0.0,0.0,3
651,37,2023-03-02,69.0,27,0.0,0.0,3
652,37,2023-03-03,50.0,31,0.0,0.0,3
653,37,2023-03-04,97.0,49,0.0,0.0,3
654,37,2023-03-06,45.0,27,0.0,0.0,3
655,37,2023-03-07,50.0,34,0.0,0.0,3
656,37,2023-03-08,77.0,31,0.0,0.0,3
657,37,2023-03-09,68.0,42,0.0,0.0,3
658,37,2023-03-10,46.0,33,0.0,0.0,3
659,37,2023-03-11,101.0,39,0.0,0.0,3
660,37,2023-03-13,48.0,23,0.0,0.0,3
661,37,2023-03-14,52.0,26,0.0,0.0,3
662,37,2023-03-15,89.0,38,0.0,0.0,3
663,37,2023-03-16,72.0,27,0.0,0.0,3
664,37,2023-03-17,58.0,28,0.0,0.0,3
665,37,2023-03-18,111.0,44,0.0,0.0,3
666,37,2023-03-20,37.0,19,0.0,0.0,3
667,37,2023-03-21,49.0,27,0.0,0.0,3
668,37,2023-03-22,74.0,28,0.0,0.0,3
669,37,2023-03-23,80.0,35,0.0,0.0,3
670,37,2023-03-24,78.0,47,0.0,0.0,3
671,37,2023-03-25,88.0,48,0.0,0.0,3
672,37,2023-03-27,57.0,32,0.0,0.0,3
673,37,2023-03-28,69.0,45,0.0,0.0,3
674,37,2023-03-29,59.0,29,0.0,0.0,3
675,1,2023-04-13,96.0,50,0.0,5.0,4
676,1,2023-04-14,0.0,0,0.0,0.0,4
677,1,2023-04-15,0.0,0,0.0,0.0,4
678,1,2023-04-17,0.0,0,0.0,0.0,4
679,1,2023-04-18,0.0,0,0.0,0.0,4
680,1,2023-04-19,0.0,0,0.0,0.0,4
681,1,2023-04-20,93.0,48,0.0,2.0,4
682,1,2023-04-21,105.0,77,0.0,9.0,4
683,1,2023-04-22,154.0,106,0.0,3.0,4
684,1,2023-04-24,67.0,37,0.0,2.0,4
685,1,2023-04-25,86.0,54,0.0,0.0,4
686,1,2023-04-26,88.0,50,0.0,0.0,4
687,1,2023-04-27,98.0,46,0.0,0.0,4
688,1,2023-04-28,68.0,38,0.0,1.0,4
689,1,2023-04-29,152.0,89,0.0,2.0,4
690,1,2023-05-02,81.0,48,0.0,3.0,4
691,1,2023-05-04,102.0,64,0.0,0.0,4
692,1,2023-05-05,100.0,53,0.0,0.0,4
693,1,2023-05-06,150.0,80,0.0,1.0,4
694,1,2023-05-08,0.0,0,0.0,0.0,4
695,1,2023-05-09,113.0,45,0.0,2.0,4
696,1,2023-05-10,0.0,0,0.0,0.0,4
697,1,2023-05-11,109.0,70,0.0,3.0,4
698,1,2023-05-12,74.0,41,0.0,0.0,4
699,2,2023-04-13,145.0,39,0.0,0.0,4
700,2,2023-04-14,0.0,0,0.0,0.0,4
701,2,2023-04-15,0.0,0,0.0,0.0,4
702,2,2023-04-16,0.0,0,0.0,0.0,4
703,2,2023-04-17,0.0,0,0.0,0.0,4
704,2,2023-04-18,0.0,0,0.0,0.0,4
705,2,2023-04-19,0.0,0,0.0,0.0,4
706,2,2023-04-20,140.0,56,0.0,1.0,4
707,2,2023-04-21,123.0,57,0.0,0.0,4
708,2,2023-04-22,232.0,126,0.0,1.0,4
709,2,2023-04-23,50.0,30,0.0,0.0,4
710,2,2023-04-24,84.0,42,0.0,0.0,4
711,2,2023-04-25,131.0,66,0.0,0.0,4
712,2,2023-04-26,120.0,59,0.0,0.0,4
713,2,2023-04-27,186.0,99,0.0,1.0,4
714,2,2023-04-28,84.0,42,0.0,1.0,4
715,2,2023-04-29,258.0,119,0.0,0.0,4
716,2,2023-04-30,66.0,37,0.0,0.0,4
717,2,2023-05-02,138.0,72,0.0,1.0,4
718,2,2023-05-04,188.0,100,0.0,0.0,4
719,2,2023-05-05,120.0,63,0.0,0.0,4
720,2,2023-05-06,260.0,121,0.0,1.0,4
721,2,2023-05-07,79.0,39,0.0,0.0,4
722,2,2023-05-08,0.0,0,0.0,0.0,4
723,2,2023-05-09,140.0,47,0.0,0.0,4
724,2,2023-05-10,0.0,0,0.0,0.0,4
725,2,2023-05-11,156.0,85,0.0,1.0,4
726,2,2023-05-12,84.0,32,0.0,0.0,4
727,3,2023-04-13,66.0,27,0.0,0.0,4
728,3,2023-04-14,0.0,0,0.0,0.0,4
729,3,2023-04-15,0.0,0,0.0,0.0,4
730,3,2023-04-17,0.0,0,0.0,0.0,4
731,3,2023-04-18,0.0,0,0.0,0.0,4
732,3,2023-04-19,0.0,0,0.0,0.0,4
733,3,2023-04-20,66.0,41,0.0,1.0,4
734,3,2023-04-21,77.0,44,0.0,4.0,4
735,3,2023-04-22,69.0,49,0.0,0.0,4
736,3,2023-04-24,40.5,21,0.0,0.0,4
737,3,2023-04-25,79.0,63,0.0,1.0,4
738,3,2023-04-26,64.0,28,0.0,0.0,4
739,3,2023-04-27,96.0,72,0.0,1.0,4
740,3,2023-04-28,76.0,61,0.0,0.0,4
741,3,2023-04-29,94.0,54,0.0,0.0,4
742,3,2023-05-02,77.0,55,0.0,2.0,4
743,3,2023-05-04,85.0,50,0.0,0.0,4
744,3,2023-05-05,91.0,65,0.0,1.0,4
745,3,2023-05-06,84.0,66,0.0,1.0,4
746,3,2023-05-08,0.0,0,0.0,0.0,4
747,3,2023-05-09,65.0,12,0.0,1.0,4
748,3,2023-05-10,0.0,0,0.0,0.0,4
749,3,2023-05-11,66.0,40,0.0,1.0,4
750,3,2023-05-12,76.0,57,0.0,1.0,4
751,4,2023-04-13,63.0,7,0.0,0.0,4
752,4,2023-04-14,0.0,0,0.0,0.0,4
753,4,2023-04-15,0.0,0,0.0,0.0,4
754,4,2023-04-17,0.0,0,0.0,0.0,4
755,4,2023-04-18,0.0,0,0.0,0.0,4
756,4,2023-04-19,0.0,0,0.0,0.0,4
757,4,2023-04-20,40.0,24,0.0,1.0,4
758,4,2023-04-21,66.0,21,0.0,0.0,4
759,4,2023-04-22,115.0,41,0.0,0.0,4
760,4,2023-04-24,39.0,16,0.0,0.0,4
761,4,2023-04-25,53.0,24,0.0,0.0,4
762,4,2023-04-26,60.0,17,0.0,0.0,4
763,4,2023-04-27,73.0,28,0.0,0.0,4
764,4,2023-04-28,46.0,20,0.0,3.0,4
765,4,2023-04-29,127.0,63,0.0,3.0,4
766,4,2023-05-02,71.0,22,0.0,0.0,4
767,4,2023-05-04,75.0,37,0.0,1.0,4
768,4,2023-05-05,57.5,20,0.0,3.0,4
769,4,2023-05-06,132.0,52,0.0,1.0,4
770,4,2023-05-08,0.0,0,0.0,0.0,4
771,4,2023-05-09,74.0,15,0.0,0.0,4
772,4,2023-05-10,0.0,0,0.0,0.0,4
773,4,2023-05-11,84.0,28,0.0,5.0,4
774,4,2023-05-12,55.0,15,0.0,0.0,4
775,6,2023-04-13,36.0,15,0.0,1.0,4
776,6,2023-04-14,0.0,0,0.0,0.0,4
777,6,2023-04-15,0.0,0,0.0,0.0,4
778,6,2023-04-17,0.0,0,0.0,0.0,4
779,6,2023-04-18,0.0,0,0.0,0.0,4
780,6,2023-04-19,0.0,0,0.0,0.0,4
781,6,2023-04-20,50.0,44,0.0,0.0,4
782,6,2023-04-21,42.0,35,0.0,0.0,4
783,6,2023-04-22,65.0,24,0.0,0.0,4
784,6,2023-04-24,33.0,25,0.0,0.0,4
785,6,2023-04-25,42.0,40,0.0,0.0,4
786,6,2023-04-26,90.0,52,0.0,0.0,4
787,6,2023-04-27,51.0,47,0.0,0.0,4
788,6,2023-04-28,35.0,17,0.0,0.0,4
789,6,2023-04-29,51.0,37,0.0,0.0,4
790,6,2023-05-02,40.0,34,0.0,1.0,4
791,6,2023-05-04,52.0,47,0.0,0.0,4
792,6,2023-05-05,45.0,32,0.0,0.0,4
793,6,2023-05-06,61.0,44,0.0,0.0,4
794,6,2023-05-08,0.0,0,0.0,0.0,4
795,6,2023-05-09,51.0,26,0.0,0.0,4
796,6,2023-05-10,0.0,0,0.0,0.0,4
797,6,2023-05-11,36.0,39,0.0,0.0,4
798,6,2023-05-12,36.0,28,0.0,2.0,4
799,7,2023-04-13,83.0,26,0.0,0.0,4
800,7,2023-04-14,0.0,0,0.0,0.0,4
801,7,2023-04-15,0.0,0,0.0,0.0,4
802,7,2023-04-17,0.0,0,0.0,0.0,4
803,7,2023-04-18,0.0,0,0.0,0.0,4
804,7,2023-04-19,0.0,0,0.0,0.0,4
805,7,2023-04-20,71.0,39,0.0,1.0,4
806,7,2023-04-21,65.0,56,0.0,2.0,4
807,7,2023-04-22,111.0,67,0.0,2.0,4
808,7,2023-04-24,65.0,64,0.0,2.0,4
809,7,2023-04-25,61.0,32,0.0,4.0,4
810,7,2023-04-26,79.0,42,0.0,5.0,4
811,7,2023-04-27,75.0,58,0.0,1.0,4
812,7,2023-04-28,58.0,33,0.0,6.0,4
813,7,2023-04-29,118.0,57,0.0,2.0,4
814,7,2023-05-02,85.5,48,0.0,2.0,4
815,7,2023-05-04,83.0,27,0.0,1.0,4
816,7,2023-05-05,74.0,60,0.0,0.0,4
817,7,2023-05-06,111.0,59,0.0,4.0,4
818,7,2023-05-08,0.0,0,0.0,0.0,4
819,7,2023-05-09,62.0,37,0.0,1.0,4
820,7,2023-05-10,0.0,0,0.0,0.0,4
821,7,2023-05-11,61.0,55,0.0,2.0,4
822,7,2023-05-12,58.0,34,0.0,1.0,4
823,8,2023-04-13,67.0,16,0.0,2.0,4
824,8,2023-04-14,0.0,0,0.0,0.0,4
825,8,2023-04-15,0.0,0,0.0,0.0,4
826,8,2023-04-17,0.0,0,0.0,0.0,4
827,8,2023-04-18,0.0,0,0.0,0.0,4
828,8,2023-04-19,0.0,0,0.0,0.0,4
829,8,2023-04-20,61.0,9,0.0,2.0,4
830,8,2023-04-21,120.0,48,0.0,6.0,4
831,8,2023-04-22,117.0,47,0.0,1.0,4
832,8,2023-04-24,57.0,28,0.0,1.0,4
833,8,2023-04-25,89.0,33,0.0,0.0,4
834,8,2023-04-26,92.0,39,0.0,0.0,4
835,8,2023-04-27,92.0,33,0.0,2.0,4
836,8,2023-04-28,129.0,46,0.0,2.0,4
837,8,2023-04-29,117.0,53,0.0,0.0,4
838,8,2023-05-02,110.0,42,0.0,1.0,4
839,8,2023-05-04,87.0,27,0.0,0.0,4
840,8,2023-05-05,145.0,62,0.0,1.0,4
841,8,2023-05-06,105.0,33,0.0,1.0,4
842,8,2023-05-08,0.0,0,0.0,0.0,4
843,8,2023-05-09,89.5,22,0.0,3.0,4
844,8,2023-05-10,0.0,0,0.0,0.0,4
845,8,2023-05-11,102.0,35,0.0,2.0,4
846,8,2023-05-12,149.0,44,0.0,3.0,4
847,9,2023-04-13,52.0,9,0.0,2.0,4
848,9,2023-04-14,0.0,0,0.0,0.0,4
849,9,2023-04-15,0.0,0,0.0,0.0,4
850,9,2023-04-17,0.0,0,0.0,0.0,4
851,9,2023-04-18,0.0,0,0.0,0.0,4
852,9,2023-04-19,0.0,0,0.0,0.0,4
853,9,2023-04-20,50.0,24,0.0,0.0,4
854,9,2023-04-21,55.0,22,0.0,2.0,4
855,9,2023-04-22,66.0,24,0.0,0.0,4
856,9,2023-04-24,42.0,13,0.0,2.0,4
857,9,2023-04-25,60.0,23,0.0,1.0,4
858,9,2023-04-26,66.5,26,0.0,0.0,4
859,9,2023-04-27,55.0,22,0.0,0.0,4
860,9,2023-04-28,64.0,28,0.0,1.0,4
861,9,2023-04-29,91.0,41,0.0,0.0,4
862,9,2023-05-02,65.0,20,0.0,0.0,4
863,9,2023-05-04,72.0,34,0.0,0.0,4
864,9,2023-05-05,55.0,23,0.0,0.0,4
865,9,2023-05-06,68.5,28,0.0,0.0,4
866,9,2023-05-08,0.0,0,0.0,0.0,4
867,9,2023-05-09,52.0,11,0.0,3.0,4
868,9,2023-05-10,0.0,0,0.0,0.0,4
869,9,2023-05-11,55.0,27,0.0,3.0,4
870,9,2023-05-12,55.0,18,0.0,2.0,4
871,37,2023-04-13,60.0,7,0.0,3.0,4
872,37,2023-04-14,0.0,0,0.0,0.0,4
873,37,2023-04-15,0.0,0,0.0,0.0,4
874,37,2023-04-17,0.0,0,0.0,0.0,4
875,37,2023-04-18,0.0,0,0.0,0.0,4
876,37,2023-04-19,0.0,0,0.0,0.0,4
877,37,2023-04-20,58.0,31,0.0,1.0,4
878,37,2023-04-21,62.0,42,0.0,2.0,4
879,37,2023-04-22,118.0,45,0.0,4.0,4
880,37,2023-04-24,47.0,30,0.0,0.0,4
881,37,2023-04-25,66.0,41,0.0,0.0,4
882,37,2023-04-26,69.0,36,0.0,2.0,4
883,37,2023-04-27,90.0,38,0.0,3.0,4
884,37,2023-04-28,63.0,41,0.0,0.0,4
885,37,2023-04-29,106.0,54,0.0,1.0,4
886,37,2023-05-02,60.0,35,0.0,2.0,4
887,37,2023-05-04,82.0,49,0.0,1.0,4
888,37,2023-05-05,70.0,46,0.0,0.0,4
889,37,2023-05-06,102.0,57,0.0,8.0,4
890,37,2023-05-08,0.0,0,0.0,0.0,4
891,37,2023-05-09,69.0,25,0.0,0.0,4
892,37,2023-05-10,0.0,0,0.0,0.0,4
893,37,2023-05-11,61.0,32,0.0,1.0,4
894,37,2023-05-12,62.0,39,0.0,0.0,4
895,1,2023-05-27,154.0,88,31.0,0.0,5
896,1,2023-05-29,68.0,35,25.0,1.0,5
897,1,2023-05-30,79.0,25,20.0,1.0,5
898,1,2023-05-31,111.5,61,27.0,1.0,5
899,1,2023-06-01,101.0,53,25.0,0.0,5
900,1,2023-06-02,82.0,43,21.0,3.0,5
901,1,2023-06-03,141.0,56,38.0,2.0,5
902,1,2023-06-05,74.0,32,25.0,0.0,5
903,1,2023-06-06,72.0,43,32.0,0.0,5
904,1,2023-06-07,85.0,44,29.0,0.0,5
905,1,2023-06-09,66.0,34,22.0,0.0,5
906,1,2023-06-10,126.0,59,26.0,1.0,5
907,1,2023-06-12,69.0,27,30.0,2.0,5
908,1,2023-06-13,76.0,46,24.0,0.0,5
909,1,2023-06-14,104.0,51,29.0,4.0,5
910,1,2023-06-15,0.0,0,0.0,0.0,5
911,1,2023-06-16,84.0,42,45.0,0.0,5
912,1,2023-06-17,110.0,57,33.0,1.0,5
913,1,2023-06-19,58.0,20,22.0,1.0,5
914,1,2023-06-20,78.0,42,24.0,0.0,5
915,1,2023-06-21,92.0,60,37.0,3.0,5
916,1,2023-06-22,96.0,41,24.0,2.0,5
917,1,2023-06-23,78.0,36,23.0,0.0,5
918,1,2023-06-24,109.0,41,35.0,3.0,5
919,2,2023-05-27,270.0,86,27.0,0.0,5
920,2,2023-05-28,52.0,25,9.0,0.0,5
921,2,2023-05-29,92.0,41,30.0,1.0,5
922,2,2023-05-30,138.0,60,26.0,3.0,5
923,2,2023-05-31,143.5,66,16.0,0.0,5
924,2,2023-06-01,199.0,95,29.0,0.0,5
925,2,2023-06-02,109.0,52,11.0,0.0,5
926,2,2023-06-03,270.0,93,30.0,0.0,5
927,2,2023-06-04,65.0,25,9.0,2.0,5
928,2,2023-06-05,108.0,65,19.0,0.0,5
929,2,2023-06-06,126.0,58,15.0,1.0,5
930,2,2023-06-07,120.0,59,40.0,1.0,5
931,2,2023-06-09,87.0,38,11.0,0.0,5
932,2,2023-06-10,231.0,74,25.0,0.0,5
933,2,2023-06-11,71.0,43,19.0,0.0,5
934,2,2023-06-12,100.5,39,16.0,1.0,5
935,2,2023-06-13,109.0,44,29.0,2.0,5
936,2,2023-06-14,180.0,71,25.0,0.0,5
937,2,2023-06-15,0.0,0,0.0,0.0,5
938,2,2023-06-16,139.0,62,36.0,4.0,5
939,2,2023-06-17,209.0,78,24.0,1.0,5
940,2,2023-06-18,72.0,39,15.0,0.0,5
941,2,2023-06-19,86.0,66,19.0,1.0,5
942,2,2023-06-20,137.0,57,16.0,1.0,5
943,2,2023-06-21,155.0,79,34.0,1.0,5
944,2,2023-06-22,178.0,91,24.0,0.0,5
945,2,2023-06-23,126.0,42,9.0,0.0,5
946,2,2023-06-24,228.0,101,18.0,2.0,5
947,2,2023-06-25,74.0,36,28.0,3.0,5
948,3,2023-05-27,89.0,52,11.0,1.0,5
949,3,2023-05-29,44.5,44,11.0,0.0,5
950,3,2023-05-30,62.0,28,22.0,1.0,5
951,3,2023-05-31,76.0,42,20.0,1.0,5
952,3,2023-06-01,67.0,38,8.0,0.0,5
953,3,2023-06-02,80.0,53,13.0,0.0,5
954,3,2023-06-03,93.0,38,4.0,0.0,5
955,3,2023-06-05,47.0,21,17.0,0.0,5
956,3,2023-06-06,54.0,30,20.0,2.0,5
957,3,2023-06-07,73.0,54,24.0,0.0,5
958,3,2023-06-09,78.0,33,21.0,0.0,5
959,3,2023-06-10,89.0,46,18.0,0.0,5
960,3,2023-06-12,46.0,8,14.0,0.0,5
961,3,2023-06-13,74.0,32,13.0,2.0,5
962,3,2023-06-14,70.5,44,13.0,0.0,5
963,3,2023-06-15,0.0,0,0.0,0.0,5
964,3,2023-06-16,79.0,40,17.0,0.0,5
965,3,2023-06-17,75.0,30,11.0,3.0,5
966,3,2023-06-19,63.0,33,7.0,1.0,5
967,3,2023-06-20,67.0,38,12.0,1.0,5
968,3,2023-06-21,66.0,32,14.0,2.0,5
969,3,2023-06-22,62.0,38,13.0,1.0,5
970,3,2023-06-23,89.0,46,7.0,0.0,5
971,3,2023-06-24,77.0,38,16.0,0.0,5
972,4,2023-05-27,105.0,32,19.0,2.0,5
973,4,2023-05-29,49.0,23,9.0,0.0,5
974,4,2023-05-30,52.0,17,12.0,0.0,5
975,4,2023-05-31,66.0,26,7.0,2.0,5
976,4,2023-06-01,63.0,18,9.0,0.0,5
977,4,2023-06-02,59.0,25,6.0,0.0,5
978,4,2023-06-03,100.0,31,12.0,3.0,5
979,4,2023-06-05,41.0,24,8.0,3.0,5
980,4,2023-06-06,46.0,23,16.0,0.0,5
981,4,2023-06-07,63.0,36,7.0,2.0,5
982,4,2023-06-09,49.5,15,19.0,0.0,5
983,4,2023-06-10,102.0,52,28.0,0.0,5
984,4,2023-06-12,63.0,18,13.0,0.0,5
985,4,2023-06-13,53.0,22,14.0,1.0,5
986,4,2023-06-14,92.0,25,13.0,0.0,5
987,4,2023-06-15,0.0,0,0.0,0.0,5
988,4,2023-06-16,82.0,29,17.0,2.0,5
989,4,2023-06-17,123.0,31,31.0,7.0,5
990,4,2023-06-19,51.0,14,5.0,1.0,5
991,4,2023-06-20,62.0,28,6.0,5.0,5
992,4,2023-06-21,70.0,32,21.0,1.0,5
993,4,2023-06-22,73.0,23,12.0,1.0,5
994,4,2023-06-23,47.5,16,12.0,0.0,5
995,4,2023-06-24,127.0,42,17.0,2.0,5
996,6,2023-05-27,68.0,37,18.0,1.0,5
997,6,2023-05-29,32.0,23,4.0,0.0,5
998,6,2023-05-30,47.0,30,4.0,0.0,5
999,6,2023-05-31,82.5,51,3.0,0.0,5
1000,6,2023-06-01,50.0,38,5.0,0.0,5
1001,6,2023-06-02,36.0,22,7.0,0.0,5
1002,6,2023-06-03,51.0,32,10.0,0.0,5
1003,6,2023-06-05,26.0,19,4.0,0.0,5
1004,6,2023-06-06,46.0,33,11.0,0.0,5
1005,6,2023-06-07,77.0,50,15.0,0.0,5
1006,6,2023-06-09,31.0,14,5.0,0.0,5
1007,6,2023-06-10,54.0,33,6.0,0.0,5
1008,6,2023-06-12,29.0,23,6.0,1.0,5
1009,6,2023-06-13,55.0,40,16.0,0.0,5
1010,6,2023-06-14,84.0,46,17.0,0.0,5
1011,6,2023-06-15,0.0,0,0.0,0.0,5
1012,6,2023-06-16,42.0,30,3.0,0.0,5
1013,6,2023-06-17,57.0,39,6.0,1.0,5
1014,6,2023-06-19,39.0,23,12.0,2.0,5
1015,6,2023-06-20,48.0,36,3.0,0.0,5
1016,6,2023-06-21,91.0,54,11.0,0.0,5
1017,6,2023-06-22,52.0,38,7.0,0.0,5
1018,6,2023-06-23,33.0,13,4.0,0.0,5
1019,6,2023-06-24,63.0,41,8.0,0.0,5
1020,7,2023-05-27,129.0,50,17.0,1.0,5
1021,7,2023-05-29,54.0,27,13.0,0.0,5
1022,7,2023-05-30,85.0,57,28.0,4.0,5
1023,7,2023-05-31,68.0,40,11.0,0.0,5
1024,7,2023-06-01,75.0,43,23.0,0.0,5
1025,7,2023-06-02,66.0,36,6.0,0.0,5
1026,7,2023-06-03,102.0,52,24.0,1.0,5
1027,7,2023-06-05,57.0,41,20.0,0.0,5
1028,7,2023-06-06,66.0,22,10.0,1.0,5
1029,7,2023-06-07,83.0,44,33.0,2.0,5
1030,7,2023-06-09,74.0,32,12.0,2.0,5
1031,7,2023-06-10,111.0,52,10.0,0.0,5
1032,7,2023-06-12,56.0,30,17.0,2.0,5
1033,7,2023-06-13,77.0,44,9.0,0.0,5
1034,7,2023-06-14,101.0,50,22.0,0.0,5
1035,7,2023-06-15,0.0,0,0.0,0.0,5
1036,7,2023-06-16,51.0,38,17.0,2.0,5
1037,7,2023-06-17,90.0,39,19.0,3.0,5
1038,7,2023-06-19,56.0,29,19.0,1.0,5
1039,7,2023-06-20,88.0,37,14.0,0.0,5
1040,7,2023-06-21,73.0,38,29.0,2.0,5
1041,7,2023-06-22,105.0,50,20.0,6.0,5
1042,7,2023-06-23,78.0,53,25.0,1.0,5
1043,7,2023-06-24,92.0,51,25.0,0.0,5
1044,8,2023-05-27,110.0,31,2.0,0.0,5
1045,8,2023-05-29,64.0,21,14.0,1.0,5
1046,8,2023-05-30,101.0,43,28.0,0.0,5
1047,8,2023-05-31,85.0,22,24.0,2.0,5
1048,8,2023-06-01,90.0,36,8.0,0.0,5
1049,8,2023-06-02,125.0,42,15.0,0.0,5
1050,8,2023-06-03,90.0,36,9.0,0.0,5
1051,8,2023-06-05,67.0,30,11.0,0.0,5
1052,8,2023-06-06,106.0,45,13.0,0.0,5
1053,8,2023-06-07,91.0,44,7.0,0.0,5
1054,8,2023-06-09,133.0,42,6.0,0.0,5
1055,8,2023-06-10,108.5,40,7.0,0.0,5
1056,8,2023-06-12,70.0,15,6.0,0.0,5
1057,8,2023-06-13,90.5,26,10.0,0.0,5
1058,8,2023-06-14,95.0,29,13.0,0.0,5
1059,8,2023-06-15,0.0,0,0.0,0.0,5
1060,8,2023-06-16,117.0,49,20.0,0.0,5
1061,8,2023-06-17,80.0,31,15.0,3.0,5
1062,8,2023-06-19,67.0,32,3.0,0.0,5
1063,8,2023-06-20,98.0,28,12.0,0.0,5
1064,8,2023-06-21,72.0,38,10.0,0.0,5
1065,8,2023-06-22,79.0,43,18.0,0.0,5
1066,8,2023-06-23,96.0,31,18.0,0.0,5
1067,8,2023-06-24,97.0,20,18.0,0.0,5
1068,9,2023-05-27,85.0,37,11.0,1.0,5
1069,9,2023-05-29,45.0,12,2.0,1.0,5
1070,9,2023-05-30,54.0,32,12.0,0.0,5
1071,9,2023-05-31,59.5,24,4.0,1.0,5
1072,9,2023-06-01,50.0,22,13.0,1.0,5
1073,9,2023-06-02,60.0,18,3.0,0.0,5
1074,9,2023-06-03,84.0,28,21.0,2.0,5
1075,9,2023-06-05,44.0,15,8.0,0.0,5
1076,9,2023-06-06,56.0,21,7.0,0.0,5
1077,9,2023-06-07,52.0,29,16.0,0.0,5
1078,9,2023-06-09,48.0,16,7.0,0.0,5
1079,9,2023-06-10,72.0,24,16.0,0.0,5
1080,9,2023-06-12,41.0,12,9.0,0.0,5
1081,9,2023-06-13,57.0,23,8.0,2.0,5
1082,9,2023-06-14,67.0,22,9.0,2.0,5
1083,9,2023-06-15,0.0,0,0.0,0.0,5
1084,9,2023-06-16,59.0,10,13.0,3.0,5
1085,9,2023-06-17,68.0,28,17.0,0.0,5
1086,9,2023-06-19,39.0,15,14.0,2.0,5
1087,9,2023-06-20,45.0,15,15.0,4.0,5
1088,9,2023-06-21,44.0,18,10.0,1.0,5
1089,9,2023-06-22,49.5,27,5.0,1.0,5
1090,9,2023-06-23,60.0,13,6.0,1.0,5
1091,9,2023-06-24,72.0,19,10.0,0.0,5
1092,37,2023-05-27,105.0,44,17.0,0.0,5
1093,37,2023-05-29,48.0,23,11.0,1.0,5
1094,37,2023-05-30,61.5,27,5.0,0.0,5
1095,37,2023-05-31,73.0,25,12.0,0.0,5
1096,37,2023-06-01,74.0,28,6.0,0.0,5
1097,37,2023-06-02,92.0,29,23.0,3.0,5
1098,37,2023-06-03,96.0,38,29.0,0.0,5
1099,37,2023-06-05,43.0,24,20.0,0.0,5
1100,37,2023-06-06,79.0,35,9.0,0.0,5
1101,37,2023-06-07,60.0,33,14.0,2.0,5
1102,37,2023-06-09,71.0,53,18.0,0.0,5
1103,37,2023-06-10,120.0,42,28.0,1.0,5
1104,37,2023-06-12,46.0,21,14.0,0.0,5
1105,37,2023-06-13,68.0,38,37.0,0.0,5
1106,37,2023-06-14,77.0,36,17.0,1.0,5
1107,37,2023-06-15,0.0,0,0.0,0.0,5
1108,37,2023-06-16,73.0,36,23.0,0.0,5
1109,37,2023-06-17,95.0,42,25.0,0.0,5
1110,37,2023-06-19,56.0,28,20.0,4.0,5
1111,37,2023-06-20,70.5,32,17.0,0.0,5
1112,37,2023-06-21,71.0,25,8.0,7.0,5
1113,37,2023-06-22,73.0,34,18.0,1.0,5
1114,37,2023-06-23,66.0,46,16.0,3.0,5
1115,37,2023-06-24,108.0,33,17.0,0.0,5
1116,1,2023-07-10,76.0,35,24.0,3.0,6
1117,1,2023-07-11,90.0,46,31.0,0.0,6
1118,1,2023-07-12,103.0,36,33.0,4.0,6
1119,1,2023-07-13,90.0,41,23.0,1.0,6
1120,1,2023-07-14,85.0,41,24.0,2.0,6
1121,1,2023-07-15,116.0,52,26.0,2.0,6
1122,1,2023-07-17,81.0,35,12.0,4.0,6
1123,1,2023-07-18,90.0,45,24.0,2.0,6
1124,1,2023-07-19,89.5,24,23.0,1.0,6
1125,1,2023-07-20,104.0,46,51.0,1.0,6
1126,1,2023-07-21,80.0,35,30.0,1.0,6
1127,1,2023-07-22,116.0,59,32.0,3.0,6
1128,1,2023-07-24,70.0,39,20.0,5.0,6
1129,1,2023-07-25,89.0,40,22.0,2.0,6
1130,1,2023-07-26,117.0,52,26.0,1.0,6
1131,1,2023-07-27,119.0,58,22.0,4.0,6
1132,1,2023-07-28,72.0,40,22.0,8.0,6
1133,1,2023-07-29,126.0,56,16.0,2.0,6
1134,1,2023-07-31,54.0,10,26.0,1.0,6
1135,1,2023-08-01,97.0,41,40.0,1.0,6
1136,1,2023-08-02,86.0,49,17.0,2.0,6
1137,1,2023-08-03,104.0,53,18.0,1.0,6
1138,1,2023-08-04,70.0,39,9.0,2.0,6
1139,1,2023-08-05,116.0,60,21.0,1.0,6
1140,1,2023-08-07,83.0,59,32.0,2.0,6
1141,1,2023-08-08,83.0,48,22.0,3.0,6
1142,2,2023-07-10,100.0,34,15.0,1.0,6
1143,2,2023-07-11,118.0,52,13.0,1.0,6
1144,2,2023-07-12,120.0,49,14.0,3.0,6
1145,2,2023-07-13,173.0,79,26.0,2.0,6
1146,2,2023-07-14,102.0,49,23.0,10.0,6
1147,2,2023-07-15,246.0,84,18.0,0.0,6
1148,2,2023-07-16,90.0,30,18.0,2.0,6
1149,2,2023-07-17,114.0,41,26.0,3.0,6
1150,2,2023-07-18,143.0,61,21.0,0.0,6
1151,2,2023-07-19,132.0,54,11.0,2.0,6
1152,2,2023-07-20,180.5,89,22.0,4.0,6
1153,2,2023-07-21,81.0,42,11.0,2.0,6
1154,2,2023-07-22,226.0,76,30.0,1.0,6
1155,2,2023-07-23,86.0,44,8.0,3.0,6
1156,2,2023-07-24,112.0,36,10.0,0.0,6
1157,2,2023-07-25,111.0,52,10.0,0.0,6
1158,2,2023-07-26,135.0,49,26.0,2.0,6
1159,2,2023-07-27,179.0,73,17.0,2.0,6
1160,2,2023-07-28,108.0,42,9.0,2.0,6
1161,2,2023-07-29,246.0,115,13.0,3.0,6
1162,2,2023-07-30,66.0,37,13.0,1.0,6
1163,2,2023-07-31,102.0,30,16.0,2.0,6
1164,2,2023-08-01,132.0,60,34.0,1.0,6
1165,2,2023-08-02,126.0,54,15.0,3.0,6
1166,2,2023-08-03,172.0,72,13.0,2.0,6
1167,2,2023-08-04,99.0,35,13.0,1.0,6
1168,2,2023-08-05,201.0,82,22.0,3.0,6
1169,2,2023-08-06,61.0,34,12.0,0.0,6
1170,2,2023-08-07,103.0,44,27.0,1.0,6
1171,2,2023-08-08,120.0,44,24.0,5.0,6
1172,3,2023-07-10,53.0,20,12.0,0.0,6
1173,3,2023-07-11,54.0,29,18.0,4.0,6
1174,3,2023-07-12,62.0,23,5.0,0.0,6
1175,3,2023-07-13,68.0,36,16.0,1.0,6
1176,3,2023-07-14,81.0,39,19.0,2.0,6
1177,3,2023-07-15,70.5,35,7.0,2.0,6
1178,3,2023-07-17,53.0,27,9.0,3.0,6
1179,3,2023-07-18,77.0,42,23.0,3.0,6
1180,3,2023-07-19,72.0,38,15.0,0.0,6
1181,3,2023-07-20,72.0,40,17.0,1.0,6
1182,3,2023-07-21,81.0,47,8.0,2.0,6
1183,3,2023-07-22,78.0,37,9.0,3.0,6
1184,3,2023-07-24,57.0,28,6.0,1.0,6
1185,3,2023-07-25,77.0,36,22.0,2.0,6
1186,3,2023-07-26,59.0,29,5.0,0.0,6
1187,3,2023-07-27,83.0,47,5.0,0.0,6
1188,3,2023-07-28,82.0,34,8.0,1.0,6
1189,3,2023-07-29,84.0,36,6.0,4.0,6
1190,3,2023-07-31,49.0,21,13.0,0.0,6
1191,3,2023-08-01,85.0,43,23.0,0.0,6
1192,3,2023-08-02,80.0,40,1.0,4.0,6
1193,3,2023-08-03,76.0,44,5.0,1.0,6
1194,3,2023-08-04,79.0,44,9.0,3.0,6
1195,3,2023-08-05,130.0,35,6.0,1.0,6
1196,3,2023-08-07,56.0,27,4.0,0.0,6
1197,3,2023-08-08,51.0,30,27.0,0.0,6
1198,4,2023-07-10,57.5,28,12.0,9.0,6
1199,4,2023-07-11,62.0,27,17.0,1.0,6
1200,4,2023-07-12,67.0,28,22.0,6.0,6
1201,4,2023-07-13,90.0,29,26.0,5.0,6
1202,4,2023-07-14,73.0,22,12.0,1.0,6
1203,4,2023-07-15,132.0,48,13.0,8.0,6
1204,4,2023-07-17,67.0,19,21.0,3.0,6
1205,4,2023-07-18,59.0,15,10.0,9.0,6
1206,4,2023-07-19,52.0,15,5.0,4.0,6
1207,4,2023-07-20,72.0,37,27.0,12.0,6
1208,4,2023-07-21,64.0,25,11.0,0.0,6
1209,4,2023-07-22,112.5,38,22.0,21.0,6
1210,4,2023-07-24,65.5,16,13.0,0.0,6
1211,4,2023-07-25,70.0,29,13.0,4.0,6
1212,4,2023-07-26,71.0,24,16.0,0.0,6
1213,4,2023-07-27,66.0,16,9.0,1.0,6
1214,4,2023-07-28,46.0,22,7.0,6.0,6
1215,4,2023-07-29,104.0,26,14.0,2.0,6
1216,4,2023-07-31,48.0,16,20.0,7.0,6
1217,4,2023-08-01,56.0,9,10.0,0.0,6
1218,4,2023-08-02,91.0,32,16.0,3.0,6
1219,4,2023-08-03,70.0,22,12.0,1.0,6
1220,4,2023-08-04,52.0,12,11.0,0.0,6
1221,4,2023-08-05,106.0,31,32.0,5.0,6
1222,4,2023-08-06,0.0,0,0.0,0.0,6
1223,4,2023-08-07,53.0,23,23.0,1.0,6
1224,4,2023-08-08,54.0,19,21.0,2.0,6
1225,6,2023-07-10,38.0,23,3.0,1.0,6
1226,6,2023-07-11,51.0,29,6.0,0.0,6
1227,6,2023-07-12,91.0,61,21.0,1.0,6
1228,6,2023-07-13,61.0,45,13.0,1.0,6
1229,6,2023-07-14,33.0,18,3.0,0.0,6
1230,6,2023-07-15,62.0,37,20.0,1.0,6
1231,6,2023-07-17,38.0,20,14.0,1.0,6
1232,6,2023-07-18,52.0,32,10.0,0.0,6
1233,6,2023-07-19,71.5,43,6.0,0.0,6
1234,6,2023-07-20,62.0,28,5.0,1.0,6
1235,6,2023-07-21,28.0,20,12.0,0.0,6
1236,6,2023-07-22,45.0,22,11.0,4.0,6
1237,6,2023-07-24,37.0,25,5.0,0.0,6
1238,6,2023-07-25,46.0,25,9.0,0.0,6
1239,6,2023-07-26,91.0,49,14.0,5.0,6
1240,6,2023-07-27,53.0,33,4.0,0.0,6
1241,6,2023-07-28,36.0,29,3.0,0.0,6
1242,6,2023-07-29,53.0,30,4.0,0.0,6
1243,6,2023-07-31,25.0,11,8.0,1.0,6
1244,6,2023-08-01,42.0,21,4.0,0.0,6
1245,6,2023-08-02,80.0,49,11.0,2.0,6
1246,6,2023-08-03,59.0,25,4.0,4.0,6
1247,6,2023-08-04,32.0,23,2.0,0.0,6
1248,6,2023-08-05,72.0,41,6.0,0.0,6
1249,6,2023-08-07,34.0,28,2.0,0.0,6
1250,6,2023-08-08,42.0,29,4.0,0.0,6
1251,7,2023-07-10,33.0,21,9.0,7.0,6
1252,7,2023-07-11,62.0,35,22.0,2.0,6
1253,7,2023-07-12,72.5,33,15.0,7.0,6
1254,7,2023-07-13,69.0,40,18.0,0.0,6
1255,7,2023-07-14,66.0,41,13.0,5.0,6
1256,7,2023-07-15,95.0,52,25.0,0.0,6
1257,7,2023-07-17,42.0,25,15.0,3.0,6
1258,7,2023-07-18,65.0,35,17.0,5.0,6
1259,7,2023-07-19,80.0,35,17.0,11.0,6
1260,7,2023-07-20,79.0,34,15.0,3.0,6
1261,7,2023-07-21,66.0,29,14.0,3.0,6
1262,7,2023-07-22,109.0,55,16.0,0.0,6
1263,7,2023-07-24,49.0,28,16.0,2.0,6
1264,7,2023-07-25,80.0,30,15.0,6.0,6
1265,7,2023-07-26,63.0,33,15.0,9.0,6
1266,7,2023-07-27,99.0,46,17.0,0.0,6
1267,7,2023-07-28,66.0,32,16.0,3.0,6
1268,7,2023-07-29,104.0,45,16.0,3.0,6
1269,7,2023-07-31,52.0,22,21.0,0.0,6
1270,7,2023-08-01,65.0,35,20.0,5.0,6
1271,7,2023-08-02,81.0,42,4.0,1.0,6
1272,7,2023-08-03,67.0,37,12.0,1.0,6
1273,7,2023-08-04,62.0,33,9.0,2.0,6
1274,7,2023-08-05,90.0,47,16.0,5.0,6
1275,7,2023-08-07,55.0,20,11.0,1.0,6
1276,7,2023-08-08,79.0,30,11.0,3.0,6
1277,8,2023-07-10,62.5,23,5.0,1.0,6
1278,8,2023-07-11,104.0,25,21.0,2.0,6
1279,8,2023-07-12,85.0,30,18.0,3.0,6
1280,8,2023-07-13,105.0,36,8.0,1.0,6
1281,8,2023-07-14,112.0,40,27.0,4.0,6
1282,8,2023-07-15,104.0,29,12.0,0.0,6
1283,8,2023-07-17,77.0,29,18.0,0.0,6
1284,8,2023-07-18,90.0,27,12.0,4.0,6
1285,8,2023-07-19,79.0,22,21.0,0.0,6
1286,8,2023-07-20,83.0,39,16.0,6.0,6
1287,8,2023-07-21,102.5,38,28.0,3.0,6
1288,8,2023-07-22,77.0,23,15.0,5.0,6
1289,8,2023-07-24,78.0,19,0.0,0.0,6
1290,8,2023-07-25,105.0,37,23.0,4.0,6
1291,8,2023-07-26,87.0,27,14.0,0.0,6
1292,8,2023-07-27,96.0,29,9.0,4.0,6
1293,8,2023-07-28,115.0,26,7.0,2.0,6
1294,8,2023-07-29,88.0,30,12.0,2.0,6
1295,8,2023-07-31,67.0,24,17.0,2.0,6
1296,8,2023-08-01,96.0,28,9.0,0.0,6
1297,8,2023-08-02,86.0,27,9.0,1.0,6
1298,8,2023-08-03,84.0,23,8.0,5.0,6
1299,8,2023-08-04,99.0,41,6.0,0.0,6
1300,8,2023-08-05,96.0,35,9.0,3.0,6
1301,8,2023-08-07,69.0,32,7.0,1.0,6
1302,8,2023-08-08,95.0,27,19.0,2.0,6
1303,9,2023-07-10,46.0,11,11.0,1.0,6
1304,9,2023-07-11,54.0,20,9.0,2.0,6
1305,9,2023-07-12,61.0,25,14.0,2.0,6
1306,9,2023-07-13,63.0,24,10.0,4.0,6
1307,9,2023-07-14,67.0,18,14.0,0.0,6
1308,9,2023-07-15,76.0,21,12.0,3.0,6
1309,9,2023-07-17,37.0,7,4.0,0.0,6
1310,9,2023-07-18,57.0,19,17.0,0.0,6
1311,9,2023-07-19,59.5,17,12.0,2.0,6
1312,9,2023-07-20,50.0,14,9.0,0.0,6
1313,9,2023-07-21,34.0,14,17.0,0.0,6
1314,9,2023-07-22,76.0,44,10.0,1.0,6
1315,9,2023-07-24,34.0,11,4.0,0.0,6
1316,9,2023-07-25,54.0,16,4.0,0.0,6
1317,9,2023-07-26,56.0,14,14.0,1.0,6
1318,9,2023-07-27,70.5,22,14.0,0.0,6
1319,9,2023-07-28,53.0,14,7.0,2.0,6
1320,9,2023-07-29,69.0,27,5.0,0.0,6
1321,9,2023-07-31,41.0,19,6.0,1.0,6
1322,9,2023-08-01,54.0,25,12.0,2.0,6
1323,9,2023-08-02,61.0,14,6.0,2.0,6
1324,9,2023-08-03,55.0,21,6.0,4.0,6
1325,9,2023-08-04,53.0,24,9.0,2.0,6
1326,9,2023-08-05,70.0,24,8.0,1.0,6
1327,9,2023-08-07,46.0,27,9.0,0.0,6
1328,9,2023-08-08,62.0,23,4.0,2.0,6
1329,37,2023-07-10,55.0,18,29.0,6.0,6
1330,37,2023-07-11,63.0,22,11.0,1.0,6
1331,37,2023-07-12,61.0,24,10.0,4.0,6
1332,37,2023-07-13,84.0,37,21.0,5.0,6
1333,37,2023-07-14,58.0,25,24.0,4.0,6
1334,37,2023-07-15,89.0,33,9.0,1.0,6
1335,37,2023-07-17,48.0,18,11.0,3.0,6
1336,37,2023-07-18,65.0,25,17.0,0.0,6
1337,37,2023-07-19,72.0,28,6.0,2.0,6
1338,37,2023-07-20,76.0,34,17.0,0.0,6
1339,37,2023-07-21,57.0,22,8.0,1.0,6
1340,37,2023-07-22,95.0,44,15.0,5.0,6
1341,37,2023-07-24,52.0,27,13.0,0.0,6
1342,37,2023-07-25,60.0,16,9.0,1.0,6
1343,37,2023-07-26,80.5,39,25.0,2.0,6
1344,37,2023-07-27,77.0,35,20.0,2.0,6
1345,37,2023-07-28,58.0,26,10.0,2.0,6
1346,37,2023-07-29,108.0,50,11.0,2.0,6
1347,37,2023-07-31,57.0,12,14.0,0.0,6
1348,37,2023-08-01,68.0,23,19.0,3.0,6
1349,37,2023-08-02,72.0,24,9.0,3.0,6
1350,37,2023-08-03,74.0,26,11.0,20.0,6
1351,37,2023-08-04,68.0,24,13.0,3.0,6
1352,37,2023-08-05,106.0,49,22.0,0.0,6
1353,37,2023-08-07,59.0,27,6.0,1.0,6
1354,37,2023-08-08,57.0,19,10.0,0.0,6
1355,1,2023-08-23,84.0,50,32.0,5.0,7
1356,1,2023-08-24,105.0,40,14.0,1.0,7
1357,1,2023-08-25,80.0,35,30.0,0.0,7
1358,1,2023-08-26,126.0,67,41.0,0.0,7
1359,1,2023-08-28,73.0,40,15.0,3.0,7
1360,1,2023-08-29,96.0,45,26.0,5.0,7
1361,1,2023-08-30,90.0,49,14.0,4.0,7
1362,1,2023-08-31,113.0,55,34.0,8.0,7
1363,1,2023-09-01,70.0,39,9.0,1.0,7
1364,1,2023-09-02,140.0,60,17.0,2.0,7
1365,1,2023-09-04,87.0,44,6.0,0.0,7
1366,1,2023-09-05,85.0,46,19.0,1.0,7
1367,1,2023-09-06,88.0,43,26.0,0.0,7
1368,1,2023-09-07,98.0,53,12.0,0.0,7
1369,1,2023-09-08,78.0,37,13.0,6.0,7
1370,1,2023-09-09,145.0,60,32.0,1.0,7
1371,1,2023-09-11,79.0,43,22.0,3.0,7
1372,1,2023-09-12,88.0,57,17.0,3.0,7
1373,1,2023-09-13,93.0,42,27.0,4.0,7
1374,1,2023-09-14,98.0,50,28.0,2.0,7
1375,1,2023-09-15,73.0,40,8.0,1.0,7
1376,1,2023-09-16,149.0,78,27.0,1.0,7
1377,1,2023-09-18,68.0,39,8.0,0.0,7
1378,1,2023-09-19,92.0,51,22.0,5.0,7
1379,1,2023-09-20,97.0,41,10.0,1.0,7
1380,1,2023-09-21,105.0,61,14.0,3.0,7
1381,2,2023-08-23,124.0,60,28.0,1.0,7
1382,2,2023-08-24,173.0,84,13.0,3.0,7
1383,2,2023-08-25,98.0,55,22.0,0.0,7
1384,2,2023-08-26,220.0,101,20.0,3.0,7
1385,2,2023-08-27,102.0,36,23.0,0.0,7
1386,2,2023-08-28,114.0,27,15.0,0.0,7
1387,2,2023-08-29,138.0,64,23.0,5.0,7
1388,2,2023-08-30,156.0,59,6.0,0.0,7
1389,2,2023-08-31,182.0,65,18.0,5.0,7
1390,2,2023-09-01,100.0,58,27.0,0.0,7
1391,2,2023-09-02,234.0,69,9.0,4.0,7
1392,2,2023-09-03,84.0,47,10.0,0.0,7
1393,2,2023-09-04,100.5,55,11.0,0.0,7
1394,2,2023-09-05,118.0,51,27.0,0.0,7
1395,2,2023-09-06,138.0,44,11.0,1.0,7
1396,2,2023-09-07,156.0,78,12.0,0.0,7
1397,2,2023-09-08,120.0,46,7.0,4.0,7
1398,2,2023-09-09,252.0,96,10.0,1.0,7
1399,2,2023-09-10,90.0,54,9.0,2.0,7
1400,2,2023-09-11,101.0,46,18.0,0.0,7
1401,2,2023-09-12,122.0,65,24.0,8.0,7
1402,2,2023-09-13,166.0,59,11.0,0.0,7
1403,2,2023-09-14,164.0,61,9.0,3.0,7
1404,2,2023-09-15,102.0,49,14.0,0.0,7
1405,2,2023-09-16,258.0,129,14.0,7.0,7
1406,2,2023-09-17,96.0,39,21.0,4.0,7
1407,2,2023-09-18,111.0,29,26.0,0.0,7
1408,2,2023-09-19,114.0,41,12.0,0.0,7
1409,2,2023-09-20,145.0,71,16.0,0.0,7
1410,2,2023-09-21,167.5,61,15.0,0.0,7
1411,3,2023-08-23,65.0,38,15.0,0.0,7
1412,3,2023-08-24,100.0,39,19.0,0.0,7
1413,3,2023-08-25,90.0,50,22.0,2.0,7
1414,3,2023-08-26,85.0,48,10.0,2.0,7
1415,3,2023-08-28,64.0,29,14.0,0.0,7
1416,3,2023-08-29,74.0,41,20.0,1.0,7
1417,3,2023-08-30,69.0,39,12.0,1.0,7
1418,3,2023-08-31,96.0,44,19.0,2.0,7
1419,3,2023-09-01,93.0,26,11.0,0.0,7
1420,3,2023-09-02,73.0,35,4.0,2.0,7
1421,3,2023-09-04,54.0,23,30.0,2.0,7
1422,3,2023-09-05,74.0,29,11.0,0.0,7
1423,3,2023-09-06,63.0,32,6.0,0.0,7
1424,3,2023-09-07,91.0,47,8.0,3.0,7
1425,3,2023-09-08,110.0,68,9.0,0.0,7
1426,3,2023-09-09,74.0,33,5.0,0.0,7
1427,3,2023-09-11,66.0,34,3.0,1.0,7
1428,3,2023-09-12,83.0,48,9.0,0.0,7
1429,3,2023-09-13,78.0,32,12.0,1.0,7
1430,3,2023-09-14,82.0,56,10.0,0.0,7
1431,3,2023-09-15,105.0,48,12.0,0.0,7
1432,3,2023-09-16,89.5,51,9.0,2.0,7
1433,3,2023-09-18,64.5,36,6.0,7.0,7
1434,3,2023-09-19,69.0,40,9.0,0.0,7
1435,3,2023-09-20,67.0,39,5.0,0.0,7
1436,3,2023-09-21,84.0,50,4.0,0.0,7
1437,4,2023-08-23,56.0,15,21.0,2.0,7
1438,4,2023-08-24,83.0,24,16.0,3.0,7
1439,4,2023-08-25,58.0,20,13.0,1.0,7
1440,4,2023-08-26,128.0,38,29.0,9.0,7
1441,4,2023-08-28,48.0,14,18.0,1.0,7
1442,4,2023-08-29,66.0,25,15.0,3.0,7
1443,4,2023-08-30,63.0,17,17.0,3.0,7
1444,4,2023-08-31,68.0,31,17.0,3.0,7
1445,4,2023-09-01,55.0,17,2.0,8.0,7
1446,4,2023-09-02,128.0,34,19.0,9.0,7
1447,4,2023-09-04,57.0,24,0.0,1.0,7
1448,4,2023-09-05,68.0,30,20.0,6.0,7
1449,4,2023-09-06,74.0,26,8.0,2.0,7
1450,4,2023-09-07,76.5,23,9.0,0.0,7
1451,4,2023-09-08,72.0,21,13.0,0.0,7
1452,4,2023-09-09,124.0,43,19.0,1.0,7
1453,4,2023-09-11,64.5,25,7.0,2.0,7
1454,4,2023-09-12,60.0,19,12.0,7.0,7
1455,4,2023-09-13,58.0,23,10.0,3.0,7
1456,4,2023-09-14,73.0,25,15.0,9.0,7
1457,4,2023-09-15,55.0,21,10.0,3.0,7
1458,4,2023-09-16,146.0,51,11.0,10.0,7
1459,4,2023-09-18,53.0,26,11.0,4.0,7
1460,4,2023-09-19,65.5,31,4.0,6.0,7
1461,4,2023-09-20,70.0,18,14.0,0.0,7
1462,4,2023-09-21,82.0,32,33.0,6.0,7
1463,6,2023-08-23,65.5,34,7.0,0.0,7
1464,6,2023-08-24,56.0,36,14.0,0.0,7
1465,6,2023-08-25,41.0,22,6.0,1.0,7
1466,6,2023-08-26,55.0,30,7.0,2.0,7
1467,6,2023-08-28,45.0,29,5.0,1.0,7
1468,6,2023-08-29,41.0,32,5.0,0.0,7
1469,6,2023-08-30,100.0,65,11.0,2.0,7
1470,6,2023-08-31,64.0,45,1.0,1.0,7
1471,6,2023-09-01,30.0,18,4.0,0.0,7
1472,6,2023-09-02,58.0,28,2.0,0.0,7
1473,6,2023-09-04,30.0,23,6.0,0.0,7
1474,6,2023-09-05,56.0,25,6.0,0.0,7
1475,6,2023-09-06,73.0,48,3.0,0.0,7
1476,6,2023-09-07,49.0,38,5.0,0.0,7
1477,6,2023-09-08,27.0,16,1.0,0.0,7
1478,6,2023-09-09,67.0,34,5.0,0.0,7
1479,6,2023-09-11,45.0,26,1.0,0.0,7
1480,6,2023-09-12,32.0,21,4.0,0.0,7
1481,6,2023-09-13,87.0,57,7.0,0.0,7
1482,6,2023-09-14,54.0,46,10.0,0.0,7
1483,6,2023-09-15,26.0,23,2.0,0.0,7
1484,6,2023-09-16,54.0,33,3.0,2.0,7
1485,6,2023-09-18,33.0,25,4.0,0.0,7
1486,6,2023-09-19,51.0,40,9.0,0.0,7
1487,6,2023-09-20,100.0,62,9.0,0.0,7
1488,6,2023-09-21,55.0,33,2.0,0.0,7
1489,7,2023-08-23,54.0,35,24.0,1.0,7
1490,7,2023-08-24,81.0,40,23.0,4.0,7
1491,7,2023-08-25,57.0,23,13.0,6.0,7
1492,7,2023-08-26,103.0,55,9.0,20.0,7
1493,7,2023-08-28,59.0,29,16.0,5.0,7
1494,7,2023-08-29,71.0,32,18.0,4.0,7
1495,7,2023-08-30,84.0,40,13.0,2.0,7
1496,7,2023-08-31,90.0,43,19.0,4.0,7
1497,7,2023-09-01,64.0,29,14.0,1.0,7
1498,7,2023-09-02,98.0,45,8.0,8.0,7
1499,7,2023-09-04,60.0,38,9.0,5.0,7
1500,7,2023-09-05,71.0,37,8.0,1.0,7
1501,7,2023-09-06,74.0,41,12.0,0.0,7
1502,7,2023-09-07,74.0,44,14.0,2.0,7
1503,7,2023-09-08,75.0,44,4.0,3.0,7
1504,7,2023-09-09,101.0,55,9.0,2.0,7
1505,7,2023-09-11,62.0,40,10.0,3.0,7
1506,7,2023-09-12,71.0,36,8.0,6.0,7
1507,7,2023-09-13,72.0,53,13.0,4.0,7
1508,7,2023-09-14,90.5,49,11.0,3.0,7
1509,7,2023-09-15,80.0,45,20.0,12.0,7
1510,7,2023-09-16,112.0,61,12.0,6.0,7
1511,7,2023-09-18,48.0,25,11.0,2.0,7
1512,7,2023-09-19,73.0,40,14.0,1.0,7
1513,7,2023-09-20,87.0,41,9.0,3.0,7
1514,7,2023-09-21,79.0,46,5.0,2.0,7
1515,8,2023-08-23,96.0,31,18.0,6.0,7
1516,8,2023-08-24,100.0,37,8.0,1.0,7
1517,8,2023-08-25,138.0,46,5.0,2.0,7
1518,8,2023-08-26,94.0,14,19.0,2.0,7
1519,8,2023-08-28,99.0,23,14.0,2.0,7
1520,8,2023-08-29,94.0,45,5.0,4.0,7
1521,8,2023-08-30,82.5,26,9.0,2.0,7
1522,8,2023-08-31,109.5,30,17.0,0.0,7
1523,8,2023-09-01,119.0,52,5.0,2.0,7
1524,8,2023-09-02,97.0,25,8.0,3.0,7
1525,8,2023-09-04,65.0,22,8.0,1.0,7
1526,8,2023-09-05,90.0,25,7.0,0.0,7
1527,8,2023-09-06,84.0,30,5.0,0.0,7
1528,8,2023-09-07,115.0,35,11.0,4.0,7
1529,8,2023-09-08,152.0,33,14.0,6.0,7
1530,8,2023-09-09,112.0,32,4.0,1.0,7
1531,8,2023-09-11,77.0,19,11.0,1.0,7
1532,8,2023-09-12,115.0,31,13.0,3.0,7
1533,8,2023-09-13,100.0,46,6.0,4.0,7
1534,8,2023-09-14,95.0,35,12.0,2.0,7
1535,8,2023-09-15,136.0,41,4.0,8.0,7
1536,8,2023-09-16,129.0,48,17.0,0.0,7
1537,8,2023-09-18,72.0,26,16.0,1.0,7
1538,8,2023-09-19,102.0,36,10.0,4.0,7
1539,8,2023-09-20,94.0,23,12.0,4.0,7
1540,8,2023-09-21,86.0,30,8.0,0.0,7
1541,9,2023-08-23,50.0,16,8.0,3.0,7
1542,9,2023-08-24,59.0,23,10.0,0.0,7
1543,9,2023-08-25,54.0,16,10.0,4.0,7
1544,9,2023-08-26,82.0,30,11.0,2.0,7
1545,9,2023-08-28,46.0,12,2.0,0.0,7
1546,9,2023-08-29,60.0,22,11.0,5.0,7
1547,9,2023-08-30,70.0,24,5.0,1.0,7
1548,9,2023-08-31,70.0,18,4.0,0.0,7
1549,9,2023-09-01,57.0,16,10.0,4.0,7
1550,9,2023-09-02,76.0,24,17.0,4.0,7
1551,9,2023-09-04,42.0,9,1.0,1.0,7
1552,9,2023-09-05,48.0,31,2.0,0.0,7
1553,9,2023-09-06,56.0,14,3.0,1.0,7
1554,9,2023-09-07,70.0,30,10.0,1.0,7
1555,9,2023-09-08,55.0,14,4.0,7.0,7
1556,9,2023-09-09,87.0,26,6.0,0.0,7
1557,9,2023-09-11,41.0,17,5.0,6.0,7
1558,9,2023-09-12,50.0,21,10.0,0.0,7
1559,9,2023-09-13,67.0,26,12.0,2.0,7
1560,9,2023-09-14,65.0,32,3.0,2.0,7
1561,9,2023-09-15,63.0,21,3.0,2.0,7
1562,9,2023-09-16,82.0,34,4.0,6.0,7
1563,9,2023-09-18,42.0,13,6.0,0.0,7
1564,9,2023-09-19,57.0,25,11.0,0.0,7
1565,9,2023-09-20,49.0,20,7.0,3.0,7
1566,9,2023-09-21,61.0,20,12.0,1.0,7
1567,37,2023-08-23,56.0,27,7.0,3.0,7
1568,37,2023-08-24,61.0,26,5.0,1.0,7
1569,37,2023-08-25,43.0,24,8.0,1.0,7
1570,37,2023-08-26,93.0,51,20.0,0.0,7
1571,37,2023-08-28,57.0,24,21.0,0.0,7
1572,37,2023-08-29,71.0,36,10.0,0.0,7
1573,37,2023-08-30,69.0,30,0.0,7.0,7
1574,37,2023-08-31,66.0,34,13.0,3.0,7
1575,37,2023-09-01,63.0,24,16.0,3.0,7
1576,37,2023-09-02,86.0,37,10.0,4.0,7
1577,37,2023-09-04,58.0,32,8.0,0.0,7
1578,37,2023-09-05,70.0,31,7.0,7.0,7
1579,37,2023-09-06,74.0,34,8.0,3.0,7
1580,37,2023-09-07,87.0,46,14.0,4.0,7
1581,37,2023-09-08,64.0,32,13.0,3.0,7
1582,37,2023-09-09,107.0,55,18.0,1.0,7
1583,37,2023-09-11,60.0,19,17.0,0.0,7
1584,37,2023-09-12,47.0,21,17.0,3.0,7
1585,37,2023-09-13,68.0,38,13.0,4.0,7
1586,37,2023-09-14,78.0,40,16.0,4.0,7
1587,37,2023-09-15,57.0,25,5.0,6.0,7
1588,37,2023-09-16,100.0,42,12.0,1.0,7
1589,37,2023-09-18,51.0,27,11.0,5.0,7
1590,37,2023-09-19,53.0,23,15.0,3.0,7
1591,37,2023-09-20,62.0,20,9.0,2.0,7
1592,37,2023-09-21,81.0,40,27.0,7.0,7
1593,1,2023-10-06,82.0,50,8.0,2.0,8
1594,1,2023-10-07,168.0,101,15.0,5.0,8
1595,1,2023-10-09,64.0,33,2.0,0.0,8
1596,1,2023-10-10,93.0,52,0.0,1.0,8
1597,1,2023-10-11,77.0,46,0.0,0.0,8
1598,1,2023-10-12,96.0,62,0.0,1.0,8
1599,1,2023-10-13,74.0,39,0.0,1.0,8
1600,1,2023-10-14,160.0,65,0.0,0.0,8
1601,1,2023-10-16,65.0,54,0.0,0.0,8
1602,1,2023-10-17,69.0,39,0.0,0.0,8
1603,1,2023-10-18,95.0,68,0.0,1.0,8
1604,1,2023-10-19,92.0,52,0.0,4.0,8
1605,1,2023-10-20,76.0,50,0.0,1.0,8
1606,1,2023-10-21,154.0,82,0.0,1.0,8
1607,1,2023-10-23,68.0,37,0.0,1.0,8
1608,1,2023-10-24,90.0,55,0.0,1.0,8
1609,1,2023-10-25,93.0,43,0.0,4.0,8
1610,1,2023-10-26,83.0,60,0.0,2.0,8
1611,1,2023-10-27,74.0,49,0.0,0.0,8
1612,1,2023-10-28,160.0,80,0.0,10.0,8
1613,1,2023-10-30,83.0,48,0.0,0.0,8
1614,1,2023-10-31,99.0,67,0.0,3.0,8
1615,1,2023-11-02,99.0,58,0.0,0.0,8
1616,1,2023-11-03,87.0,38,0.0,2.0,8
1617,1,2023-11-04,153.0,74,0.0,0.0,8
1618,2,2023-10-06,92.0,50,7.0,2.0,8
1619,2,2023-10-07,246.0,114,5.0,1.0,8
1620,2,2023-10-08,90.0,49,5.0,0.0,8
1621,2,2023-10-09,112.0,55,4.0,1.0,8
1622,2,2023-10-10,126.0,54,0.0,3.0,8
1623,2,2023-10-11,125.0,69,0.0,3.0,8
1624,2,2023-10-12,164.0,94,0.0,3.0,8
1625,2,2023-10-13,99.0,39,0.0,2.0,8
1626,2,2023-10-14,282.0,103,0.0,2.0,8
1627,2,2023-10-15,70.0,43,0.0,3.0,8
1628,2,2023-10-16,88.0,41,0.0,0.0,8
1629,2,2023-10-17,130.0,55,0.0,0.0,8
1630,2,2023-10-18,142.0,57,0.0,1.0,8
1631,2,2023-10-19,194.0,75,0.0,1.0,8
1632,2,2023-10-20,108.0,60,0.0,0.0,8
1633,2,2023-10-21,251.0,93,0.0,1.0,8
1634,2,2023-10-22,78.0,34,0.0,0.0,8
1635,2,2023-10-23,87.0,50,0.0,1.0,8
1636,2,2023-10-24,126.0,67,0.0,3.0,8
1637,2,2023-10-25,134.0,55,0.0,1.0,8
1638,2,2023-10-26,156.0,70,0.0,0.0,8
1639,2,2023-10-27,93.0,58,0.0,0.0,8
1640,2,2023-10-28,240.0,100,0.0,1.0,8
1641,2,2023-10-29,70.0,33,0.0,0.0,8
1642,2,2023-10-30,74.0,35,0.0,0.0,8
1643,2,2023-10-31,133.0,68,0.0,4.0,8
1644,2,2023-11-02,160.0,86,0.0,0.0,8
1645,2,2023-11-03,90.0,45,0.0,1.0,8
1646,2,2023-11-04,251.0,108,0.0,2.0,8
1647,3,2023-10-06,86.0,53,5.0,0.0,8
1648,3,2023-10-07,99.0,51,6.0,2.0,8
1649,3,2023-10-09,51.0,21,4.0,0.0,8
1650,3,2023-10-10,69.0,49,0.0,0.0,8
1651,3,2023-10-11,81.0,48,0.0,1.0,8
1652,3,2023-10-12,65.0,45,0.0,0.0,8
1653,3,2023-10-13,90.0,46,0.0,5.0,8
1654,3,2023-10-14,87.0,51,0.0,1.0,8
1655,3,2023-10-16,57.0,40,0.0,0.0,8
1656,3,2023-10-17,76.0,28,0.0,4.0,8
1657,3,2023-10-18,88.0,60,0.0,0.0,8
1658,3,2023-10-19,77.0,44,0.0,0.0,8
1659,3,2023-10-20,76.0,45,0.0,2.0,8
1660,3,2023-10-21,98.0,42,0.0,0.0,8
1661,3,2023-10-23,49.0,32,0.0,0.0,8
1662,3,2023-10-24,63.5,40,0.0,3.0,8
1663,3,2023-10-25,65.0,39,0.0,0.0,8
1664,3,2023-10-26,69.0,41,0.0,0.0,8
1665,3,2023-10-27,78.0,51,0.0,0.0,8
1666,3,2023-10-28,84.0,44,0.0,0.0,8
1667,3,2023-10-30,46.0,23,0.0,0.0,8
1668,3,2023-10-31,45.5,30,0.0,0.0,8
1669,3,2023-11-02,71.0,42,0.0,0.0,8
1670,3,2023-11-03,92.0,62,0.0,0.0,8
1671,3,2023-11-04,81.0,48,0.0,0.0,8
1672,4,2023-10-06,59.0,31,4.0,0.0,8
1673,4,2023-10-07,130.0,56,6.0,5.0,8
1674,4,2023-10-09,52.0,23,0.0,11.0,8
1675,4,2023-10-10,60.0,18,0.0,2.0,8
1676,4,2023-10-11,64.0,34,0.0,2.0,8
1677,4,2023-10-12,73.0,41,0.0,0.0,8
1678,4,2023-10-13,60.0,18,0.0,2.0,8
1679,4,2023-10-14,130.0,40,0.0,6.0,8
1680,4,2023-10-16,63.5,24,0.0,3.0,8
1681,4,2023-10-17,67.0,28,0.0,4.0,8
1682,4,2023-10-18,95.0,38,0.0,2.0,8
1683,4,2023-10-19,96.0,36,0.0,1.0,8
1684,4,2023-10-20,53.0,17,0.0,1.0,8
1685,4,2023-10-21,151.0,67,0.0,4.0,8
1686,4,2023-10-23,70.0,26,0.0,1.0,8
1687,4,2023-10-24,56.0,25,0.0,7.0,8
1688,4,2023-10-25,62.0,23,0.0,5.0,8
1689,4,2023-10-26,62.0,22,0.0,0.0,8
1690,4,2023-10-27,43.5,16,0.0,5.0,8
1691,4,2023-10-28,135.0,55,0.0,4.0,8
1692,4,2023-10-30,48.0,19,0.0,0.0,8
1693,4,2023-10-31,60.0,32,0.0,7.0,8
1694,4,2023-11-02,77.0,23,0.0,0.0,8
1695,4,2023-11-03,57.0,22,0.0,2.0,8
1696,4,2023-11-04,123.5,64,0.0,5.0,8
1697,6,2023-10-06,42.0,21,2.0,0.0,8
1698,6,2023-10-07,56.0,39,1.0,0.0,8
1699,6,2023-10-09,36.0,33,0.0,1.0,8
1700,6,2023-10-10,50.0,34,0.0,0.0,8
1701,6,2023-10-11,90.5,43,0.0,2.0,8
1702,6,2023-10-12,57.0,38,0.0,0.0,8
1703,6,2023-10-13,35.5,26,0.0,0.0,8
1704,6,2023-10-14,54.0,38,0.0,0.0,8
1705,6,2023-10-16,29.0,20,0.0,0.0,8
1706,6,2023-10-17,56.0,34,0.0,0.0,8
1707,6,2023-10-18,104.0,59,0.0,2.0,8
1708,6,2023-10-19,63.0,39,0.0,0.0,8
1709,6,2023-10-20,38.0,16,0.0,0.0,8
1710,6,2023-10-21,69.0,39,0.0,1.0,8
1711,6,2023-10-23,36.0,24,0.0,0.0,8
1712,6,2023-10-24,43.0,30,0.0,0.0,8
1713,6,2023-10-25,90.5,45,0.0,0.0,8
1714,6,2023-10-26,46.0,46,0.0,0.0,8
1715,6,2023-10-27,40.0,18,0.0,0.0,8
1716,6,2023-10-28,65.0,30,0.0,0.0,8
1717,6,2023-10-30,40.0,19,0.0,0.0,8
1718,6,2023-10-31,40.0,32,0.0,0.0,8
1719,6,2023-11-02,42.0,28,0.0,0.0,8
1720,6,2023-11-03,36.0,25,0.0,0.0,8
1721,6,2023-11-04,47.5,30,0.0,0.0,8
1722,7,2023-10-06,49.5,34,4.0,9.0,8
1723,7,2023-10-07,123.0,56,0.0,3.0,8
1724,7,2023-10-09,53.0,26,0.0,2.0,8
1725,7,2023-10-10,65.0,45,0.0,4.0,8
1726,7,2023-10-11,72.0,35,0.0,0.0,8
1727,7,2023-10-12,85.0,48,0.0,5.0,8
1728,7,2023-10-13,71.0,33,0.0,2.0,8
1729,7,2023-10-14,103.0,48,0.0,0.0,8
1730,7,2023-10-16,46.0,31,0.0,0.0,8
1731,7,2023-10-17,61.0,36,0.0,2.0,8
1732,7,2023-10-18,60.0,39,0.0,1.0,8
1733,7,2023-10-19,93.0,50,0.0,3.0,8
1734,7,2023-10-20,66.0,31,0.0,1.0,8
1735,7,2023-10-21,121.0,59,0.0,2.0,8
1736,7,2023-10-23,48.0,24,0.0,0.0,8
1737,7,2023-10-24,91.0,52,0.0,3.0,8
1738,7,2023-10-25,71.0,26,0.0,1.0,8
1739,7,2023-10-26,86.0,37,0.0,4.0,8
1740,7,2023-10-27,51.0,31,0.0,0.0,8
1741,7,2023-10-28,82.0,41,0.0,0.0,8
1742,7,2023-10-30,56.5,32,0.0,0.0,8
1743,7,2023-10-31,88.0,51,0.0,5.0,8
1744,7,2023-11-02,73.0,34,0.0,0.0,8
1745,7,2023-11-03,59.0,36,0.0,0.0,8
1746,7,2023-11-04,121.0,51,0.0,3.0,8
1747,8,2023-10-06,131.0,32,3.0,8.0,8
1748,8,2023-10-07,106.0,41,0.0,2.0,8
1749,8,2023-10-09,72.0,27,0.0,5.0,8
1750,8,2023-10-10,84.0,44,0.0,2.0,8
1751,8,2023-10-11,93.0,49,0.0,11.0,8
1752,8,2023-10-12,102.0,37,0.0,1.0,8
1753,8,2023-10-13,123.0,40,0.0,2.0,8
1754,8,2023-10-14,98.0,28,0.0,5.0,8
1755,8,2023-10-16,78.0,20,0.0,4.0,8
1756,8,2023-10-17,111.0,41,0.0,1.0,8
1757,8,2023-10-18,90.5,49,0.0,1.0,8
1758,8,2023-10-19,90.0,30,0.0,0.0,8
1759,8,2023-10-20,121.0,44,0.0,3.0,8
1760,8,2023-10-21,138.0,84,0.0,4.0,8
1761,8,2023-10-23,72.0,26,0.0,1.0,8
1762,8,2023-10-24,110.0,35,0.0,1.0,8
1763,8,2023-10-25,96.0,47,0.0,8.0,8
1764,8,2023-10-26,97.0,26,0.0,0.0,8
1765,8,2023-10-27,107.0,38,0.0,0.0,8
1766,8,2023-10-28,100.0,34,0.0,4.0,8
1767,8,2023-10-30,70.0,22,0.0,0.0,8
1768,8,2023-10-31,120.0,36,0.0,1.0,8
1769,8,2023-11-02,103.0,42,0.0,1.0,8
1770,8,2023-11-03,123.0,45,0.0,1.0,8
1771,8,2023-11-04,104.0,26,0.0,0.0,8
1772,9,2023-10-06,50.0,17,9.0,2.0,8
1773,9,2023-10-07,81.0,38,1.0,1.0,8
1774,9,2023-10-09,48.0,24,0.0,4.0,8
1775,9,2023-10-10,51.0,16,0.0,4.0,8
1776,9,2023-10-11,61.0,29,0.0,1.0,8
1777,9,2023-10-12,49.0,15,0.0,3.0,8
1778,9,2023-10-13,45.0,20,0.0,1.0,8
1779,9,2023-10-14,74.0,30,0.0,0.0,8
1780,9,2023-10-16,33.0,17,0.0,1.0,8
1781,9,2023-10-17,42.0,24,0.0,1.0,8
1782,9,2023-10-18,63.0,33,0.0,5.0,8
1783,9,2023-10-19,69.0,26,0.0,2.0,8
1784,9,2023-10-20,54.0,21,0.0,0.0,8
1785,9,2023-10-21,80.0,34,0.0,1.0,8
1786,9,2023-10-23,41.0,16,0.0,0.0,8
1787,9,2023-10-24,59.0,26,0.0,0.0,8
1788,9,2023-10-25,54.0,23,0.0,0.0,8
1789,9,2023-10-26,63.0,36,0.0,0.0,8
1790,9,2023-10-27,64.0,21,0.0,0.0,8
1791,9,2023-10-28,70.5,35,0.0,0.0,8
1792,9,2023-10-30,42.0,18,0.0,1.0,8
1793,9,2023-10-31,56.0,23,0.0,1.0,8
1794,9,2023-11-02,55.0,27,0.0,0.0,8
1795,9,2023-11-03,58.0,16,0.0,0.0,8
1796,9,2023-11-04,80.0,29,0.0,0.0,8
1797,37,2023-10-06,53.0,25,3.0,1.0,8
1798,37,2023-10-07,128.0,57,0.0,1.0,8
1799,37,2023-10-09,47.0,30,0.0,1.0,8
1800,37,2023-10-10,65.0,34,0.0,1.0,8
1801,37,2023-10-11,62.0,20,0.0,2.0,8
1802,37,2023-10-12,67.0,37,0.0,0.0,8
1803,37,2023-10-13,63.0,31,0.0,0.0,8
1804,37,2023-10-14,114.0,47,0.0,1.0,8
1805,37,2023-10-16,43.0,21,0.0,2.0,8
1806,37,2023-10-17,63.0,36,0.0,1.0,8
1807,37,2023-10-18,73.0,32,0.0,3.0,8
1808,37,2023-10-19,63.0,40,0.0,0.0,8
1809,37,2023-10-20,67.0,39,0.0,4.0,8
1810,37,2023-10-21,112.0,50,0.0,0.0,8
1811,37,2023-10-23,55.0,19,0.0,2.0,8
1812,37,2023-10-24,54.0,20,0.0,3.0,8
1813,37,2023-10-25,72.0,35,0.0,1.0,8
1814,37,2023-10-26,69.0,36,0.0,0.0,8
1815,37,2023-10-27,77.0,39,0.0,0.0,8
1816,37,2023-10-28,110.0,49,0.0,0.0,8
1817,37,2023-10-30,49.0,25,0.0,0.0,8
1818,37,2023-10-31,62.0,25,0.0,4.0,8
1819,37,2023-11-02,55.0,32,0.0,3.0,8
1820,37,2023-11-03,64.0,23,0.0,0.0,8
1821,37,2023-11-04,103.0,48,0.0,2.0,8
