,product1,product2,id,k,dzien_rozliczenia
0,36.27408627097874,26.60118963550461,6,1,2022-12-02
1,79.66308646642469,44.01935421113281,1,1,2022-12-02
2,69.65727668184027,37.0271161599799,3,1,2022-12-02
3,59.3222998045662,27.118164498329932,37,1,2022-12-02
4,86.56400369443239,37.645589246962466,8,1,2022-12-02
5,65.39460539604583,32.89773002640268,7,1,2022-12-02
6,61.93141366264809,24.8715178164172,9,1,2022-12-02
7,97.6915304797552,46.95978447583165,2,1,2022-12-02
8,52.198541750724665,22.937916759711477,4,1,2022-12-02
9,137.2311574675325,69.27236017316024,1,1,2022-12-03
10,91.72013982094046,44.82727277159226,3,1,2022-12-03
11,60.015476176601176,39.465760239760236,6,1,2022-12-03
12,102.2214185922734,43.52486053468507,37,1,2022-12-03
13,104.86100554367249,40.73221533431252,4,1,2022-12-03
14,103.77438510915925,51.87874885515091,7,1,2022-12-03
15,87.76948931547061,33.98753840317691,9,1,2022-12-03
16,229.70389415584413,103.25245606060602,2,1,2022-12-03
17,100.8010904314922,41.19050767207929,8,1,2022-12-03
18,76.56314502520587,40.67027893848373,2,1,2022-12-04
19,61.10362307267895,33.60957908680589,1,1,2022-12-05
20,54.83011409341818,26.56141978896769,3,1,2022-12-05
21,34.88231793276883,24.73679625092242,6,1,2022-12-05
22,48.81738386800946,22.084777509585308,37,1,2022-12-05
23,45.028891175421684,19.420183745935457,4,1,2022-12-05
24,94.86057219032412,43.97885999837616,2,1,2022-12-05
25,61.523007524988714,26.660695886726444,8,1,2022-12-05
26,56.16915028257766,29.24670579147688,7,1,2022-12-05
27,46.0451638897471,19.394772128968057,9,1,2022-12-05
28,116.18968578270388,58.3002117060143,2,1,2022-12-06
29,56.01079459522039,23.489797333694966,9,1,2022-12-06
30,74.60032295003283,37.74945953339869,7,1,2022-12-06
31,54.14802641994713,24.247952423097363,4,1,2022-12-06
32,86.51520592722281,35.457193232860575,8,1,2022-12-06
33,45.996738541645655,29.380749714606456,6,1,2022-12-06
34,64.75452550407184,32.73631208895986,3,1,2022-12-06
35,86.29969025835112,47.11819014566601,1,1,2022-12-06
36,59.69191216483256,28.29645226687265,37,1,2022-12-06
37,63.890792899269364,28.595510506052992,37,1,2022-12-07
38,89.85614151112541,47.77403685880228,1,1,2022-12-07
39,72.63465711358994,38.507763862270956,3,1,2022-12-07
40,79.99789895665344,48.007889584667005,6,1,2022-12-07
41,62.78943035824555,25.72354972256958,9,1,2022-12-07
42,61.03061307788386,27.135718813494115,4,1,2022-12-07
43,70.86245618801904,33.30802098252018,7,1,2022-12-07
44,131.8166003121045,64.49132388135098,2,1,2022-12-07
45,77.15400315181297,35.29267828815635,8,1,2022-12-07
46,71.77893388252903,37.702908326759704,3,1,2022-12-08
47,71.71801149751322,33.387228007240296,37,1,2022-12-08
48,99.10420120816308,52.288894071486446,1,1,2022-12-08
49,86.6803630496583,38.316350793601565,8,1,2022-12-08
50,57.844556392028075,39.85021031682144,6,1,2022-12-08
51,64.7230907379217,28.28187909049634,4,1,2022-12-08
52,80.6624362875661,42.46575485354456,7,1,2022-12-08
53,67.39147569200381,28.030151689104258,9,1,2022-12-08
54,156.7338555555555,73.53510238095238,2,1,2022-12-08
55,76.61483084072503,41.37625733897212,1,1,2022-12-09
56,70.5010254362301,37.558475857746,3,1,2022-12-09
57,34.903871678331335,24.373449133571956,6,1,2022-12-09
58,59.79128838086477,26.709614476751472,37,1,2022-12-09
59,50.98438613959361,22.87603840206645,4,1,2022-12-09
60,68.58021595629911,34.56616235690937,7,1,2022-12-09
61,60.66324020968744,25.26161587464543,9,1,2022-12-09
62,101.57824232030772,47.01463952802922,2,1,2022-12-09
63,84.30630887188326,35.76267212718371,8,1,2022-12-09
64,97.05648654861031,40.97187957496155,37,1,2022-12-10
65,137.6939886002886,68.24699430014435,1,1,2022-12-10
66,85.5121016470518,42.16832342504591,3,1,2022-12-10
67,58.33427749309516,36.04960008629715,6,1,2022-12-10
68,102.94628328147009,40.767114937191266,8,1,2022-12-10
69,104.54832349850409,52.274654223126,7,1,2022-12-10
70,90.09692218279588,34.29855412727851,9,1,2022-12-10
71,234.07084285714282,101.4011031746032,2,1,2022-12-10
72,110.8879626157858,45.51388480665594,4,1,2022-12-10
73,56.84688130805683,27.30796913397768,37,1,2022-12-11
74,63.33529785452493,33.6272254969541,1,1,2022-12-11
75,51.92202257594254,26.16417021349019,4,1,2022-12-11
76,74.09194612736566,39.939844133533654,2,1,2022-12-11
77,67.76855566448309,36.57218041483688,1,1,2022-12-12
78,53.25003899544098,27.37831571807668,3,1,2022-12-12
79,34.55423052958592,25.29364949712052,6,1,2022-12-12
80,49.190695887126616,21.46808793868875,37,1,2022-12-12
81,45.66694690732905,20.1982730099336,4,1,2022-12-12
82,55.201050824495525,29.473787731787045,7,1,2022-12-12
83,46.34175527197438,20.07592301475647,9,1,2022-12-12
84,93.42926696417192,44.22872597218743,2,1,2022-12-12
85,62.99005974068046,26.8010772426087,8,1,2022-12-12
86,59.6704627534449,26.65572319455977,37,1,2022-12-13
87,88.02290249517081,48.30893315592515,1,1,2022-12-13
88,65.38705601643461,32.745845672076534,3,1,2022-12-13
89,45.300563074040944,31.55064855385054,6,1,2022-12-13
90,83.85155726806173,35.241470091714504,8,1,2022-12-13
91,67.97003397976725,34.56786185048348,7,1,2022-12-13
92,117.35026358491959,58.87741314331139,2,1,2022-12-13
93,53.47674124645419,23.99048065591403,4,1,2022-12-13
94,55.955075669896125,23.110358752394266,9,1,2022-12-13
95,64.00144245994855,28.635781615117967,37,1,2022-12-14
96,80.02999536167164,48.476546062822784,6,1,2022-12-14
97,88.4759840456411,45.15087827318647,1,1,2022-12-14
98,71.48731697362003,35.80775850453414,3,1,2022-12-14
99,77.53054036709868,33.946105492870714,8,1,2022-12-14
100,72.92743636485022,35.32013443779446,7,1,2022-12-14
101,61.69540315329704,24.85372920513159,9,1,2022-12-14
102,134.18517526177814,63.24799742172174,2,1,2022-12-14
103,57.73730909162671,24.66245120282279,4,1,2022-12-14
104,96.95687534567092,51.59810569787863,1,1,2022-12-15
105,72.84204013326826,37.42676254795345,3,1,2022-12-15
106,58.672598677758096,37.19799776335651,6,1,2022-12-15
107,68.08676244381873,30.870956055345488,37,1,2022-12-15
108,61.324457057830635,27.516524895653298,4,1,2022-12-15
109,77.76399026048412,41.976868835132905,7,1,2022-12-15
110,65.27321449288112,27.02502906859618,9,1,2022-12-15
111,156.52456581196577,72.99958577533577,2,1,2022-12-15
112,84.13556596802431,37.058218676069075,8,1,2022-12-15
113,63.829538099430906,28.26817550050352,37,1,2022-12-16
114,79.62763102748775,42.04915902307831,1,1,2022-12-16
115,77.06068623051287,39.05845126948186,3,1,2022-12-16
116,34.72472431591409,26.080078335204025,6,1,2022-12-16
117,95.32737894993795,39.9349871407913,8,1,2022-12-16
118,68.18651223041572,34.80890051497446,7,1,2022-12-16
119,61.77832373496703,24.64424796585872,9,1,2022-12-16
120,103.2629305395056,46.86772081736325,2,1,2022-12-16
121,55.26970872742025,23.69505395157709,4,1,2022-12-16
122,101.93840126089975,41.83657763710143,37,1,2022-12-17
123,138.75438466810968,69.52516385281388,1,1,2022-12-17
124,85.92962822468431,40.87454849552732,3,1,2022-12-17
125,60.89437768567986,36.59818524422434,6,1,2022-12-17
126,105.44874192005858,43.10844173515152,4,1,2022-12-17
127,236.1501087301587,100.35608333333327,2,1,2022-12-17
128,101.87258348081497,38.91441894506512,8,1,2022-12-17
129,106.26889967232297,54.885970649160896,7,1,2022-12-17
130,82.79370470893083,33.32413061148257,9,1,2022-12-17
131,74.18646091769047,40.101633470429796,2,1,2022-12-18
132,54.5239375021375,28.240393697593696,4,1,2022-12-18
133,62.3374349334275,32.87997614609319,1,1,2022-12-18
134,57.75572549337627,28.90363925091451,37,1,2022-12-18
135,51.22941465514293,22.742969804512775,37,1,2022-12-19
136,70.18076915143249,37.31909567378786,1,1,2022-12-19
137,53.478384821393476,27.70954946448634,3,1,2022-12-19
138,34.23829299825622,23.302331080188843,6,1,2022-12-19
139,45.034940562893645,19.217127789938772,9,1,2022-12-19
140,43.38888625902102,18.50297515675202,4,1,2022-12-19
141,53.69389309979229,29.874336559461344,7,1,2022-12-19
142,62.15310281590182,25.766764076846755,8,1,2022-12-19
143,93.46912090699124,46.63253545679061,2,1,2022-12-19
144,59.801200821749994,27.731572185858326,37,1,2022-12-20
145,87.66356493057714,47.18681501534896,1,1,2022-12-20
146,67.10573082029798,34.147703247643534,3,1,2022-12-20
147,45.52887701509034,29.412967874418527,6,1,2022-12-20
148,53.712753160637554,23.88598635579329,4,1,2022-12-20
149,72.85837775157049,35.51393168475875,7,1,2022-12-20
150,57.378322302261765,23.94157161655748,9,1,2022-12-20
151,123.99058279141411,60.04057974369556,2,1,2022-12-20
152,87.12580250859938,35.4746141424779,8,1,2022-12-20
153,92.89643185017623,48.66272311594737,1,1,2022-12-21
154,71.48420847040472,37.89937877430092,3,1,2022-12-21
155,70.953623337927,42.14512558253265,6,1,2022-12-21
156,62.497228568897334,27.357615027728166,37,1,2022-12-21
157,58.29977047435587,25.186319252811618,4,1,2022-12-21
158,74.3085737820994,37.189251471076666,7,1,2022-12-21
159,61.74453038069658,25.157439995278946,9,1,2022-12-21
160,131.9267238346195,63.42087426438297,2,1,2022-12-21
161,79.96659722018582,35.26481717340935,8,1,2022-12-21
162,67.25906029647605,29.65137679991202,37,1,2022-12-22
163,96.38775880698331,50.70017670575592,1,1,2022-12-22
164,77.06250295497108,41.08870938831194,3,1,2022-12-22
165,58.24957480789502,38.50994295875785,6,1,2022-12-22
166,85.08440834164989,37.85439628154412,8,1,2022-12-22
167,80.3449652437361,43.65448355894564,7,1,2022-12-22
168,66.03730382338777,26.883518122986477,9,1,2022-12-22
169,156.5076953823953,72.93989646464644,2,1,2022-12-22
170,63.32352146046457,27.947948198532842,4,1,2022-12-22
171,62.81098671386685,26.688902517506115,37,1,2022-12-23
172,79.35811228361476,42.74514430629945,1,1,2022-12-23
173,76.84038134927064,40.81932395970373,3,1,2022-12-23
174,35.497839964846854,24.638829578587828,6,1,2022-12-23
175,55.58828278999965,24.415411565751384,4,1,2022-12-23
176,102.53218939725691,46.62150595001967,2,1,2022-12-23
177,96.95967625464783,40.17388991036903,8,1,2022-12-23
178,68.51376213658257,37.3518341495971,7,1,2022-12-23
179,58.00478213345251,24.72631568234907,9,1,2022-12-23
180,62.11813371669414,28.184704465481712,37,1,2022-12-29
181,57.65060749739854,37.422898260076266,6,1,2022-12-29
182,95.24453413591237,50.138020263581275,1,1,2022-12-29
183,71.80653368735656,39.3740672653148,3,1,2022-12-29
184,77.94348443982028,35.406908965088796,8,1,2022-12-29
185,76.01419646758475,43.912983823202936,7,1,2022-12-29
186,148.94533095238106,71.97282380952376,2,1,2022-12-29
187,58.19565741924714,27.090344333563653,4,1,2022-12-29
188,59.481730942941475,25.37799000487073,9,1,2022-12-29
189,95.46987072406424,46.55614911157594,2,1,2022-12-30
190,59.267553594779784,25.00345582123248,9,1,2022-12-30
191,65.61385312565471,35.15186269901141,7,1,2022-12-30
192,54.992526836700165,25.57527388861398,4,1,2022-12-30
193,89.24508547341541,38.58665920967918,8,1,2022-12-30
194,35.58868903538689,23.48594760482279,6,1,2022-12-30
195,72.27222461266595,37.029950238632836,3,1,2022-12-30
196,76.25075043090658,41.31630015486151,1,1,2022-12-30
197,60.34097906180181,26.93420367817625,37,1,2022-12-30
198,88.82028608379687,38.000919361315006,37,1,2022-12-31
199,124.87969649502546,65.46806807549171,1,1,2022-12-31
200,75.67336192358296,37.8501859168201,3,1,2022-12-31
201,56.43190614424792,32.520550448614564,6,1,2022-12-31
202,71.24877311816944,29.86261176008968,9,1,2022-12-31
203,90.49204507902867,40.332134337705455,4,1,2022-12-31
204,98.00164508373568,49.48206750379249,7,1,2022-12-31
205,205.23913809523827,104.84670158730165,2,1,2022-12-31
206,94.09841813822048,38.884609249591634,8,1,2022-12-31
207,82.0925,43.6375,2,2,2023-01-15
208,34.68125,23.22,6,2,2023-01-16
209,62.2925,33.0525,1,2,2023-01-16
210,51.20375,27.7225,3,2,2023-01-16
211,41.97125,21.3675,37,2,2023-01-16
212,55.71125,27.7525,8,2,2023-01-16
213,51.5525,29.0675,7,2,2023-01-16
214,78.67375,40.4825,2,2,2023-01-16
215,40.58,20.15,4,2,2023-01-16
216,43.28875,20.7275,9,2,2023-01-16
217,95.78125,51.845,2,2,2023-01-17
218,52.13625,25.555,9,2,2023-01-17
219,73.11125,39.0375,7,2,2023-01-17
220,48.37,24.0425,4,2,2023-01-17
221,77.90125,35.2575,8,2,2023-01-17
222,45.61125,29.575,6,2,2023-01-17
223,65.15125,35.0625,3,2,2023-01-17
224,80.36125,44.205,1,2,2023-01-17
225,49.83125,25.135,37,2,2023-01-17
226,56.7075,26.9025,9,2,2023-01-18
227,55.5275,28.565,37,2,2023-01-18
228,85.28125,47.0625,1,2,2023-01-18
229,70.8825,37.925,3,2,2023-01-18
230,113.4925,60.7225,2,2,2023-01-18
231,77.065,38.1125,8,2,2023-01-18
232,51.8225,24.7375,4,2,2023-01-18
233,77.835,42.17,7,2,2023-01-18
234,58.86375,36.0425,6,2,2023-01-18
235,57.67125,37.185,6,2,2023-01-19
236,95.61125,52.2675,1,2,2023-01-19
237,76.86375,40.6275,3,2,2023-01-19
238,65.6875,31.9525,37,2,2023-01-19
239,80.55375,38.4675,8,2,2023-01-19
240,85.05375,47.6925,7,2,2023-01-19
241,60.285,27.8625,9,2,2023-01-19
242,138.5075,70.52,2,2,2023-01-19
243,62.01,28.4875,4,2,2023-01-19
244,73.31375,40.77,1,2,2023-01-20
245,67.91375,36.11,3,2,2023-01-20
246,37.735,25.0675,6,2,2023-01-20
247,55.90125,25.0875,37,2,2023-01-20
248,49.745,23.8825,4,2,2023-01-20
249,63.80625,35.75,7,2,2023-01-20
250,54.49625,23.925,9,2,2023-01-20
251,88.8725,46.4225,2,2,2023-01-20
252,78.01375,38.855,8,2,2023-01-20
253,77.9875,35.395,37,2,2023-01-21
254,113.85875,61.6975,1,2,2023-01-21
255,75.6075,38.32,3,2,2023-01-21
256,45.6325,27.9625,6,2,2023-01-21
257,85.42125,38.0575,8,2,2023-01-21
258,85.99375,44.805,7,2,2023-01-21
259,66.52875,30.3325,9,2,2023-01-21
260,152.08125,78.225,2,2,2023-01-21
261,71.6025,33.5775,4,2,2023-01-21
262,68.315,36.0625,2,2,2023-01-22
263,77.8925,42.905,2,2,2023-01-23
264,39.1475,19.9525,9,2,2023-01-23
265,50.275,28.105,7,2,2023-01-23
266,38.975,19.315,4,2,2023-01-23
267,55.60375,26.235,8,2,2023-01-23
268,34.28125,23.5675,6,2,2023-01-23
269,48.1475,26.465,3,2,2023-01-23
270,57.98625,32.3925,1,2,2023-01-23
271,40.9075,20.805,37,2,2023-01-23
272,49.6025,25.08,37,2,2023-01-24
273,76.10125,42.945,1,2,2023-01-24
274,59.21875,31.5825,3,2,2023-01-24
275,43.955,27.545,6,2,2023-01-24
276,51.7225,24.655,9,2,2023-01-24
277,46.0725,23.9825,4,2,2023-01-24
278,67.62125,35.6075,7,2,2023-01-24
279,98.975,50.69,2,2,2023-01-24
280,72.94,33.015,8,2,2023-01-24
281,63.095,33.1425,3,2,2023-01-25
282,58.6425,28.8575,37,2,2023-01-25
283,78.52375,40.165,1,2,2023-01-25
284,61.21,37.3875,6,2,2023-01-25
285,53.72625,25.2875,4,2,2023-01-25
286,67.8375,31.78,8,2,2023-01-25
287,70.695,36.245,7,2,2023-01-25
288,54.04875,25.5775,9,2,2023-01-25
289,106.4125,54.9675,2,2,2023-01-25
290,91.81875,49.0325,1,2,2023-01-26
291,73.07625,37.945,3,2,2023-01-26
292,57.2775,38.2425,6,2,2023-01-26
293,63.485,29.85,37,2,2023-01-26
294,58.1,27.215,4,2,2023-01-26
295,80.77375,45.1175,7,2,2023-01-26
296,58.44125,26.88,9,2,2023-01-26
297,131.94875,65.355,2,2,2023-01-26
298,74.2575,33.205,8,2,2023-01-26
299,54.59,24.215,37,2,2023-01-27
300,80.62125,43.8575,1,2,2023-01-27
301,70.11875,36.855,3,2,2023-01-27
302,34.405,23.14,6,2,2023-01-27
303,85.37,40.035,8,2,2023-01-27
304,59.84125,32.3925,7,2,2023-01-27
305,51.5875,24.1475,9,2,2023-01-27
306,94.44,47.485,2,2,2023-01-27
307,44.57125,21.5,4,2,2023-01-27
308,73.08,37.2975,3,2,2023-01-28
309,90.6,38.485,37,2,2023-01-28
310,116.2375,60.5325,1,2,2023-01-28
311,97.9,40.9175,8,2,2023-01-28
312,49.46375,29.73,6,2,2023-01-28
313,175.42,87.59,2,2,2023-01-28
314,67.0075,31.48,9,2,2023-01-28
315,85.485,37.65,4,2,2023-01-28
316,102.06875,52.205,7,2,2023-01-28
317,69.42875,37.0725,2,2,2023-01-29
318,42.26,20.5175,37,2,2023-01-30
319,60.42,34.175,1,2,2023-01-30
320,47.91625,24.2525,3,2,2023-01-30
321,33.445,22.34,6,2,2023-01-30
322,40.4575,19.9525,9,2,2023-01-30
323,39.3425,18.825,4,2,2023-01-30
324,52.22625,29.9175,7,2,2023-01-30
325,77.44375,40.77,2,2,2023-01-30
326,55.5975,24.62,8,2,2023-01-30
327,45.11125,29.2075,6,2,2023-01-31
328,76.835,41.2775,1,2,2023-01-31
329,57.3675,30.5725,3,2,2023-01-31
330,52.90875,25.2775,37,2,2023-01-31
331,71.8175,32.1625,8,2,2023-01-31
332,71.3,36.755,7,2,2023-01-31
333,49.22625,23.0025,9,2,2023-01-31
334,103.94,54.2675,2,2,2023-01-31
335,48.91875,24.5425,4,2,2023-01-31
336,84.23375,43.575,1,2,2023-02-01
337,66.19125,34.4775,3,2,2023-02-01
338,63.3725,37.5225,6,2,2023-02-01
339,59.18375,28.655,37,2,2023-02-01
340,52.65625,24.78,4,2,2023-02-01
341,72.705,38.1625,7,2,2023-02-01
342,56.75875,25.3975,9,2,2023-02-01
343,112.1575,57.9525,2,2,2023-02-01
344,74.80625,34.305,8,2,2023-02-01
345,66.33875,31.5475,37,2,2023-02-02
346,90.35375,48.875,1,2,2023-02-02
347,74.52375,40.98,3,2,2023-02-02
348,57.32375,38.37,6,2,2023-02-02
349,78.9375,35.0275,8,2,2023-02-02
350,81.6025,46.0225,7,2,2023-02-02
351,58.2275,27.0925,9,2,2023-02-02
352,141.255,69.6875,2,2,2023-02-02
353,58.705,27.6975,4,2,2023-02-02
354,54.32375,24.625,37,2,2023-02-03
355,73.92875,40.4275,1,2,2023-02-03
356,61.24375,31.46,3,2,2023-02-03
357,35.21875,23.6775,6,2,2023-02-03
358,46.0775,22.5925,4,2,2023-02-03
359,93.4775,47.7575,2,2,2023-02-03
360,86.79125,40.77,8,2,2023-02-03
361,59.69625,31.35,7,2,2023-02-03
362,48.0,22.615,9,2,2023-02-03
363,92.45375,40.33,37,2,2023-02-04
364,116.205,60.65,1,2,2023-02-04
365,73.8375,37.99,3,2,2023-02-04
366,52.24,32.32,6,2,2023-02-04
367,80.33625,37.05,4,2,2023-02-04
368,101.7225,53.4525,7,2,2023-02-04
369,65.885,31.1975,9,2,2023-02-04
370,193.48625,91.86,2,2,2023-02-04
371,91.195,38.7475,8,2,2023-02-04
372,70.2275,37.6975,2,2,2023-02-05
373,42.47875,20.78,37,2,2023-02-06
374,57.82125,31.455,1,2,2023-02-06
375,46.0475,23.1375,3,2,2023-02-06
376,34.3525,23.755,6,2,2023-02-06
377,36.465,17.7375,4,2,2023-02-06
378,83.38,43.1375,2,2,2023-02-06
379,58.91375,25.5925,8,2,2023-02-06
380,51.30875,29.42,7,2,2023-02-06
381,40.765,19.735,9,2,2023-02-06
382,80.09625,43.325,1,2,2023-02-07
383,62.4075,31.975,3,2,2023-02-07
384,44.8675,28.59,6,2,2023-02-07
385,50.28,25.63,37,2,2023-02-07
386,47.36875,23.98,4,2,2023-02-07
387,67.01625,34.685,7,2,2023-02-07
388,51.36875,24.0025,9,2,2023-02-07
389,107.74625,56.2,2,2,2023-02-07
390,79.845,33.9925,8,2,2023-02-07
391,63.12625,30.3675,37,2,2023-02-08
392,84.39875,42.3625,1,2,2023-02-08
393,68.99,37.945,3,2,2023-02-08
394,57.76125,35.39,6,2,2023-02-08
395,77.19,34.485,8,2,2023-02-08
396,75.78875,41.6075,7,2,2023-02-08
397,111.335,58.5825,2,2,2023-02-08
398,50.87,23.6925,4,2,2023-02-08
399,55.36,25.895,9,2,2023-02-08
400,64.72125,31.7175,37,2,2023-02-09
401,56.74125,36.835,6,2,2023-02-09
402,87.45625,46.7325,1,2,2023-02-09
403,74.14,39.8975,3,2,2023-02-09
404,79.89375,35.5775,8,2,2023-02-09
405,78.5025,43.4775,7,2,2023-02-09
406,134.735,68.4675,2,2,2023-02-09
407,56.38625,27.2725,4,2,2023-02-09
408,57.61625,26.51,9,2,2023-02-09
409,94.225,47.07,2,2,2023-02-10
410,50.5,23.7475,9,2,2023-02-10
411,57.3725,31.045,7,2,2023-02-10
412,43.6875,21.8175,4,2,2023-02-10
413,89.2625,40.5925,8,2,2023-02-10
414,33.5,22.975,6,2,2023-02-10
415,65.765,34.58,3,2,2023-02-10
416,78.15125,42.3525,1,2,2023-02-10
417,56.5225,24.8,37,2,2023-02-10
418,70.05375,31.5425,9,2,2023-02-11
419,97.17,40.01,37,2,2023-02-11
420,115.62,62.4125,1,2,2023-02-11
421,76.965,39.5225,3,2,2023-02-11
422,198.9275,97.185,2,2,2023-02-11
423,97.20375,39.045,8,2,2023-02-11
424,81.785,37.15,4,2,2023-02-11
425,103.10625,52.7125,7,2,2023-02-11
426,55.6675,33.83,6,2,2023-02-11
427,70.1225,37.8625,2,2,2023-02-12
428,61.41625,34.995,1,2,2023-02-13
429,47.90875,22.595,3,2,2023-02-13
430,33.565,22.335,6,2,2023-02-13
431,42.49125,19.865,37,2,2023-02-13
432,39.77125,17.75,4,2,2023-02-13
433,50.7825,27.6975,7,2,2023-02-13
434,39.1975,19.3175,9,2,2023-02-13
435,88.7025,44.1475,2,2,2023-02-13
436,56.7125,24.5975,8,2,2023-02-13
437,127.415,63.825,2,3,2023-02-28
438,51.365,23.675,9,3,2023-02-28
439,70.8275,38.845,7,3,2023-02-28
440,46.22625,22.275,4,3,2023-02-28
441,77.94125,33.6925,8,3,2023-02-28
442,43.595,28.6925,6,3,2023-02-28
443,63.80625,35.65,3,3,2023-02-28
444,82.795,46.9325,1,3,2023-02-28
445,58.97125,30.4,37,3,2023-02-28
446,59.77125,29.715,37,3,2023-03-01
447,80.1525,42.59,1,3,2023-03-01
448,63.03125,34.84,3,3,2023-03-01
449,49.9575,28.7275,6,3,2023-03-01
450,53.66875,24.88,9,3,2023-03-01
451,50.13125,23.6425,4,3,2023-03-01
452,72.475,40.435,7,3,2023-03-01
453,72.87125,32.9,8,3,2023-03-01
454,111.6475,57.2775,2,3,2023-03-01
455,65.7025,31.065,37,3,2023-03-02
456,94.63375,52.2425,1,3,2023-03-02
457,67.28625,35.7325,3,3,2023-03-02
458,54.0025,35.2575,6,3,2023-03-02
459,57.82,27.23,4,3,2023-03-02
460,79.19875,45.4375,7,3,2023-03-02
461,56.68875,24.8525,9,3,2023-03-02
462,149.25,72.655,2,3,2023-03-02
463,79.84375,37.78,8,3,2023-03-02
464,75.21,42.7075,1,3,2023-03-03
465,70.87375,36.4725,3,3,2023-03-03
466,32.83875,23.325,6,3,2023-03-03
467,60.2125,29.3325,37,3,2023-03-03
468,45.79125,21.98,4,3,2023-03-03
469,62.91625,34.5125,7,3,2023-03-03
470,48.995,22.315,9,3,2023-03-03
471,95.92125,46.8475,2,3,2023-03-03
472,87.2775,38.235,8,3,2023-03-03
473,94.0675,40.5175,37,3,2023-03-04
474,132.91625,68.5275,1,3,2023-03-04
475,79.95875,43.7475,3,3,2023-03-04
476,56.2925,33.6475,6,3,2023-03-04
477,101.6675,41.245,8,3,2023-03-04
478,102.9875,51.78,7,3,2023-03-04
479,67.75125,30.14,9,3,2023-03-04
480,215.955,100.5275,2,3,2023-03-04
481,82.63,36.0125,4,3,2023-03-04
482,74.80375,41.6025,2,3,2023-03-05
483,46.01,23.5275,37,3,2023-03-06
484,60.57625,35.6225,1,3,2023-03-06
485,52.5175,28.3675,3,3,2023-03-06
486,31.6975,21.0175,6,3,2023-03-06
487,39.52125,17.89,4,3,2023-03-06
488,48.8375,28.6475,7,3,2023-03-06
489,40.995,19.64,9,3,2023-03-06
490,88.91,46.2075,2,3,2023-03-06
491,58.71875,26.85,8,3,2023-03-06
492,59.73875,29.84,37,3,2023-03-07
493,82.6025,47.2825,1,3,2023-03-07
494,64.37875,35.6925,3,3,2023-03-07
495,47.475,30.515,6,3,2023-03-07
496,122.475,61.7,2,3,2023-03-07
497,48.5475,22.7725,4,3,2023-03-07
498,76.12625,39.725,7,3,2023-03-07
499,51.70625,23.4575,9,3,2023-03-07
500,75.8775,32.705,8,3,2023-03-07
501,61.345,29.1825,37,3,2023-03-08
502,84.805,45.7775,1,3,2023-03-08
503,64.7825,33.935,3,3,2023-03-08
504,54.3325,31.645,6,3,2023-03-08
505,52.54875,23.675,4,3,2023-03-08
506,118.30375,60.3625,2,3,2023-03-08
507,75.5375,34.1875,8,3,2023-03-08
508,72.87125,39.4225,7,3,2023-03-08
509,58.6,26.27,9,3,2023-03-08
510,96.0525,53.4725,1,3,2023-03-09
511,70.96375,37.38,3,3,2023-03-09
512,53.95625,34.33,6,3,2023-03-09
513,67.97,32.6775,37,3,2023-03-09
514,61.7925,28.135,4,3,2023-03-09
515,82.3675,46.32,7,3,2023-03-09
516,59.0725,26.085,9,3,2023-03-09
517,157.98,74.4025,2,3,2023-03-09
518,81.9625,37.715,8,3,2023-03-09
519,59.24875,29.165,37,3,2023-03-10
520,77.73875,43.505,1,3,2023-03-10
521,69.74875,36.485,3,3,2023-03-10
522,33.87875,23.6975,6,3,2023-03-10
523,92.24,38.85,8,3,2023-03-10
524,65.3175,35.73,7,3,2023-03-10
525,102.48125,48.8425,2,3,2023-03-10
526,45.4675,22.06,4,3,2023-03-10
527,51.115,22.145,9,3,2023-03-10
528,101.05125,42.555,37,3,2023-03-11
529,56.96875,34.015,6,3,2023-03-11
530,138.18875,71.545,1,3,2023-03-11
531,80.1625,43.4275,3,3,2023-03-11
532,105.11375,42.975,8,3,2023-03-11
533,107.5225,53.8325,7,3,2023-03-11
534,229.42,103.1575,2,3,2023-03-11
535,95.32375,41.2175,4,3,2023-03-11
536,68.5175,29.89,9,3,2023-03-11
537,77.10125,42.1475,2,3,2023-03-12
538,59.38625,35.18,1,3,2023-03-13
539,50.34375,25.535,3,3,2023-03-13
540,31.265,20.3325,6,3,2023-03-13
541,41.5425,18.7125,9,3,2023-03-13
542,38.905,18.56,4,3,2023-03-13
543,50.04625,29.755,7,3,2023-03-13
544,91.49375,46.415,2,3,2023-03-13
545,47.4,23.015,37,3,2023-03-13
546,57.78875,26.1625,8,3,2023-03-13
547,63.46,35.68,3,3,2023-03-14
548,57.58875,28.3875,37,3,2023-03-14
549,82.485,46.2025,1,3,2023-03-14
550,44.33,28.1375,6,3,2023-03-14
551,79.95375,34.47,8,3,2023-03-14
552,50.49625,23.9725,4,3,2023-03-14
553,73.15125,38.9225,7,3,2023-03-14
554,54.74,23.92,9,3,2023-03-14
555,133.74375,66.3375,2,3,2023-03-14
556,67.76375,32.375,37,3,2023-03-15
557,67.5625,36.4625,3,3,2023-03-15
558,65.625,38.495,6,3,2023-03-15
559,89.505,47.2375,1,3,2023-03-15
560,55.47875,26.835,4,3,2023-03-15
561,80.7825,43.815,7,3,2023-03-15
562,58.63875,26.5175,9,3,2023-03-15
563,124.9225,64.1775,2,3,2023-03-15
564,78.71625,35.2775,8,3,2023-03-15
565,69.16625,31.885,37,3,2023-03-16
566,160.2175,77.6325,2,3,2023-03-16
567,59.94875,26.0225,9,3,2023-03-16
568,82.93,46.245,7,3,2023-03-16
569,63.90125,28.62,4,3,2023-03-16
570,84.46375,38.195,8,3,2023-03-16
571,55.11375,37.4025,6,3,2023-03-16
572,73.07875,39.995,3,3,2023-03-16
573,99.72125,54.6975,1,3,2023-03-16
574,70.3275,36.97,3,3,2023-03-17
575,62.9425,29.7725,37,3,2023-03-17
576,76.9375,43.0125,1,3,2023-03-17
577,33.51,23.1025,6,3,2023-03-17
578,86.87375,38.0025,8,3,2023-03-17
579,47.58375,23.9525,4,3,2023-03-17
580,64.645,36.4925,7,3,2023-03-17
581,50.1225,23.265,9,3,2023-03-17
582,101.84625,48.66,2,3,2023-03-17
583,98.6875,40.38,37,3,2023-03-18
584,146.1325,75.245,1,3,2023-03-18
585,78.045,43.9,3,3,2023-03-18
586,55.01125,33.465,6,3,2023-03-18
587,96.55,40.955,4,3,2023-03-18
588,107.66375,54.01,7,3,2023-03-18
589,69.55875,29.4575,9,3,2023-03-18
590,234.0025,103.5125,2,3,2023-03-18
591,104.3825,42.9125,8,3,2023-03-18
592,79.00625,42.215,2,3,2023-03-19
593,47.95375,22.065,37,3,2023-03-20
594,61.59875,35.8225,1,3,2023-03-20
595,52.2975,29.0,3,3,2023-03-20
596,33.425,22.9225,6,3,2023-03-20
597,41.76125,19.6075,4,3,2023-03-20
598,53.8825,31.9725,7,3,2023-03-20
599,42.675,19.505,9,3,2023-03-20
600,92.46625,45.955,2,3,2023-03-20
601,61.78875,28.425,8,3,2023-03-20
602,82.1425,46.29,1,3,2023-03-21
603,58.7425,29.2175,37,3,2023-03-21
604,62.7625,33.8825,3,3,2023-03-21
605,45.47875,28.9425,6,3,2023-03-21
606,77.6875,34.0675,8,3,2023-03-21
607,46.79,23.9275,4,3,2023-03-21
608,66.48125,35.7375,7,3,2023-03-21
609,54.50625,25.3125,9,3,2023-03-21
610,124.5425,64.0525,2,3,2023-03-21
611,90.7825,47.17,1,3,2023-03-22
612,73.44625,39.7475,3,3,2023-03-22
613,68.43125,41.3825,6,3,2023-03-22
614,71.205,32.7225,37,3,2023-03-22
615,58.80375,28.2225,4,3,2023-03-22
616,78.17625,42.67,7,3,2023-03-22
617,57.81375,25.84,9,3,2023-03-22
618,131.46,63.6925,2,3,2023-03-22
619,81.9325,36.5925,8,3,2023-03-22
620,77.565,40.9375,3,3,2023-03-23
621,71.06,34.0875,37,3,2023-03-23
622,99.2425,52.7925,1,3,2023-03-23
623,56.1825,39.06,6,3,2023-03-23
624,85.69375,37.57,8,3,2023-03-23
625,63.1675,29.01,4,3,2023-03-23
626,82.2375,45.6775,7,3,2023-03-23
627,61.3675,27.4675,9,3,2023-03-23
628,158.74,74.265,2,3,2023-03-23
629,76.1,43.55,1,3,2023-03-24
630,69.83375,37.5,3,3,2023-03-24
631,33.42,23.5375,6,3,2023-03-24
632,64.21125,32.465,37,3,2023-03-24
633,46.78875,22.84,4,3,2023-03-24
634,63.10625,36.34,7,3,2023-03-24
635,51.6975,23.1175,9,3,2023-03-24
636,101.10625,46.985,2,3,2023-03-24
637,92.47125,40.0925,8,3,2023-03-24
638,98.595,43.7075,37,3,2023-03-25
639,140.82625,73.4,1,3,2023-03-25
640,87.44875,46.925,3,3,2023-03-25
641,56.95625,35.3,6,3,2023-03-25
642,106.06625,44.7225,8,3,2023-03-25
643,110.4225,57.18,7,3,2023-03-25
644,76.62625,31.8525,9,3,2023-03-25
645,231.4325,103.7325,2,3,2023-03-25
646,109.25375,46.02,4,3,2023-03-25
647,78.085,42.81,2,3,2023-03-26
648,49.76,24.9875,37,3,2023-03-27
649,62.8125,36.56,1,3,2023-03-27
650,32.91875,23.415,6,3,2023-03-27
651,52.3575,29.3975,3,3,2023-03-27
652,41.3225,18.8,4,3,2023-03-27
653,53.45125,33.14,7,3,2023-03-27
654,45.325,20.365,9,3,2023-03-27
655,99.92,49.11,2,3,2023-03-27
656,63.6325,29.27,8,3,2023-03-27
657,59.4725,30.6175,37,3,2023-03-28
658,119.28,59.9525,2,3,2023-03-28
659,57.88625,27.0825,9,3,2023-03-28
660,73.37625,39.245,7,3,2023-03-28
661,52.2375,24.58,4,3,2023-03-28
662,78.7425,35.015,8,3,2023-03-28
663,44.23625,30.365,6,3,2023-03-28
664,67.98375,36.4775,3,3,2023-03-28
665,83.32625,46.7525,1,3,2023-03-28
666,74.8625,40.94,3,3,2023-03-29
667,70.52625,32.85,37,3,2023-03-29
668,91.6475,49.0375,1,3,2023-03-29
669,80.68125,47.3825,6,3,2023-03-29
670,81.705,36.6425,8,3,2023-03-29
671,60.72375,28.415,4,3,2023-03-29
672,80.08625,44.35,7,3,2023-03-29
673,59.25625,26.0175,9,3,2023-03-29
674,137.045,64.0475,2,3,2023-03-29
675,65.55875,32.2075,37,4,2023-04-13
676,92.1325,49.39,1,4,2023-04-13
677,69.22,37.6475,3,4,2023-04-13
678,56.14625,38.5825,6,4,2023-04-13
679,58.6225,25.945,4,4,2023-04-13
680,143.68125,69.1275,2,4,2023-04-13
681,73.74875,34.7625,8,4,2023-04-13
682,72.0125,39.3,7,4,2023-04-13
683,57.12,26.8575,9,4,2023-04-13
684,74.20125,40.38,1,4,2023-04-14
685,70.8375,39.67,3,4,2023-04-14
686,33.305,22.355,6,4,2023-04-14
687,58.32,30.12,37,4,2023-04-14
688,47.61,22.26,4,4,2023-04-14
689,72.7025,37.8975,7,4,2023-04-14
690,50.42375,23.885,9,4,2023-04-14
691,92.52125,45.485,2,4,2023-04-14
692,89.07375,39.3,8,4,2023-04-14
693,80.99125,40.9225,37,4,2023-04-15
694,126.3875,65.6475,1,4,2023-04-15
695,84.6025,44.6375,3,4,2023-04-15
696,58.31375,36.7325,6,4,2023-04-15
697,90.23875,42.8475,8,4,2023-04-15
698,99.54125,51.765,7,4,2023-04-15
699,170.06375,80.3475,2,4,2023-04-15
700,90.91875,41.41,4,4,2023-04-15
701,73.4475,32.2975,9,4,2023-04-15
702,80.91125,43.8225,2,4,2023-04-16
703,46.60625,24.2775,37,4,2023-04-17
704,84.235,42.1525,2,4,2023-04-17
705,42.945,20.0775,9,4,2023-04-17
706,51.5875,30.2075,7,4,2023-04-17
707,42.5975,19.7875,4,4,2023-04-17
708,55.0475,26.7975,8,4,2023-04-17
709,33.50375,21.8775,6,4,2023-04-17
710,50.2925,27.935,3,4,2023-04-17
711,61.34875,34.18,1,4,2023-04-17
712,85.23125,47.7,1,4,2023-04-18
713,59.6425,33.3475,3,4,2023-04-18
714,41.63,27.32,6,4,2023-04-18
715,48.235,24.2175,9,4,2023-04-18
716,49.65875,26.4,4,4,2023-04-18
717,69.045,38.8975,7,4,2023-04-18
718,105.505,54.61,2,4,2023-04-18
719,61.44625,31.6625,37,4,2023-04-18
720,76.715,35.2,8,4,2023-04-18
721,72.76375,40.6725,3,4,2023-04-19
722,66.945,33.065,37,4,2023-04-19
723,98.07125,54.7375,1,4,2023-04-19
724,75.56,44.11,6,4,2023-04-19
725,80.52875,39.1875,8,4,2023-04-19
726,57.91,27.2125,4,4,2023-04-19
727,76.17625,41.66,7,4,2023-04-19
728,56.91875,27.3625,9,4,2023-04-19
729,113.30625,57.525,2,4,2023-04-19
730,100.155,52.765,1,4,2023-04-20
731,73.465,39.615,3,4,2023-04-20
732,56.2275,38.215,6,4,2023-04-20
733,66.0675,32.615,37,4,2023-04-20
734,63.1575,27.87,4,4,2023-04-20
735,76.255,40.73,7,4,2023-04-20
736,57.8725,27.1,9,4,2023-04-20
737,151.80375,73.515,2,4,2023-04-20
738,81.0375,37.99,8,4,2023-04-20
739,55.6175,29.835,37,4,2023-04-21
740,81.93375,45.5425,1,4,2023-04-21
741,69.99375,39.865,3,4,2023-04-21
742,35.84,24.0175,6,4,2023-04-21
743,94.47625,42.3325,8,4,2023-04-21
744,73.92125,39.7975,7,4,2023-04-21
745,51.1225,24.375,9,4,2023-04-21
746,97.2075,50.31,2,4,2023-04-21
747,55.63125,26.06,4,4,2023-04-21
748,132.62625,70.8525,1,4,2023-04-22
749,80.50875,44.5525,3,4,2023-04-22
750,90.60125,44.295,37,4,2023-04-22
751,59.14625,34.895,6,4,2023-04-22
752,90.6275,40.9675,4,4,2023-04-22
753,188.4525,89.19,2,4,2023-04-22
754,93.395,41.8125,8,4,2023-04-22
755,98.31625,52.33,7,4,2023-04-22
756,70.50875,33.03,9,4,2023-04-22
757,83.2325,43.9125,2,4,2023-04-23
758,49.74625,25.545,37,4,2023-04-24
759,65.505,34.03,1,4,2023-04-24
760,50.51875,26.675,3,4,2023-04-24
761,34.2225,22.0775,6,4,2023-04-24
762,59.73,26.735,8,4,2023-04-24
763,57.11,32.7125,7,4,2023-04-24
764,85.4,41.3975,2,4,2023-04-24
765,43.88,20.1275,4,4,2023-04-24
766,42.925,19.9375,9,4,2023-04-24
767,61.94375,31.55,37,4,2023-04-25
768,44.93625,28.9675,6,4,2023-04-25
769,88.8575,48.165,1,4,2023-04-25
770,68.74875,36.9625,3,4,2023-04-25
771,81.9525,36.89,8,4,2023-04-25
772,67.505,36.0525,7,4,2023-04-25
773,55.02625,25.1875,9,4,2023-04-25
774,117.25,60.655,2,4,2023-04-25
775,54.98875,25.9725,4,4,2023-04-25
776,68.2975,35.36,37,4,2023-04-26
777,96.7525,52.8925,1,4,2023-04-26
778,71.46625,39.62,3,4,2023-04-26
779,75.26125,43.7075,6,4,2023-04-26
780,60.3925,27.3,4,4,2023-04-26
781,76.70625,42.15,7,4,2023-04-26
782,58.92,26.8425,9,4,2023-04-26
783,115.1925,58.9,2,4,2023-04-26
784,83.1775,39.24,8,4,2023-04-26
785,70.65125,34.4875,37,4,2023-04-27
786,97.6975,52.21,1,4,2023-04-27
787,81.6125,45.29,3,4,2023-04-27
788,56.22125,39.53,6,4,2023-04-27
789,152.6875,74.7875,2,4,2023-04-27
790,66.79625,30.73,4,4,2023-04-27
791,77.07,43.1525,7,4,2023-04-27
792,58.32,25.9125,9,4,2023-04-27
793,77.72375,37.7075,8,4,2023-04-27
794,82.12375,45.0825,1,4,2023-04-28
795,77.06625,43.8,3,4,2023-04-28
796,61.7325,32.4775,37,4,2023-04-28
797,35.37625,24.1725,6,4,2023-04-28
798,74.3675,41.515,7,4,2023-04-28
799,53.9475,24.62,4,4,2023-04-28
800,54.1475,25.36,9,4,2023-04-28
801,90.35,46.86,2,4,2023-04-28
802,100.22875,45.4825,8,4,2023-04-28
803,99.18,48.9025,37,4,2023-04-29
804,144.52875,77.95,1,4,2023-04-29
805,86.035,46.6825,3,4,2023-04-29
806,60.4275,35.7475,6,4,2023-04-29
807,100.10625,45.7625,8,4,2023-04-29
808,98.365,44.9725,4,4,2023-04-29
809,103.5375,53.7125,7,4,2023-04-29
810,77.395,33.965,9,4,2023-04-29
811,192.58875,94.8875,2,4,2023-04-29
812,78.14375,42.82,2,4,2023-04-30
813,60.4725,32.0425,37,4,2023-05-02
814,84.065,45.8775,1,4,2023-05-02
815,67.8475,39.155,3,4,2023-05-02
816,43.12625,28.6675,6,4,2023-05-02
817,83.7725,36.495,8,4,2023-05-02
818,67.79875,36.4975,7,4,2023-05-02
819,53.0425,24.17,9,4,2023-05-02
820,115.76125,59.01,2,4,2023-05-02
821,54.46625,25.61,4,4,2023-05-02
822,96.6,51.9325,1,4,2023-05-04
823,76.66875,40.47,3,4,2023-05-04
824,55.4475,34.0825,6,4,2023-05-04
825,71.585,35.1725,37,4,2023-05-04
826,62.72125,29.78,4,4,2023-05-04
827,73.865,38.595,7,4,2023-05-04
828,56.06375,26.5325,9,4,2023-05-04
829,147.9375,72.4725,2,4,2023-05-04
830,73.89375,33.6775,8,4,2023-05-04
831,63.12875,33.3525,37,4,2023-05-05
832,87.2,48.025,1,4,2023-05-05
833,77.9725,44.895,3,4,2023-05-05
834,38.43,24.8675,6,4,2023-05-05
835,101.2125,48.35,8,4,2023-05-05
836,65.86375,36.915,7,4,2023-05-05
837,98.0975,50.3925,2,4,2023-05-05
838,55.24875,24.7875,4,4,2023-05-05
839,54.08375,24.755,9,4,2023-05-05
840,95.78125,46.4525,37,4,2023-05-06
841,59.17,34.8625,6,4,2023-05-06
842,136.36125,71.4375,1,4,2023-05-06
843,83.0075,45.4825,3,4,2023-05-06
844,97.1325,44.3075,8,4,2023-05-06
845,101.4475,52.005,7,4,2023-05-06
846,70.01125,30.91,9,4,2023-05-06
847,182.9675,87.665,2,4,2023-05-06
848,103.705,47.3675,4,4,2023-05-06
849,72.26875,39.6425,2,4,2023-05-07
850,48.15125,25.4925,37,4,2023-05-08
851,60.13375,33.3325,1,4,2023-05-08
852,52.1975,28.155,3,4,2023-05-08
853,33.24375,21.55,6,4,2023-05-08
854,56.52,27.2125,8,4,2023-05-08
855,51.1925,28.475,7,4,2023-05-08
856,41.19375,19.31,9,4,2023-05-08
857,76.57125,39.4425,2,4,2023-05-08
858,45.6525,21.825,4,4,2023-05-08
859,89.9325,47.9575,1,4,2023-05-09
860,67.855,38.015,3,4,2023-05-09
861,45.8,28.1125,6,4,2023-05-09
862,59.86,30.475,37,4,2023-05-09
863,59.00375,26.38,4,4,2023-05-09
864,118.38125,57.225,2,4,2023-05-09
865,84.0075,35.6975,8,4,2023-05-09
866,69.87375,37.6375,7,4,2023-05-09
867,53.655,23.6475,9,4,2023-05-09
868,62.69625,30.41,37,4,2023-05-10
869,84.5325,44.715,1,4,2023-05-10
870,67.87,35.4275,3,4,2023-05-10
871,71.205,39.4175,6,4,2023-05-10
872,59.51125,27.27,4,4,2023-05-10
873,71.11,37.7625,7,4,2023-05-10
874,55.5225,25.6075,9,4,2023-05-10
875,95.70125,47.5075,2,4,2023-05-10
876,76.24625,35.4275,8,4,2023-05-10
877,73.69375,36.6225,37,4,2023-05-11
878,102.785,56.0675,1,4,2023-05-11
879,81.02125,43.3575,3,4,2023-05-11
880,56.575,38.1525,6,4,2023-05-11
881,159.75625,76.5825,2,4,2023-05-11
882,71.6475,32.6225,4,4,2023-05-11
883,78.67625,42.705,7,4,2023-05-11
884,59.1925,27.365,9,4,2023-05-11
885,82.95875,37.205,8,4,2023-05-11
886,67.8975,35.3725,37,4,2023-05-12
887,88.1675,46.9975,1,4,2023-05-12
888,80.715,45.685,3,4,2023-05-12
889,39.5775,25.3075,6,4,2023-05-12
890,56.98125,25.925,4,4,2023-05-12
891,101.8,49.5975,2,4,2023-05-12
892,112.3,48.1025,8,4,2023-05-12
893,71.56125,40.7225,7,4,2023-05-12
894,56.66625,24.6075,9,4,2023-05-12
895,102.8835,44.109,37,5,2023-05-27
896,153.661,79.927,1,5,2023-05-27
897,90.951,50.892,3,5,2023-05-27
898,64.5275,38.472,6,5,2023-05-27
899,106.3505,44.424,4,5,2023-05-27
900,244.109,106.128,2,5,2023-05-27
901,105.7535,42.45,8,5,2023-05-27
902,113.3165,54.858,7,5,2023-05-27
903,76.399,32.094,9,5,2023-05-27
904,76.3905,40.982,2,5,2023-05-28
905,49.166,23.36,37,5,2023-05-29
906,71.8935,39.25,1,5,2023-05-29
907,55.006,31.893,3,5,2023-05-29
908,33.9825,23.328,6,5,2023-05-29
909,94.9845,45.576,2,5,2023-05-29
910,47.147,20.133,4,5,2023-05-29
911,56.141,31.835,7,5,2023-05-29
912,45.5995,19.929,9,5,2023-05-29
913,62.677,26.59,8,5,2023-05-29
914,65.3935,30.835,37,5,2023-05-30
915,91.9325,48.779,1,5,2023-05-30
916,76.709,40.137,3,5,2023-05-30
917,47.7265,30.284,6,5,2023-05-30
918,58.6105,26.445,4,5,2023-05-30
919,130.5595,62.241,2,5,2023-05-30
920,97.4045,40.246,8,5,2023-05-30
921,80.8955,42.66,7,5,2023-05-30
922,53.792,24.863,9,5,2023-05-30
923,97.179,51.581,1,5,2023-05-31
924,77.315,40.988,3,5,2023-05-31
925,93.045,52.579,6,5,2023-05-31
926,73.945,34.295,37,5,2023-05-31
927,62.5265,27.05,4,5,2023-05-31
928,76.284,38.762,7,5,2023-05-31
929,58.9535,26.535,9,5,2023-05-31
930,138.483,66.692,2,5,2023-05-31
931,81.917,36.049,8,5,2023-05-31
932,70.036,31.678,37,5,2023-06-01
933,102.62,55.894,1,5,2023-06-01
934,83.3975,43.758,3,5,2023-06-01
935,58.2505,39.689,6,5,2023-06-01
936,88.6005,38.088,8,5,2023-06-01
937,83.231,44.816,7,5,2023-06-01
938,179.91,87.413,2,5,2023-06-01
939,70.543,32.189,4,5,2023-06-01
940,63.2605,27.311,9,5,2023-06-01
941,67.738,30.373,37,5,2023-06-02
942,34.0115,23.546,6,5,2023-06-02
943,79.4025,43.533,1,5,2023-06-02
944,85.0435,48.527,3,5,2023-06-02
945,120.033,51.658,8,5,2023-06-02
946,65.535,36.292,7,5,2023-06-02
947,104.946,47.985,2,5,2023-06-02
948,56.6895,23.95,4,5,2023-06-02
949,60.1265,25.577,9,5,2023-06-02
950,244.486,104.76,2,5,2023-06-03
951,80.742,32.973,9,5,2023-06-03
952,110.128,55.864,7,5,2023-06-03
953,103.5325,40.325,4,5,2023-06-03
954,103.524,41.205,8,5,2023-06-03
955,61.186,37.798,6,5,2023-06-03
956,89.593,45.171,3,5,2023-06-03
957,147.0325,75.141,1,5,2023-06-03
958,102.149,42.623,37,5,2023-06-03
959,72.262,38.912,2,5,2023-06-04
960,54.949,30.23,3,5,2023-06-05
961,51.387,24.298,37,5,2023-06-05
962,70.217,37.076,1,5,2023-06-05
963,34.1865,23.372,6,5,2023-06-05
964,47.318,20.739,4,5,2023-06-05
965,56.9665,32.87,7,5,2023-06-05
966,44.914,18.964,9,5,2023-06-05
967,104.8005,49.943,2,5,2023-06-05
968,66.09,27.984,8,5,2023-06-05
969,67.1525,31.626,37,5,2023-06-06
970,85.859,44.64,1,5,2023-06-06
971,46.5435,30.834,6,5,2023-06-06
972,72.2045,37.478,3,5,2023-06-06
973,58.1695,25.531,4,5,2023-06-06
974,78.4395,40.529,7,5,2023-06-06
975,52.2985,23.347,9,5,2023-06-06
976,126.1835,60.966,2,5,2023-06-06
977,98.1495,39.483,8,5,2023-06-06
978,75.17,34.966,37,5,2023-06-07
979,134.45,63.729,2,5,2023-06-07
980,59.9325,26.89,9,5,2023-06-07
981,80.6005,42.101,7,5,2023-06-07
982,65.423,30.023,4,5,2023-06-07
983,82.867,36.076,8,5,2023-06-07
984,92.396,52.369,6,5,2023-06-07
985,78.421,41.946,3,5,2023-06-07
986,94.7645,49.909,1,5,2023-06-07
987,103.8035,48.262,2,5,2023-06-09
988,56.962,24.29,9,5,2023-06-09
989,68.294,35.899,7,5,2023-06-09
990,55.029,23.804,4,5,2023-06-09
991,117.819,50.716,8,5,2023-06-09
992,34.506,22.987,6,5,2023-06-09
993,80.608,42.42,3,5,2023-06-09
994,78.586,41.414,1,5,2023-06-09
995,69.551,32.882,37,5,2023-06-09
996,76.772,30.822,9,5,2023-06-10
997,100.6395,41.511,37,5,2023-06-10
998,136.4135,69.193,1,5,2023-06-10
999,88.865,43.329,3,5,2023-06-10
1000,222.5425,98.62,2,5,2023-06-10
1001,100.392,38.897,8,5,2023-06-10
1002,102.0375,42.139,4,5,2023-06-10
1003,104.574,51.201,7,5,2023-06-10
1004,62.4375,37.907,6,5,2023-06-10
1005,75.206,40.243,2,5,2023-06-11
1006,68.218,35.51,1,5,2023-06-12
1007,54.895,28.507,3,5,2023-06-12
1008,34.8035,23.652,6,5,2023-06-12
1009,51.674,24.613,37,5,2023-06-12
1010,49.8905,21.511,4,5,2023-06-12
1011,56.208,30.523,7,5,2023-06-12
1012,43.531,18.698,9,5,2023-06-12
1013,98.4775,46.308,2,5,2023-06-12
1014,63.8155,26.739,8,5,2023-06-12
1015,70.124,33.718,37,5,2023-06-13
1016,82.317,42.424,1,5,2023-06-13
1017,72.084,37.284,3,5,2023-06-13
1018,47.869,29.727,6,5,2023-06-13
1019,94.6815,38.42,8,5,2023-06-13
1020,77.2495,39.305,7,5,2023-06-13
1021,52.769,23.646,9,5,2023-06-13
1022,120.409,59.917,2,5,2023-06-13
1023,56.4465,24.649,4,5,2023-06-13
1024,94.578,49.748,1,5,2023-06-14
1025,76.6715,41.616,3,5,2023-06-14
1026,84.2325,47.965,6,5,2023-06-14
1027,73.5075,34.399,37,5,2023-06-14
1028,68.905,30.019,4,5,2023-06-14
1029,138.389,66.168,2,5,2023-06-14
1030,83.6595,36.518,8,5,2023-06-14
1031,80.3035,40.896,7,5,2023-06-14
1032,58.272,26.236,9,5,2023-06-14
1033,156.36,75.061,2,5,2023-06-15
1034,58.7755,26.549,9,5,2023-06-15
1035,80.308,42.685,7,5,2023-06-15
1036,64.2335,27.47,4,5,2023-06-15
1037,83.3455,37.083,8,5,2023-06-15
1038,58.4595,40.792,6,5,2023-06-15
1039,76.0595,40.17,3,5,2023-06-15
1040,95.186,49.975,1,5,2023-06-15
1041,72.06,32.635,37,5,2023-06-15
1042,71.264,33.489,37,5,2023-06-16
1043,78.136,41.256,1,5,2023-06-16
1044,81.117,42.105,3,5,2023-06-16
1045,35.0805,23.709,6,5,2023-06-16
1046,57.14,24.331,9,5,2023-06-16
1047,62.0045,25.822,4,5,2023-06-16
1048,69.3825,36.629,7,5,2023-06-16
1049,118.5865,55.111,2,5,2023-06-16
1050,113.115,47.846,8,5,2023-06-16
1051,85.4415,41.464,3,5,2023-06-17
1052,100.8565,41.079,37,5,2023-06-17
1053,128.76,65.723,1,5,2023-06-17
1054,95.941,38.634,8,5,2023-06-17
1055,60.004,36.929,6,5,2023-06-17
1056,103.5985,40.217,4,5,2023-06-17
1057,103.5275,48.525,7,5,2023-06-17
1058,75.978,31.199,9,5,2023-06-17
1059,225.97,99.704,2,5,2023-06-17
1060,77.04,41.227,2,5,2023-06-18
1061,51.3715,24.413,37,5,2023-06-19
1062,66.789,33.428,1,5,2023-06-19
1063,53.3895,27.971,3,5,2023-06-19
1064,35.126,23.348,6,5,2023-06-19
1065,62.281,26.473,8,5,2023-06-19
1066,56.2535,30.331,7,5,2023-06-19
1067,42.908,18.38,9,5,2023-06-19
1068,103.887,50.671,2,5,2023-06-19
1069,49.6585,21.171,4,5,2023-06-19
1070,65.214,30.638,37,5,2023-06-20
1071,78.4745,39.515,1,5,2023-06-20
1072,68.311,35.131,3,5,2023-06-20
1073,48.0665,30.658,6,5,2023-06-20
1074,57.6485,25.92,4,5,2023-06-20
1075,126.438,60.515,2,5,2023-06-20
1076,92.34,35.868,8,5,2023-06-20
1077,77.579,40.514,7,5,2023-06-20
1078,51.3485,22.628,9,5,2023-06-20
1079,95.452,50.653,1,5,2023-06-21
1080,75.149,39.23,3,5,2023-06-21
1081,82.5,48.354,6,5,2023-06-21
1082,69.9285,31.975,37,5,2023-06-21
1083,68.2365,30.07,4,5,2023-06-21
1084,81.4275,42.702,7,5,2023-06-21
1085,57.794,25.102,9,5,2023-06-21
1086,141.822,68.029,2,5,2023-06-21
1087,81.7625,35.764,8,5,2023-06-21
1088,70.0165,31.599,37,5,2023-06-22
1089,91.188,46.176,1,5,2023-06-22
1090,71.568,37.53,3,5,2023-06-22
1091,56.154,38.579,6,5,2023-06-22
1092,82.026,37.259,8,5,2023-06-22
1093,82.2375,43.851,7,5,2023-06-22
1094,160.014,79.754,2,5,2023-06-22
1095,66.9265,28.904,4,5,2023-06-22
1096,56.749,26.3,9,5,2023-06-22
1097,73.2645,33.928,37,5,2023-06-23
1098,34.4035,22.182,6,5,2023-06-23
1099,78.865,40.476,1,5,2023-06-23
1100,80.1155,40.825,3,5,2023-06-23
1101,104.54,43.059,8,5,2023-06-23
1102,72.899,39.063,7,5,2023-06-23
1103,55.245,23.152,9,5,2023-06-23
1104,108.925,50.138,2,5,2023-06-23
1105,57.56,24.392,4,5,2023-06-23
1106,115.0625,56.277,1,5,2023-06-24
1107,84.504,39.761,3,5,2023-06-24
1108,60.482,36.837,6,5,2023-06-24
1109,99.864,40.065,37,5,2023-06-24
1110,106.685,41.54,4,5,2023-06-24
1111,99.254,48.175,7,5,2023-06-24
1112,72.687,29.526,9,5,2023-06-24
1113,234.036,102.175,2,5,2023-06-24
1114,95.3545,38.626,8,5,2023-06-24
1115,79.9615,42.531,2,5,2023-06-25
1116,51.0785,22.792,37,6,2023-07-10
1117,65.6295,33.427,1,6,2023-07-10
1118,54.1975,25.762,3,6,2023-07-10
1119,34.802,23.532,6,6,2023-07-10
1120,42.8055,17.701,9,6,2023-07-10
1121,50.453,22.159,4,6,2023-07-10
1122,50.7435,27.219,7,6,2023-07-10
1123,100.376,47.551,2,6,2023-07-10
1124,63.2865,26.22,8,6,2023-07-10
1125,66.1415,33.612,3,6,2023-07-11
1126,63.2955,27.495,37,6,2023-07-11
1127,84.2255,42.911,1,6,2023-07-11
1128,47.6415,30.036,6,6,2023-07-11
1129,62.9825,26.778,4,6,2023-07-11
1130,93.7075,34.253,8,6,2023-07-11
1131,73.1355,35.924,7,6,2023-07-11
1132,51.416,21.98,9,6,2023-07-11
1133,119.537,57.701,2,6,2023-07-11
1134,89.892,45.803,1,6,2023-07-12
1135,71.7195,34.748,3,6,2023-07-12
1136,84.483,48.11,6,6,2023-07-12
1137,68.236,28.72,37,6,2023-07-12
1138,67.715,28.245,4,6,2023-07-12
1139,74.856,38.415,7,6,2023-07-12
1140,56.035,24.263,9,6,2023-07-12
1141,129.185,60.824,2,6,2023-07-12
1142,80.935,34.369,8,6,2023-07-12
1143,73.462,31.826,37,6,2023-07-13
1144,94.9735,47.705,1,6,2023-07-13
1145,72.894,36.643,3,6,2023-07-13
1146,59.1695,39.437,6,6,2023-07-13
1147,86.9635,36.797,8,6,2023-07-13
1148,82.8955,42.494,7,6,2023-07-13
1149,60.282,24.94,9,6,2023-07-13
1150,169.053,77.465,2,6,2023-07-13
1151,68.369,29.384,4,6,2023-07-13
1152,80.724,39.928,3,6,2023-07-14
1153,69.6395,31.484,37,6,2023-07-14
1154,78.6195,40.116,1,6,2023-07-14
1155,38.1935,24.313,6,6,2023-07-14
1156,107.3825,41.708,8,6,2023-07-14
1157,59.557,24.691,4,6,2023-07-14
1158,70.177,37.249,7,6,2023-07-14
1159,56.3925,22.606,9,6,2023-07-14
1160,106.4905,47.011,2,6,2023-07-14
1161,116.5675,56.292,1,6,2023-07-15
1162,81.6505,39.87,3,6,2023-07-15
1163,61.7445,34.915,6,6,2023-07-15
1164,93.5805,37.753,37,6,2023-07-15
1165,109.542,43.047,4,6,2023-07-15
1166,101.2025,47.698,7,6,2023-07-15
1167,71.026,29.561,9,6,2023-07-15
1168,238.751,99.088,2,6,2023-07-15
1169,99.5635,36.497,8,6,2023-07-15
1170,77.479,40.072,2,6,2023-07-16
1171,50.0475,21.374,37,6,2023-07-17
1172,67.31,33.871,1,6,2023-07-17
1173,53.3405,25.782,3,6,2023-07-17
1174,63.2275,25.972,8,6,2023-07-17
1175,50.1,26.839,7,6,2023-07-17
1176,51.4285,22.475,4,6,2023-07-17
1177,43.0345,18.512,9,6,2023-07-17
1178,101.6015,46.318,2,6,2023-07-17
1179,34.8445,22.429,6,6,2023-07-17
1180,63.197,26.975,37,6,2023-07-18
1181,68.334,35.074,3,6,2023-07-18
1182,48.496,29.368,6,6,2023-07-18
1183,86.1825,44.066,1,6,2023-07-18
1184,62.3245,26.454,4,6,2023-07-18
1185,70.7165,35.15,7,6,2023-07-18
1186,52.325,22.246,9,6,2023-07-18
1187,121.956,57.696,2,6,2023-07-18
1188,92.6485,33.898,8,6,2023-07-18
1189,66.6105,28.073,37,6,2023-07-19
1190,129.696,59.294,2,6,2023-07-19
1191,57.714,24.193,9,6,2023-07-19
1192,75.6875,37.434,7,6,2023-07-19
1193,69.0955,29.814,4,6,2023-07-19
1194,81.475,33.606,8,6,2023-07-19
1195,78.997,44.256,6,6,2023-07-19
1196,72.107,35.401,3,6,2023-07-19
1197,88.921,44.21,1,6,2023-07-19
1198,60.957,37.326,6,6,2023-07-20
1199,96.1945,47.617,1,6,2023-07-20
1200,71.836,35.005,3,6,2023-07-20
1201,74.2475,31.636,37,6,2023-07-20
1202,87.2495,36.398,8,6,2023-07-20
1203,79.5005,40.782,7,6,2023-07-20
1204,167.315,76.657,2,6,2023-07-20
1205,70.257,30.087,4,6,2023-07-20
1206,60.1085,25.448,9,6,2023-07-20
1207,103.567,48.558,2,6,2023-07-21
1208,56.1455,22.476,9,6,2023-07-21
1209,66.8475,35.232,7,6,2023-07-21
1210,63.1685,26.754,4,6,2023-07-21
1211,107.5755,40.753,8,6,2023-07-21
1212,36.887,23.574,6,6,2023-07-21
1213,79.963,40.663,3,6,2023-07-21
1214,81.999,42.532,1,6,2023-07-21
1215,65.9675,28.734,37,6,2023-07-21
1216,95.8385,38.679,37,6,2023-07-22
1217,119.924,59.464,1,6,2023-07-22
1218,82.903,40.26,3,6,2023-07-22
1219,59.713,32.176,6,6,2023-07-22
1220,74.535,31.452,9,6,2023-07-22
1221,104.922,41.741,4,6,2023-07-22
1222,105.246,49.0,7,6,2023-07-22
1223,229.3195,95.999,2,6,2023-07-22
1224,94.1605,35.433,8,6,2023-07-22
1225,78.564,40.055,2,6,2023-07-23
1226,51.6735,23.638,37,6,2023-07-24
1227,68.832,34.705,1,6,2023-07-24
1228,35.335,22.854,6,6,2023-07-24
1229,53.561,27.003,3,6,2023-07-24
1230,53.2115,22.578,4,6,2023-07-24
1231,49.205,26.109,7,6,2023-07-24
1232,41.78,17.651,9,6,2023-07-24
1233,97.405,43.679,2,6,2023-07-24
1234,63.5045,25.943,8,6,2023-07-24
1235,62.7485,26.838,37,6,2023-07-25
1236,118.3085,55.69,2,6,2023-07-25
1237,53.129,22.441,9,6,2023-07-25
1238,68.355,33.066,7,6,2023-07-25
1239,62.536,26.71,4,6,2023-07-25
1240,93.0475,34.138,8,6,2023-07-25
1241,47.4985,28.536,6,6,2023-07-25
1242,69.5605,34.904,3,6,2023-07-25
1243,81.7795,40.249,1,6,2023-07-25
1244,76.4565,42.715,6,6,2023-07-26
1245,92.441,45.541,1,6,2023-07-26
1246,72.7185,36.704,3,6,2023-07-26
1247,70.096,30.022,37,6,2023-07-26
1248,79.9435,33.214,8,6,2023-07-26
1249,72.758,35.462,7,6,2023-07-26
1250,128.532,59.543,2,6,2023-07-26
1251,63.267,26.564,4,6,2023-07-26
1252,59.3045,24.512,9,6,2023-07-26
1253,167.766,76.958,2,6,2023-07-27
1254,61.649,25.401,9,6,2023-07-27
1255,80.626,40.093,7,6,2023-07-27
1256,70.5655,30.157,4,6,2023-07-27
1257,88.025,36.499,8,6,2023-07-27
1258,60.7065,38.363,6,6,2023-07-27
1259,76.198,38.771,3,6,2023-07-27
1260,100.6055,52.293,1,6,2023-07-27
1261,73.4265,31.722,37,6,2023-07-27
1262,55.622,22.386,9,6,2023-07-28
1263,63.101,27.23,37,6,2023-07-28
1264,75.0335,38.519,1,6,2023-07-28
1265,77.065,38.972,3,6,2023-07-28
1266,101.429,46.111,2,6,2023-07-28
1267,105.9745,38.741,8,6,2023-07-28
1268,62.3145,26.058,4,6,2023-07-28
1269,64.5035,31.912,7,6,2023-07-28
1270,38.063,23.404,6,6,2023-07-28
1271,58.7075,32.653,6,6,2023-07-29
1272,119.8555,58.899,1,6,2023-07-29
1273,83.128,41.546,3,6,2023-07-29
1274,96.519,39.066,37,6,2023-07-29
1275,92.947,36.036,8,6,2023-07-29
1276,103.176,46.977,7,6,2023-07-29
1277,73.0025,31.244,9,6,2023-07-29
1278,233.233,98.233,2,6,2023-07-29
1279,103.445,40.045,4,6,2023-07-29
1280,79.477,40.434,2,6,2023-07-30
1281,51.548,22.817,37,6,2023-07-31
1282,68.1565,34.307,1,6,2023-07-31
1283,55.5125,27.151,3,6,2023-07-31
1284,35.21,22.497,6,6,2023-07-31
1285,65.244,26.231,8,6,2023-07-31
1286,50.3125,25.569,7,6,2023-07-31
1287,42.5055,17.916,9,6,2023-07-31
1288,99.117,43.707,2,6,2023-07-31
1289,53.2915,22.524,4,6,2023-07-31
1290,90.014,44.642,1,6,2023-08-01
1291,64.3655,27.361,37,6,2023-08-01
1292,48.6235,27.552,6,6,2023-08-01
1293,73.4595,36.64,3,6,2023-08-01
1294,62.2225,26.634,4,6,2023-08-01
1295,65.973,32.153,7,6,2023-08-01
1296,54.082,23.382,9,6,2023-08-01
1297,123.984,58.457,2,6,2023-08-01
1298,93.9355,34.469,8,6,2023-08-01
1299,94.3035,46.582,1,6,2023-08-02
1300,71.383,34.458,3,6,2023-08-02
1301,81.141,45.421,6,6,2023-08-02
1302,68.1315,29.661,37,6,2023-08-02
1303,66.99,27.866,4,6,2023-08-02
1304,74.3235,36.44,7,6,2023-08-02
1305,59.1475,24.086,9,6,2023-08-02
1306,123.986,56.393,2,6,2023-08-02
1307,81.2445,34.05,8,6,2023-08-02
1308,72.0555,30.898,37,6,2023-08-03
1309,99.1425,50.013,1,6,2023-08-03
1310,76.5585,38.974,3,6,2023-08-03
1311,59.621,37.558,6,6,2023-08-03
1312,86.4715,35.565,8,6,2023-08-03
1313,78.7455,39.22,7,6,2023-08-03
1314,60.321,25.248,9,6,2023-08-03
1315,165.8205,76.009,2,6,2023-08-03
1316,68.6765,29.593,4,6,2023-08-03
1317,61.215,26.011,37,6,2023-08-04
1318,80.702,41.368,1,6,2023-08-04
1319,80.3255,39.552,3,6,2023-08-04
1320,35.5495,23.935,6,6,2023-08-04
1321,103.1885,38.876,8,6,2023-08-04
1322,60.0185,24.864,4,6,2023-08-04
1323,69.824,35.924,7,6,2023-08-04
1324,55.71,22.763,9,6,2023-08-04
1325,99.976,46.129,2,6,2023-08-04
1326,100.393,41.781,37,6,2023-08-05
1327,116.243,57.652,1,6,2023-08-05
1328,91.859,42.664,3,6,2023-08-05
1329,59.844,34.026,6,6,2023-08-05
1330,102.767,39.916,4,6,2023-08-05
1331,100.2815,46.313,7,6,2023-08-05
1332,70.7595,29.676,9,6,2023-08-05
1333,231.7285,98.38,2,6,2023-08-05
1334,94.375,35.772,8,6,2023-08-05
1335,77.73,39.18,2,6,2023-08-06
1336,51.0145,23.389,4,6,2023-08-06
1337,52.2775,23.51,37,6,2023-08-07
1338,67.296,35.487,1,6,2023-08-07
1339,55.676,27.929,3,6,2023-08-07
1340,34.5645,23.143,6,6,2023-08-07
1341,64.746,26.755,8,6,2023-08-07
1342,51.5305,21.71,4,6,2023-08-07
1343,52.8085,26.08,7,6,2023-08-07
1344,42.7915,18.828,9,6,2023-08-07
1345,97.3025,43.407,2,6,2023-08-07
1346,86.475,43.226,1,6,2023-08-08
1347,73.602,36.06,3,6,2023-08-08
1348,46.531,27.612,6,6,2023-08-08
1349,62.142,27.168,37,6,2023-08-08
1350,59.643,25.192,4,6,2023-08-08
1351,69.351,32.485,7,6,2023-08-08
1352,55.0125,23.239,9,6,2023-08-08
1353,119.037,56.748,2,6,2023-08-08
1354,93.3055,34.826,8,6,2023-08-08
1355,69.54210912698413,32.28089484126983,37,7,2023-08-23
1356,80.2986645021645,38.46133243145743,3,7,2023-08-23
1357,77.53998935786431,42.45649512987015,6,7,2023-08-23
1358,92.80818362193364,47.85123917748923,1,7,2023-08-23
1359,67.8535044191919,28.546810606060603,4,7,2023-08-23
1360,76.77931132756133,37.73822168109668,7,7,2023-08-23
1361,55.80732656926408,22.425731782106773,9,7,2023-08-23
1362,133.16133531746033,63.316775793650805,2,7,2023-08-23
1363,85.48890241702742,36.13821356421357,8,7,2023-08-23
1364,71.44245833333335,33.26679761904761,37,7,2023-08-24
1365,169.29633612914859,78.74227182539684,2,7,2023-08-24
1366,62.17594146825399,25.112835317460323,9,7,2023-08-24
1367,83.36404464285715,41.056029761904774,7,7,2023-08-24
1368,74.92516269841268,32.14580158730158,4,7,2023-08-24
1369,90.18354563492065,37.55972023809523,8,7,2023-08-24
1370,59.93266179653681,36.44319408369408,6,7,2023-08-24
1371,84.05371329365079,40.22627976190476,3,7,2023-08-24
1372,98.884560515873,49.47487698412698,1,7,2023-08-24
1373,82.7347113095238,41.51443253968253,3,7,2023-08-25
1374,63.519702380952346,28.754327380952382,37,7,2023-08-25
1375,76.49705163586412,39.75810245310245,1,7,2023-08-25
1376,37.854161525974014,22.949731962481955,6,7,2023-08-25
1377,113.18816125541125,47.46069264069264,8,7,2023-08-25
1378,60.019012896825394,26.119557539682535,4,7,2023-08-25
1379,73.22375099206346,36.66982738095239,7,7,2023-08-25
1380,56.207738095238064,22.071839285714287,9,7,2023-08-25
1381,99.66854166666668,46.54356240981244,2,7,2023-08-25
1382,126.36918290043286,63.110784090909085,1,7,2023-08-26
1383,93.0227803030303,44.229611471861475,3,7,2023-08-26
1384,62.16092658730158,36.71036309523809,6,7,2023-08-26
1385,97.77414502164501,42.68312211399712,37,7,2023-08-26
1386,105.31409099927849,42.07936093073592,4,7,2023-08-26
1387,100.72698015873014,47.4271984126984,7,7,2023-08-26
1388,74.51638492063489,29.612972222222215,9,7,2023-08-26
1389,218.41346031746042,94.26782738095237,2,7,2023-08-26
1390,98.89854419191921,38.70783026695527,8,7,2023-08-26
1391,83.53008964646462,42.62761562049063,2,7,2023-08-27
1392,61.82275586219337,29.79873142135641,3,7,2023-08-28
1393,55.42903608197359,25.71326591464092,37,7,2023-08-28
1394,75.79869886363633,38.690123015873034,1,7,2023-08-28
1395,41.81877092352092,24.19678156565657,6,7,2023-08-28
1396,55.56284858197357,25.279787740037747,4,7,2023-08-28
1397,58.79237142024641,29.694393620268634,7,7,2023-08-28
1398,46.5799365079365,19.513648809523808,9,7,2023-08-28
1399,121.54405555555563,58.76181222943721,2,7,2023-08-28
1400,77.29242460317461,34.80503571428571,8,7,2023-08-28
1401,63.47812247474751,29.968431998556984,37,7,2023-08-29
1402,88.84385714285715,45.18194444444444,1,7,2023-08-29
1403,47.99088275613275,28.772956349206353,6,7,2023-08-29
1404,72.0655856782107,36.07246446608947,3,7,2023-08-29
1405,59.81737418831169,26.10028481240982,4,7,2023-08-29
1406,71.79977083333335,33.92709163059163,7,7,2023-08-29
1407,55.95646852453099,23.433118686868678,9,7,2023-08-29
1408,121.88336904761907,57.92355555555556,2,7,2023-08-29
1409,87.50822483766238,35.67140133477633,8,7,2023-08-29
1410,68.19067694805194,32.3789401154401,37,7,2023-08-30
1411,132.09254130591628,61.58771067821067,2,7,2023-08-30
1412,59.500124368686855,24.584620129870146,9,7,2023-08-30
1413,74.49594246031748,36.347103174603184,7,7,2023-08-30
1414,64.43427281746035,27.334541666666652,4,7,2023-08-30
1415,82.61003354978352,34.734978174603185,8,7,2023-08-30
1416,79.39556773088023,43.65367243867244,6,7,2023-08-30
1417,75.7763492063492,37.75536904761904,3,7,2023-08-30
1418,92.67365178571434,47.67250396825395,1,7,2023-08-30
1419,84.14426313270062,39.234972638472634,3,7,2023-08-31
1420,72.11189664502166,34.07778012265513,37,7,2023-08-31
1421,100.96767857142859,51.048081349206356,1,7,2023-08-31
1422,59.42374098124099,36.60352056277055,6,7,2023-08-31
1423,94.0751805555556,38.67544246031746,8,7,2023-08-31
1424,76.83627480158731,33.53473214285714,4,7,2023-08-31
1425,83.74778565878563,42.16303860028861,7,7,2023-08-31
1426,61.96720833333337,24.98750595238094,9,7,2023-08-31
1427,166.2677621753246,76.96449549062048,2,7,2023-08-31
1428,63.9803894993895,30.096940476190483,37,7,2023-09-01
1429,75.27360046897545,39.26701587301588,1,7,2023-09-01
1430,85.33277609890112,41.06003632478632,3,7,2023-09-01
1431,38.73175974025976,24.256428210678205,6,7,2023-09-01
1432,59.74537996031748,25.94492875180375,4,7,2023-09-01
1433,71.8356388888889,36.14994246031747,7,7,2023-09-01
1434,56.78780853174604,22.686166666666658,9,7,2023-09-01
1435,101.63626388888893,46.75156186868687,2,7,2023-09-01
1436,110.48636255411255,45.19058946608945,8,7,2023-09-01
1437,96.91308919552672,42.966797619047604,37,7,2023-09-02
1438,128.71692063492063,62.10411399711401,1,7,2023-09-02
1439,85.31560912698411,44.73385515873016,3,7,2023-09-02
1440,58.289188221500744,33.55162085137084,6,7,2023-09-02
1441,219.225352994228,94.00595725108225,2,7,2023-09-02
1442,107.96174305555554,42.08294047619047,4,7,2023-09-02
1443,101.95398502885998,48.25500396825395,7,7,2023-09-02
1444,75.82363392857144,30.378015873015865,9,7,2023-09-02
1445,99.03473511904758,38.72630555555554,8,7,2023-09-02
1446,90.79636147186146,45.0918391053391,2,7,2023-09-03
1447,76.21119796176043,38.30104725829725,1,7,2023-09-04
1448,62.061935335497836,29.416248737373735,3,7,2023-09-04
1449,42.4084844877345,23.384176587301585,6,7,2023-09-04
1450,55.87373809523809,26.737728174603177,37,7,2023-09-04
1451,54.95733288239539,24.811511544011545,4,7,2023-09-04
1452,57.56332494588745,28.8284117965368,7,7,2023-09-04
1453,47.60972312409812,19.57804653679653,9,7,2023-09-04
1454,117.76160579004332,56.575734487734515,2,7,2023-09-04
1455,77.9150956890332,33.155710497835486,8,7,2023-09-04
1456,66.41523611111111,31.117666666666672,37,7,2023-09-05
1457,88.28620770202023,44.4271967893218,1,7,2023-09-05
1458,76.88040376984128,38.11767857142857,3,7,2023-09-05
1459,48.65093425324677,27.421949855699847,6,7,2023-09-05
1460,87.05844742063493,36.91117857142859,8,7,2023-09-05
1461,70.05962400793653,34.74534145021644,7,7,2023-09-05
1462,53.41390241702745,22.932631493506488,9,7,2023-09-05
1463,119.98096626984129,58.571523809523796,2,7,2023-09-05
1464,64.60540187590186,27.742143578643578,4,7,2023-09-05
1465,77.06422979797979,38.18536670274171,3,7,2023-09-06
1466,69.7819871031746,32.28151984126984,37,7,2023-09-06
1467,94.05483757215006,49.94440440115441,1,7,2023-09-06
1468,74.01032927489176,40.73916883116885,6,7,2023-09-06
1469,84.97619751082252,35.38660876623376,8,7,2023-09-06
1470,65.52114186507937,27.136940476190468,4,7,2023-09-06
1471,78.56324107142858,39.500498015873035,7,7,2023-09-06
1472,57.913044011543974,23.77657359307359,9,7,2023-09-06
1473,136.0441964285714,63.301170634920666,2,7,2023-09-06
1474,99.88796031746033,50.511670634920684,1,7,2023-09-07
1475,87.6839345238095,40.34880555555554,3,7,2023-09-07
1476,60.72494155844156,38.00161183261184,6,7,2023-09-07
1477,73.60190313852813,35.919331890331904,37,7,2023-09-07
1478,74.13605708874461,31.658156385281377,4,7,2023-09-07
1479,81.8114460678211,41.47304022366524,7,7,2023-09-07
1480,63.69683447802199,26.146165140415146,9,7,2023-09-07
1481,173.9594635642135,80.30072564935064,2,7,2023-09-07
1482,97.001806547619,40.95384126984126,8,7,2023-09-07
1483,65.25905113636365,30.96270057720058,37,7,2023-09-08
1484,77.7734392135642,40.34477398989899,1,7,2023-09-08
1485,91.19951830808083,44.75124080086579,3,7,2023-09-08
1486,37.78278336940837,23.738433802308805,6,7,2023-09-08
1487,117.50574621212122,46.92179256854254,8,7,2023-09-08
1488,71.29343811050062,37.121508852258856,7,7,2023-09-08
1489,56.42950171356421,21.950182178932174,9,7,2023-09-08
1490,106.91754942279944,48.75218434343437,2,7,2023-09-08
1491,62.088439033189054,26.034797979797972,4,7,2023-09-08
1492,97.17427651515149,43.234403499278514,37,7,2023-09-09
1493,131.7313297258298,65.15690999278499,1,7,2023-09-09
1494,86.77994742063493,43.51477380952381,3,7,2023-09-09
1495,60.588600198412735,34.81416468253969,6,7,2023-09-09
1496,100.88760813492064,37.67963492063492,8,7,2023-09-09
1497,109.71038879870133,43.97929491341988,4,7,2023-09-09
1498,102.32252561327563,49.021063131313106,7,7,2023-09-09
1499,79.39158468614721,31.922141053391048,9,7,2023-09-09
1500,222.1420634920635,95.2721865079365,2,7,2023-09-09
1501,90.84365178571424,44.76994841269841,2,7,2023-09-10
1502,55.73543020868022,25.999568431568438,37,7,2023-09-11
1503,75.71585759379508,38.815900793650805,1,7,2023-09-11
1504,62.74535218253973,30.182420634920646,3,7,2023-09-11
1505,42.463257936507944,23.488103174603165,6,7,2023-09-11
1506,118.08112202380947,56.07387103174601,2,7,2023-09-11
1507,55.31928472222222,24.985803571428587,4,7,2023-09-11
1508,58.471510912698434,30.626686507936512,7,7,2023-09-11
1509,45.108251984127,19.471460317460313,9,7,2023-09-11
1510,77.32384325396826,33.56626785714286,8,7,2023-09-11
1511,64.16908134920637,31.43705952380952,37,7,2023-09-12
1512,85.67413906926406,43.71021464646466,1,7,2023-09-12
1513,76.54101875901874,37.458966630591625,3,7,2023-09-12
1514,89.18372682178934,36.91266233766233,8,7,2023-09-12
1515,72.53506547619048,36.64810714285715,7,7,2023-09-12
1516,61.78486904761904,26.430472222222228,4,7,2023-09-12
1517,46.33498809523809,27.738476190476195,6,7,2023-09-12
1518,53.502944083694054,22.90497438672439,9,7,2023-09-12
1519,120.17946248196247,59.41607683982683,2,7,2023-09-12
1520,67.329939484127,31.790511904761892,37,7,2023-09-13
1521,91.970368992119,47.133688200688226,1,7,2023-09-13
1522,76.80088690476194,38.460725829725845,3,7,2023-09-13
1523,80.62153733766235,44.81527435064934,6,7,2023-09-13
1524,65.44243461399711,27.25675487012985,4,7,2023-09-13
1525,77.29821636002887,40.648055014430014,7,7,2023-09-13
1526,59.83836363636364,24.5663760822511,9,7,2023-09-13
1527,136.17498647186142,62.57722546897546,2,7,2023-09-13
1528,85.04698791486288,36.2640955988456,8,7,2023-09-13
1529,70.50922123015874,33.38247222222221,37,7,2023-09-14
1530,99.72795535714286,50.99956547619049,1,7,2023-09-14
1531,86.3844236111111,43.395321428571414,3,7,2023-09-14
1532,59.14326686507936,38.387424603174615,6,7,2023-09-14
1533,166.41487617243868,77.41020202020202,2,7,2023-09-14
1534,72.4864408369408,30.22464430014429,4,7,2023-09-14
1535,84.90736868686864,42.76218181818184,7,7,2023-09-14
1536,63.36057242063492,26.116896825396807,9,7,2023-09-14
1537,95.16113095238092,39.176876984127006,8,7,2023-09-14
1538,61.10685191197689,28.648833874458873,37,7,2023-09-15
1539,76.34491269841266,39.469569444444446,1,7,2023-09-15
1540,95.15011724386726,46.011927669552676,3,7,2023-09-15
1541,34.835484487734476,23.239273809523812,6,7,2023-09-15
1542,60.45530889249641,24.589705808080808,4,7,2023-09-15
1543,70.68813492063494,36.927065476190485,7,7,2023-09-15
1544,54.74187499999999,21.432759920634922,9,7,2023-09-15
1545,104.16600793650798,48.66157539682539,2,7,2023-09-15
1546,120.4884991883117,48.51388293650794,8,7,2023-09-15
1547,99.0152787698413,44.030625,37,7,2023-09-16
1548,91.820058531746,45.51482936507936,3,7,2023-09-16
1549,61.93466666666667,36.13649007936508,6,7,2023-09-16
1550,140.0117104978355,69.6723674242424,1,7,2023-09-16
1551,115.1665324675325,45.95030537518038,4,7,2023-09-16
1552,103.7816686507936,51.96055158730161,7,7,2023-09-16
1553,80.98449873737373,32.208375901875904,9,7,2023-09-16
1554,233.74087752525259,98.79157395382397,2,7,2023-09-16
1555,104.50728003246753,40.497727272727275,8,7,2023-09-16
1556,84.91299404761901,43.37180952380953,2,7,2023-09-17
1557,53.16141080447327,24.12083820346321,37,7,2023-09-18
1558,72.95263095238094,38.45639556277056,1,7,2023-09-18
1559,59.71898611111109,30.600255952380962,3,7,2023-09-18
1560,38.10864799783551,24.38943668831169,6,7,2023-09-18
1561,56.571491702741675,30.64597041847042,7,7,2023-09-18
1562,53.33450333694084,22.683264249639247,4,7,2023-09-18
1563,42.783038343600836,18.265300352425342,9,7,2023-09-18
1564,101.02229861111114,45.661027777777775,2,7,2023-09-18
1565,71.37404229797977,30.434689033189034,8,7,2023-09-18
1566,90.06883324314575,46.93747979797981,1,7,2023-09-19
1567,77.02506421356422,39.775897366522365,3,7,2023-09-19
1568,49.991728174603196,29.963674783549767,6,7,2023-09-19
1569,65.79271626984126,30.463166666666677,37,7,2023-09-19
1570,62.63162283549783,26.233707070707077,4,7,2023-09-19
1571,75.36139087301586,39.129454365079376,7,7,2023-09-19
1572,55.50865187590184,24.294784812409826,9,7,2023-09-19
1573,126.40088492063492,59.95040476190476,2,7,2023-09-19
1574,95.67193551587297,37.49895833333332,8,7,2023-09-19
1575,69.71036282467534,32.67671248196249,37,7,2023-09-20
1576,93.08958066239313,47.60705021367522,1,7,2023-09-20
1577,77.23582196969699,39.51737680375183,3,7,2023-09-20
1578,87.43080753968256,49.90041666666664,6,7,2023-09-20
1579,84.1547178932179,35.60868867243868,8,7,2023-09-20
1580,80.22670421245418,41.12327182539682,7,7,2023-09-20
1581,61.3449211760462,25.714233225108213,9,7,2023-09-20
1582,138.41670256132753,62.82689898989899,2,7,2023-09-20
1583,65.7129801587302,27.21873015873016,4,7,2023-09-20
1584,84.600316468254,43.152464285714295,3,7,2023-09-21
1585,77.94553733766233,36.3631901154401,37,7,2023-09-21
1586,103.54373286435786,53.93459307359306,1,7,2023-09-21
1587,57.803484126984124,38.73153571428573,6,7,2023-09-21
1588,73.84716567460316,31.112371031746026,4,7,2023-09-21
1589,83.14397330447329,43.57988293650792,7,7,2023-09-21
1590,64.68532738095242,26.859724206349195,9,7,2023-09-21
1591,169.70920238095235,77.54026388888889,2,7,2023-09-21
1592,94.05694345238093,39.43040277777778,8,7,2023-09-21
1593,62.7455,28.353,37,8,2023-10-06
1594,83.0095,45.631,1,8,2023-10-06
1595,83.968,43.792,3,8,2023-10-06
1596,114.3535,43.868,8,8,2023-10-06
1597,73.547,38.628,7,8,2023-10-06
1598,65.7675,29.774,4,8,2023-10-06
1599,37.006,25.056,6,8,2023-10-06
1600,56.001,22.636,9,8,2023-10-06
1601,100.579,47.447,2,8,2023-10-06
1602,106.983,45.525,37,8,2023-10-07
1603,153.0535,78.261,1,8,2023-10-07
1604,96.9015,47.716,3,8,2023-10-07
1605,61.1795,37.111,6,8,2023-10-07
1606,115.572,48.347,4,8,2023-10-07
1607,107.0895,52.262,7,8,2023-10-07
1608,76.716,31.699,9,8,2023-10-07
1609,236.8605,99.365,2,8,2023-10-07
1610,106.9615,40.07,8,8,2023-10-07
1611,82.368,41.802,2,8,2023-10-08
1612,51.853,23.784,37,8,2023-10-09
1613,70.567,37.684,1,8,2023-10-09
1614,59.8135,30.465,3,8,2023-10-09
1615,35.781,24.696,6,8,2023-10-09
1616,53.0425,23.574,4,8,2023-10-09
1617,52.967,27.7,7,8,2023-10-09
1618,44.3595,18.59,9,8,2023-10-09
1619,101.0445,47.63,2,8,2023-10-09
1620,70.5085,29.515,8,8,2023-10-09
1621,64.4525,29.695,37,8,2023-10-10
1622,72.6225,40.066,3,8,2023-10-10
1623,49.686,32.423,6,8,2023-10-10
1624,89.905,48.834,1,8,2023-10-10
1625,64.722,27.458,4,8,2023-10-10
1626,72.4305,38.77,7,8,2023-10-10
1627,55.6105,23.407,9,8,2023-10-10
1628,121.2895,57.185,2,8,2023-10-10
1629,92.077,35.956,8,8,2023-10-10
1630,69.9985,32.098,37,8,2023-10-11
1631,137.2265,64.017,2,8,2023-10-11
1632,57.6335,24.038,9,8,2023-10-11
1633,78.27,39.83,7,8,2023-10-11
1634,71.69,32.905,4,8,2023-10-11
1635,91.7105,40.348,8,8,2023-10-11
1636,89.214,49.388,6,8,2023-10-11
1637,75.8565,40.431,3,8,2023-10-11
1638,90.9045,47.53,1,8,2023-10-11
1639,71.2245,32.739,37,8,2023-10-12
1640,101.6505,54.043,1,8,2023-10-12
1641,79.7635,42.27,3,8,2023-10-12
1642,58.225,39.281,6,8,2023-10-12
1643,80.8335,43.463,7,8,2023-10-12
1644,74.4545,34.223,4,8,2023-10-12
1645,59.2065,26.163,9,8,2023-10-12
1646,166.867,76.702,2,8,2023-10-12
1647,91.771,36.861,8,8,2023-10-12
1648,62.7155,28.864,37,8,2023-10-13
1649,84.0245,45.488,1,8,2023-10-13
1650,81.203,42.882,3,8,2023-10-13
1651,37.6345,24.71,6,8,2023-10-13
1652,66.975,30.243,4,8,2023-10-13
1653,68.3475,36.737,7,8,2023-10-13
1654,52.7735,20.948,9,8,2023-10-13
1655,99.9065,47.03,2,8,2023-10-13
1656,112.663,42.218,8,8,2023-10-13
1657,106.795,47.457,37,8,2023-10-14
1658,154.047,77.821,1,8,2023-10-14
1659,97.5295,47.711,3,8,2023-10-14
1660,61.046,37.15,6,8,2023-10-14
1661,239.7205,100.451,2,8,2023-10-14
1662,114.53,47.509,4,8,2023-10-14
1663,106.058,51.142,7,8,2023-10-14
1664,74.975,30.873,9,8,2023-10-14
1665,104.015,38.011,8,8,2023-10-14
1666,77.485,41.636,2,8,2023-10-15
1667,68.635,36.848,1,8,2023-10-16
1668,57.795,30.33,3,8,2023-10-16
1669,36.7735,24.808,6,8,2023-10-16
1670,51.309,24.181,37,8,2023-10-16
1671,55.4925,25.436,4,8,2023-10-16
1672,52.529,29.03,7,8,2023-10-16
1673,45.0045,19.156,9,8,2023-10-16
1674,100.3865,47.612,2,8,2023-10-16
1675,71.887,30.665,8,8,2023-10-16
1676,64.8865,29.975,37,8,2023-10-17
1677,85.569,45.726,1,8,2023-10-17
1678,72.602,38.409,3,8,2023-10-17
1679,51.407,32.976,6,8,2023-10-17
1680,92.8385,37.08,8,8,2023-10-17
1681,71.5295,37.783,7,8,2023-10-17
1682,54.3735,23.833,9,8,2023-10-17
1683,125.101,60.056,2,8,2023-10-17
1684,66.408,28.29,4,8,2023-10-17
1685,78.6455,42.638,3,8,2023-10-18
1686,68.8255,31.729,37,8,2023-10-18
1687,94.6145,51.722,1,8,2023-10-18
1688,88.283,49.131,6,8,2023-10-18
1689,91.0095,42.146,8,8,2023-10-18
1690,73.9865,33.869,4,8,2023-10-18
1691,77.757,40.59,7,8,2023-10-18
1692,61.204,25.974,9,8,2023-10-18
1693,134.5975,63.354,2,8,2023-10-18
1694,102.818,54.268,1,8,2023-10-19
1695,76.7135,40.522,3,8,2023-10-19
1696,59.4285,39.17,6,8,2023-10-19
1697,69.4875,32.636,37,8,2023-10-19
1698,75.081,35.235,4,8,2023-10-19
1699,83.186,43.962,7,8,2023-10-19
1700,61.0985,26.425,9,8,2023-10-19
1701,169.6705,77.677,2,8,2023-10-19
1702,92.428,38.037,8,8,2023-10-19
1703,63.7595,29.968,37,8,2023-10-20
1704,80.5115,44.848,1,8,2023-10-20
1705,80.609,42.53,3,8,2023-10-20
1706,37.0,24.467,6,8,2023-10-20
1707,109.5755,42.778,8,8,2023-10-20
1708,70.585,35.885,7,8,2023-10-20
1709,53.342,22.551,9,8,2023-10-20
1710,100.472,47.239,2,8,2023-10-20
1711,62.957,27.714,4,8,2023-10-20
1712,107.637,46.113,37,8,2023-10-21
1713,152.047,77.276,1,8,2023-10-21
1714,95.0305,46.595,3,8,2023-10-21
1715,110.7855,46.34,8,8,2023-10-21
1716,107.308,51.634,7,8,2023-10-21
1717,115.204,47.668,4,8,2023-10-21
1718,76.523,31.855,9,8,2023-10-21
1719,237.302,100.096,2,8,2023-10-21
1720,61.683,36.747,6,8,2023-10-21
1721,78.2395,41.217,2,8,2023-10-22
1722,50.2035,23.565,37,8,2023-10-23
1723,99.826,47.491,2,8,2023-10-23
1724,44.2475,18.839,9,8,2023-10-23
1725,51.4125,26.802,7,8,2023-10-23
1726,54.2155,23.838,4,8,2023-10-23
1727,70.226,29.827,8,8,2023-10-23
1728,34.401,23.518,6,8,2023-10-23
1729,54.5135,30.035,3,8,2023-10-23
1730,68.81,37.898,1,8,2023-10-23
1731,63.165,30.238,37,8,2023-10-24
1732,87.003,47.525,1,8,2023-10-24
1733,70.504,37.958,3,8,2023-10-24
1734,48.444,30.878,6,8,2023-10-24
1735,74.2095,39.263,7,8,2023-10-24
1736,61.9855,26.912,4,8,2023-10-24
1737,55.0065,24.513,9,8,2023-10-24
1738,121.6085,57.558,2,8,2023-10-24
1739,93.2455,37.117,8,8,2023-10-24
1740,94.8045,50.873,1,8,2023-10-25
1741,76.1595,40.773,3,8,2023-10-25
1742,88.743,48.529,6,8,2023-10-25
1743,69.896,31.4,37,8,2023-10-25
1744,72.851,33.565,4,8,2023-10-25
1745,73.63,37.675,7,8,2023-10-25
1746,60.3185,25.941,9,8,2023-10-25
1747,132.629,61.915,2,8,2023-10-25
1748,90.3475,42.736,8,8,2023-10-25
1749,71.4925,34.016,37,8,2023-10-26
1750,101.1765,55.568,1,8,2023-10-26
1751,76.127,39.681,3,8,2023-10-26
1752,57.4515,38.162,6,8,2023-10-26
1753,90.1695,36.812,8,8,2023-10-26
1754,83.885,43.6,7,8,2023-10-26
1755,61.972,28.011,9,8,2023-10-26
1756,165.98,77.213,2,8,2023-10-26
1757,73.9985,33.727,4,8,2023-10-26
1758,82.073,44.27,3,8,2023-10-27
1759,64.5765,31.085,37,8,2023-10-27
1760,81.666,45.66,1,8,2023-10-27
1761,34.5145,22.256,6,8,2023-10-27
1762,57.843,24.332,4,8,2023-10-27
1763,65.319,33.471,7,8,2023-10-27
1764,53.727,22.479,9,8,2023-10-27
1765,100.997,49.207,2,8,2023-10-27
1766,108.1975,41.924,8,8,2023-10-27
1767,106.401,46.248,37,8,2023-10-28
1768,155.813,80.297,1,8,2023-10-28
1769,60.9265,34.144,6,8,2023-10-28
1770,91.498,45.005,3,8,2023-10-28
1771,116.8405,49.332,4,8,2023-10-28
1772,100.284,48.306,7,8,2023-10-28
1773,75.0115,31.566,9,8,2023-10-28
1774,238.143,102.062,2,8,2023-10-28
1775,106.4415,44.244,8,8,2023-10-28
1776,77.2225,40.769,2,8,2023-10-29
1777,50.0315,23.13,37,8,2023-10-30
1778,70.492,38.529,1,8,2023-10-30
1779,53.6875,28.092,3,8,2023-10-30
1780,34.5575,23.221,6,8,2023-10-30
1781,52.64,28.031,7,8,2023-10-30
1782,53.2895,24.17,4,8,2023-10-30
1783,43.999,18.666,9,8,2023-10-30
1784,95.3175,45.582,2,8,2023-10-30
1785,68.1035,28.405,8,8,2023-10-30
1786,62.381,28.94,37,8,2023-10-31
1787,88.8435,48.984,1,8,2023-10-31
1788,71.3795,38.152,3,8,2023-10-31
1789,47.665,30.125,6,8,2023-10-31
1790,63.387,28.347,4,8,2023-10-31
1791,76.199,41.049,7,8,2023-10-31
1792,52.894,23.6,9,8,2023-10-31
1793,127.392,61.147,2,8,2023-10-31
1794,96.065,37.405,8,8,2023-10-31
1795,95.2915,51.906,1,8,2023-11-02
1796,72.6975,39.622,3,8,2023-11-02
1797,67.3675,32.229,37,8,2023-11-02
1798,55.4585,35.937,6,8,2023-11-02
1799,79.6145,39.541,7,8,2023-11-02
1800,71.7495,33.287,4,8,2023-11-02
1801,60.1545,27.29,9,8,2023-11-02
1802,166.492,77.587,2,8,2023-11-02
1803,88.2275,37.332,8,8,2023-11-02
1804,65.8045,30.592,37,8,2023-11-03
1805,79.685,42.704,1,8,2023-11-03
1806,37.11,23.724,6,8,2023-11-03
1807,78.611,42.657,3,8,2023-11-03
1808,57.125,24.586,4,8,2023-11-03
1809,65.9075,34.026,7,8,2023-11-03
1810,54.4955,22.04,9,8,2023-11-03
1811,98.87,48.06,2,8,2023-11-03
1812,105.11,40.903,8,8,2023-11-03
1813,147.6805,74.84,1,8,2023-11-04
1814,228.6315,101.338,2,8,2023-11-04
1815,72.9635,30.374,9,8,2023-11-04
1816,101.086,48.994,7,8,2023-11-04
1817,115.9675,50.729,4,8,2023-11-04
1818,104.4595,41.97,8,8,2023-11-04
1819,59.2035,33.048,6,8,2023-11-04
1820,86.566,45.077,3,8,2023-11-04
1821,104.5995,44.738,37,8,2023-11-04
