,product1,product2,id,dzien_rozliczenia,k
0,84.5575,45.19,1,2022-12-02,1
1,148.4625,74.27,1,2022-12-03,1
2,70.8075,36.66,1,2022-12-05,1
3,90.315,47.68,1,2022-12-06,1
4,95.5375,50.69,1,2022-12-07,1
5,99.9275,53.77,1,2022-12-08,1
6,82.475,44.175,1,2022-12-09,1
7,141.5725,71.635,1,2022-12-10,1
8,84.505,45.295,1,2022-12-11,1
9,75.4525,37.305,1,2022-12-12,1
10,86.3775,45.935,1,2022-12-13,1
11,93.4625,48.06,1,2022-12-14,1
12,99.0125,52.455,1,2022-12-15,1
13,82.83,41.62,1,2022-12-16,1
14,141.9475,71.71,1,2022-12-17,1
15,79.77,43.61,1,2022-12-18,1
16,73.5925,37.915,1,2022-12-19,1
17,91.5775,48.495,1,2022-12-20,1
18,94.65,51.23,1,2022-12-21,1
19,99.365,53.03,1,2022-12-22,1
20,83.6975,44.215,1,2022-12-23,1
21,94.5225,52.365,1,2022-12-29,1
22,85.065,44.59,1,2022-12-30,1
23,133.9125,70.825,1,2022-12-31,1
24,107.18065148888303,48.07293517959834,2,2022-12-02,1
25,234.92453205683208,100.68861932511933,2,2022-12-03,1
26,76.95919379585557,40.50934107961756,2,2022-12-04,1
27,98.57595253781874,43.961955333736455,2,2022-12-05,1
28,121.63402715827763,58.31522133934551,2,2022-12-06,1
29,131.6786327344339,61.83971206467988,2,2022-12-07,1
30,161.9240370673722,73.03303532485373,2,2022-12-08,1
31,105.90265339861874,46.92423001979598,2,2022-12-09,1
32,238.5361109563312,101.06759592998502,2,2022-12-10,1
33,76.59287107721113,40.4104009617483,2,2022-12-11,1
34,94.87632034184826,43.116477712883565,2,2022-12-12,1
35,119.21658965127229,55.757714990778794,2,2022-12-13,1
36,136.55420305255444,62.43346805937564,2,2022-12-14,1
37,159.4061214842612,72.007308143902,2,2022-12-15,1
38,107.5433416208335,48.14695798199542,2,2022-12-16,1
39,237.86426948051945,101.64572590187588,2,2022-12-17,1
40,74.56736645427983,38.90025295159753,2,2022-12-18,1
41,99.64791590156572,44.962151894678314,2,2022-12-19,1
42,122.7073776789864,57.02964025629228,2,2022-12-20,1
43,132.31856061463108,61.585385437595214,2,2022-12-21,1
44,157.96846064898935,72.4292757750724,2,2022-12-22,1
45,105.01538041419748,46.75600581364447,2,2022-12-23,1
46,159.40210612920393,73.21207604875156,2,2022-12-29,1
47,104.97449874279874,46.38534888963411,2,2022-12-30,1
48,219.78946171744926,104.32733526473527,2,2022-12-31,1
49,78.2,41.0,3,2022-12-02,1
50,82.15,46.1,3,2022-12-03,1
51,58.55,32.05,3,2022-12-05,1
52,69.5,36.05,3,2022-12-06,1
53,73.6,37.75,3,2022-12-07,1
54,74.85,41.7,3,2022-12-08,1
55,80.3,43.2,3,2022-12-09,1
56,81.525,45.5,3,2022-12-10,1
57,60.45,31.8,3,2022-12-12,1
58,76.7,42.55,3,2022-12-13,1
59,75.7,38.8,3,2022-12-14,1
60,73.1,40.15,3,2022-12-15,1
61,76.775,40.4,3,2022-12-16,1
62,84.525,42.95,3,2022-12-17,1
63,60.8,35.25,3,2022-12-19,1
64,72.5,40.45,3,2022-12-20,1
65,74.3,42.15,3,2022-12-21,1
66,80.25,44.6,3,2022-12-22,1
67,84.45,45.6,3,2022-12-23,1
68,69.8,39.45,3,2022-12-29,1
69,72.4,37.5,3,2022-12-30,1
70,84.45,45.4,3,2022-12-31,1
71,49.856680599261885,20.775139235428504,4,2022-12-02,1
72,107.25689610297106,41.3024958282458,4,2022-12-03,1
73,44.28826995021939,17.50102661853633,4,2022-12-05,1
74,52.87546312245744,23.34602765728033,4,2022-12-06,1
75,57.16096637095314,25.971499420700905,4,2022-12-07,1
76,63.903638804291106,28.777030620525494,4,2022-12-08,1
77,49.52288587190691,19.76899102329241,4,2022-12-09,1
78,114.2644027777778,45.81497222222223,4,2022-12-10,1
79,53.18166048419256,23.624798628201308,4,2022-12-11,1
80,43.91003767511407,17.700639217491382,4,2022-12-12,1
81,51.67027049124901,22.993633323055402,4,2022-12-13,1
82,56.178538606078405,24.53919398702446,4,2022-12-14,1
83,62.063308321010474,28.60024470257146,4,2022-12-15,1
84,51.076334744810225,20.84368165094423,4,2022-12-16,1
85,102.94263125101686,41.496369547416805,4,2022-12-17,1
86,53.56719788409999,23.60619347825928,4,2022-12-18,1
87,41.822280462253225,15.8716513748611,4,2022-12-19,1
88,51.39604524250602,22.732666638713283,4,2022-12-20,1
89,55.72778942687244,24.170219863849134,4,2022-12-21,1
90,59.83258716452296,26.58430772738211,4,2022-12-22,1
91,51.14822313876499,22.135368149466654,4,2022-12-23,1
92,56.79978193764351,25.291382360259036,4,2022-12-29,1
93,52.51018826305233,22.72354119615247,4,2022-12-30,1
94,87.87080174260606,36.09164361806778,4,2022-12-31,1
95,35.4525,27.202,6,2022-12-02,1
96,57.182,41.164,6,2022-12-03,1
97,37.062,27.645,6,2022-12-05,1
98,44.903,32.584,6,2022-12-06,1
99,77.9605,52.809,6,2022-12-07,1
100,54.6685,42.83,6,2022-12-08,1
101,33.876,26.052,6,2022-12-09,1
102,55.9525,40.406,6,2022-12-10,1
103,36.143,26.486,6,2022-12-12,1
104,44.5175,33.149,6,2022-12-13,1
105,81.4555,54.232,6,2022-12-14,1
106,53.25,40.313,6,2022-12-15,1
107,34.31,27.315,6,2022-12-16,1
108,58.5945,41.928,6,2022-12-17,1
109,35.285,25.561,6,2022-12-19,1
110,45.135,33.277,6,2022-12-20,1
111,77.1265,52.91,6,2022-12-21,1
112,54.8235,43.423,6,2022-12-22,1
113,34.6685,26.703,6,2022-12-23,1
114,55.7195,42.991,6,2022-12-29,1
115,38.611,29.31,6,2022-12-30,1
116,54.713,39.52,6,2022-12-31,1
117,68.025,36.965,7,2022-12-02,1
118,105.532,56.591,7,2022-12-03,1
119,54.418,34.295,7,2022-12-05,1
120,79.0825,43.519,7,2022-12-06,1
121,75.716,41.09,7,2022-12-07,1
122,82.8455,47.734,7,2022-12-08,1
123,68.1365,37.156,7,2022-12-09,1
124,104.1305,55.524,7,2022-12-10,1
125,53.497,34.506,7,2022-12-12,1
126,77.1535,42.496,7,2022-12-13,1
127,77.9585,41.784,7,2022-12-14,1
128,82.289,47.824,7,2022-12-15,1
129,66.8145,36.958,7,2022-12-16,1
130,107.684,58.363,7,2022-12-17,1
131,53.64,35.324,7,2022-12-19,1
132,76.956,41.571,7,2022-12-20,1
133,75.402,40.172,7,2022-12-21,1
134,83.116,49.544,7,2022-12-22,1
135,66.3815,37.911,7,2022-12-23,1
136,75.9865,44.936,7,2022-12-29,1
137,73.451,41.255,7,2022-12-30,1
138,104.963,57.206,7,2022-12-31,1
139,99.30156556066484,39.99339336317277,8,2022-12-02,1
140,97.81254055928594,38.374706455481224,8,2022-12-03,1
141,62.96641726932769,24.42355422780694,8,2022-12-05,1
142,94.2738750881472,36.48628042545689,8,2022-12-06,1
143,84.93900444545994,36.79433096435727,8,2022-12-07,1
144,85.65211254268607,34.452741652954884,8,2022-12-08,1
145,98.79426316014899,39.615088425356966,8,2022-12-09,1
146,98.22413224060944,37.79027941709134,8,2022-12-10,1
147,67.12934685657483,26.298514945022294,8,2022-12-12,1
148,89.07304500457401,36.212601789292584,8,2022-12-13,1
149,79.88722700012407,32.36840439299262,8,2022-12-14,1
150,86.37140599312968,35.67345427551464,8,2022-12-15,1
151,101.9975038022908,40.007208496482875,8,2022-12-16,1
152,101.16430100601154,37.80635956320942,8,2022-12-17,1
153,64.63750401314374,26.396135532767893,8,2022-12-19,1
154,96.13431965338583,36.41427729623317,8,2022-12-20,1
155,80.58617261904762,35.05183248858986,8,2022-12-21,1
156,84.59793979019351,34.73333512484249,8,2022-12-22,1
157,101.8537557345905,40.00040350245729,8,2022-12-23,1
158,78.76801738676699,31.643989258032985,8,2022-12-29,1
159,96.03249181374184,39.13746179066031,8,2022-12-30,1
160,96.19286190974059,37.85692444810091,8,2022-12-31,1
161,66.475,27.4,9,2022-12-02,1
162,80.22,32.7,9,2022-12-03,1
163,49.72,20.44,9,2022-12-05,1
164,63.355,26.91,9,2022-12-06,1
165,65.43,28.12,9,2022-12-07,1
166,68.21,28.84,9,2022-12-08,1
167,68.35,28.35,9,2022-12-09,1
168,75.02,29.23,9,2022-12-10,1
169,49.325,20.34,9,2022-12-12,1
170,62.055,26.85,9,2022-12-13,1
171,65.345,27.2,9,2022-12-14,1
172,69.385,29.12,9,2022-12-15,1
173,67.925,27.56,9,2022-12-16,1
174,81.585,31.86,9,2022-12-17,1
175,49.74,20.85,9,2022-12-19,1
176,61.965,26.2,9,2022-12-20,1
177,66.265,27.46,9,2022-12-21,1
178,69.09,29.26,9,2022-12-22,1
179,66.84,27.64,9,2022-12-23,1
180,62.49,27.0,9,2022-12-29,1
181,67.52,27.43,9,2022-12-30,1
182,77.35,29.91,9,2022-12-31,1
183,62.67002294927296,24.893594155844156,37,2022-12-02,1
184,105.42869241379536,41.48149340528751,37,2022-12-03,1
185,52.567493207772614,22.61117170737759,37,2022-12-05,1
186,68.27319399962782,28.827456285544528,37,2022-12-06,1
187,62.85724456916193,25.876311900248837,37,2022-12-07,1
188,69.23612154632806,28.90542332787985,37,2022-12-08,1
189,63.46782334478387,26.106564531959265,37,2022-12-09,1
190,102.78250560060854,38.729103822647936,37,2022-12-10,1
191,71.90539038739037,27.809497391497388,37,2022-12-11,1
192,55.14442034599389,23.464398199839376,37,2022-12-12,1
193,64.7122955659359,26.183166953535242,37,2022-12-13,1
194,65.39125978433333,27.087199792038017,37,2022-12-14,1
195,69.0632444630533,29.41888388572212,37,2022-12-15,1
196,65.4362569626366,27.391939043069083,37,2022-12-16,1
197,97.02570544733045,38.339867968632674,37,2022-12-17,1
198,72.06175063825063,27.226987584311114,37,2022-12-18,1
199,58.18803227491465,24.73781468368233,37,2022-12-19,1
200,66.43545705803858,29.702538950818994,37,2022-12-20,1
201,63.89137631035491,26.564123362623228,37,2022-12-21,1
202,70.17319835758869,30.80874288903764,37,2022-12-22,1
203,65.26179489546402,26.225522751758046,37,2022-12-23,1
204,64.80649500719514,25.766302214977404,37,2022-12-29,1
205,70.27786742605221,27.837449186079617,37,2022-12-30,1
206,86.13587057387055,34.055791347541344,37,2022-12-31,1
207,78.4005,41.327,1,2023-01-16,2
208,88.8945,49.121,1,2023-01-17,2
209,87.829,47.596,1,2023-01-18,2
210,101.4615,55.855,1,2023-01-19,2
211,84.7155,45.573,1,2023-01-20,2
212,130.199,67.802,1,2023-01-21,2
213,79.7545,43.155,1,2023-01-23,2
214,85.4995,47.452,1,2023-01-24,2
215,87.3405,45.786,1,2023-01-25,2
216,97.439,53.89,1,2023-01-26,2
217,81.9465,45.093,1,2023-01-27,2
218,129.0345,67.187,1,2023-01-28,2
219,74.6515,39.083,1,2023-01-30,2
220,83.093,44.467,1,2023-01-31,2
221,87.4875,45.581,1,2023-02-01,2
222,96.225,52.813,1,2023-02-02,2
223,81.6455,43.555,1,2023-02-03,2
224,134.9235,69.322,1,2023-02-04,2
225,71.446,36.659,1,2023-02-06,2
226,85.1855,45.731,1,2023-02-07,2
227,89.0545,46.795,1,2023-02-08,2
228,92.5865,49.79,1,2023-02-09,2
229,82.881,43.892,1,2023-02-10,2
230,129.6485,66.91,1,2023-02-11,2
231,72.9025,37.899,1,2023-02-13,2
232,86.955,45.2375,2,2023-01-15,2
233,104.145,49.74,2,2023-01-16,2
234,113.35875,55.995,2,2023-01-17,2
235,128.2675,63.3825,2,2023-01-18,2
236,152.1325,74.465,2,2023-01-19,2
237,106.6725,49.795,2,2023-01-20,2
238,199.9875,91.435,2,2023-01-21,2
239,93.5125,47.345,2,2023-01-22,2
240,98.35375,49.3575,2,2023-01-23,2
241,112.99125,53.785,2,2023-01-24,2
242,121.7975,58.5325,2,2023-01-25,2
243,146.55375,68.65,2,2023-01-26,2
244,109.465,50.3375,2,2023-01-27,2
245,190.1375,87.8825,2,2023-01-28,2
246,82.495,43.35,2,2023-01-29,2
247,94.9775,45.635,2,2023-01-30,2
248,115.96375,54.41,2,2023-01-31,2
249,124.66125,60.0625,2,2023-02-01,2
250,149.475,70.58,2,2023-02-02,2
251,104.06,48.4775,2,2023-02-03,2
252,211.82,95.9475,2,2023-02-04,2
253,78.39375,42.405,2,2023-02-05,2
254,96.48375,43.795,2,2023-02-06,2
255,117.00375,56.8275,2,2023-02-07,2
256,124.0075,59.935,2,2023-02-08,2
257,146.8025,67.7275,2,2023-02-09,2
258,104.165,47.2825,2,2023-02-10,2
259,222.14,99.3275,2,2023-02-11,2
260,78.065,40.7725,2,2023-02-12,2
261,95.01625,44.095,2,2023-02-13,2
262,57.85875,31.655,3,2023-01-16,2
263,68.395,37.0625,3,2023-01-17,2
264,72.37375,40.0925,3,2023-01-18,2
265,72.7925,39.655,3,2023-01-19,2
266,78.4375,42.5025,3,2023-01-20,2
267,81.62875,44.2175,3,2023-01-21,2
268,57.27375,30.98,3,2023-01-23,2
269,68.99625,37.0475,3,2023-01-24,2
270,73.565,39.845,3,2023-01-25,2
271,76.1825,41.3525,3,2023-01-26,2
272,77.76375,41.445,3,2023-01-27,2
273,78.65875,42.48,3,2023-01-28,2
274,57.49375,30.56,3,2023-01-30,2
275,68.2725,36.345,3,2023-01-31,2
276,74.2425,39.655,3,2023-02-01,2
277,78.8425,42.505,3,2023-02-02,2
278,75.12625,39.6775,3,2023-02-03,2
279,76.4125,41.23,3,2023-02-04,2
280,56.79625,30.935,3,2023-02-06,2
281,71.09125,38.01,3,2023-02-07,2
282,74.225,40.605,3,2023-02-08,2
283,76.31375,41.0,3,2023-02-09,2
284,76.7175,41.4525,3,2023-02-10,2
285,80.35625,43.295,3,2023-02-11,2
286,56.84375,30.6725,3,2023-02-13,2
287,48.48386034484711,21.402876914129997,4,2023-01-16,2
288,51.659671287268736,23.890682577322323,4,2023-01-17,2
289,51.533178977988655,23.571569840351643,4,2023-01-18,2
290,60.47192154391314,27.06696132868832,4,2023-01-19,2
291,52.42218338802461,22.975699747989147,4,2023-01-20,2
292,90.23617564458996,36.51417712837035,4,2023-01-21,2
293,46.178693119152605,20.367506895539428,4,2023-01-23,2
294,50.25959424105895,21.98339456601057,4,2023-01-24,2
295,53.95223847117431,23.657524917512145,4,2023-01-25,2
296,59.46236225428889,26.35853546617516,4,2023-01-26,2
297,50.900865689434085,22.127826392124497,4,2023-01-27,2
298,94.50951173393526,37.39187358781642,4,2023-01-28,2
299,43.510438024452924,17.359614203469743,4,2023-01-30,2
300,51.536540028314086,23.333271087202302,4,2023-01-31,2
301,54.19819862980158,24.294694020926013,4,2023-02-01,2
302,61.14729883047134,27.265736524262728,4,2023-02-02,2
303,52.74348661912225,23.649772149769465,4,2023-02-03,2
304,96.04245143245329,39.543816973109685,4,2023-02-04,2
305,42.18507404940455,16.93444965465938,4,2023-02-06,2
306,50.48290721625424,22.648914487078347,4,2023-02-07,2
307,53.042374014882895,22.79168648940916,4,2023-02-08,2
308,60.61697221812885,28.377453931401174,4,2023-02-09,2
309,51.38751942175422,21.230082474470606,4,2023-02-10,2
310,102.82879955201828,40.8240512748822,4,2023-02-11,2
311,44.131543356941265,16.99617242714528,4,2023-02-13,2
312,37.38,27.83,6,2023-01-16,2
313,44.595,32.98,6,2023-01-17,2
314,71.555,50.645,6,2023-01-18,2
315,56.665,42.16,6,2023-01-19,2
316,37.075,30.09,6,2023-01-20,2
317,42.5425,32.145,6,2023-01-21,2
318,36.2425,26.88,6,2023-01-23,2
319,43.955,33.755,6,2023-01-24,2
320,67.1025,48.45,6,2023-01-25,2
321,55.34,42.45,6,2023-01-26,2
322,34.7125,27.33,6,2023-01-27,2
323,47.6075,32.725,6,2023-01-28,2
324,33.3875,24.15,6,2023-01-30,2
325,45.285,32.82,6,2023-01-31,2
326,73.345,49.95,6,2023-02-01,2
327,55.96,42.23,6,2023-02-02,2
328,33.885,25.46,6,2023-02-03,2
329,51.175,34.635,6,2023-02-04,2
330,33.9675,25.03,6,2023-02-06,2
331,45.3475,32.415,6,2023-02-07,2
332,66.2525,47.09,6,2023-02-08,2
333,55.8025,43.85,6,2023-02-09,2
334,33.9575,25.895,6,2023-02-10,2
335,52.6,37.745,6,2023-02-11,2
336,34.255,25.1,6,2023-02-13,2
337,57.42875,37.04,7,2023-01-16,2
338,76.6725,43.4875,7,2023-01-17,2
339,75.25375,41.6025,7,2023-01-18,2
340,83.7775,49.0425,7,2023-01-19,2
341,68.665,39.315,7,2023-01-20,2
342,97.87,55.3125,7,2023-01-21,2
343,56.55375,35.6125,7,2023-01-23,2
344,76.6475,43.59,7,2023-01-24,2
345,73.04625,39.915,7,2023-01-25,2
346,80.81125,47.84,7,2023-01-26,2
347,65.3175,36.1125,7,2023-01-27,2
348,107.25,56.9375,7,2023-01-28,2
349,54.92625,35.8175,7,2023-01-30,2
350,76.9225,41.98,7,2023-01-31,2
351,75.07875,41.5425,7,2023-02-01,2
352,84.025,50.945,7,2023-02-02,2
353,65.4625,36.14,7,2023-02-03,2
354,102.2575,57.2375,7,2023-02-04,2
355,55.09,36.6925,7,2023-02-06,2
356,76.59125,42.8825,7,2023-02-07,2
357,75.31875,42.0675,7,2023-02-08,2
358,83.30875,49.7575,7,2023-02-09,2
359,65.1375,35.5925,7,2023-02-10,2
360,107.455,57.5125,7,2023-02-11,2
361,52.87125,34.0725,7,2023-02-13,2
362,68.42904079254079,28.145436396936397,8,2023-01-16,2
363,90.81511236802415,37.01343841126192,8,2023-01-17,2
364,81.20562668214139,37.3691584542908,8,2023-01-18,2
365,82.89704542834188,35.54968761707848,8,2023-01-19,2
366,94.00051390276388,38.30588295038295,8,2023-01-20,2
367,94.40942341237195,38.96996852983617,8,2023-01-21,2
368,62.557466791378566,27.091359597918423,8,2023-01-23,2
369,86.57015704067173,34.36832030061443,8,2023-01-24,2
370,79.6883206923795,34.9730195947843,8,2023-01-25,2
371,83.93514449439449,33.61979822954822,8,2023-01-26,2
372,93.49473811156162,37.792113466598764,8,2023-01-27,2
373,96.33407691246661,35.69732276546982,8,2023-01-28,2
374,61.964390886890875,25.964946081696077,8,2023-01-30,2
375,86.96073210776153,34.56352378830321,8,2023-01-31,2
376,81.0758936906373,33.75283450571877,8,2023-02-01,2
377,81.02776573426573,32.91768165168165,8,2023-02-02,2
378,98.84555188112544,38.154299987594094,8,2023-02-03,2
379,92.66758809491161,37.4009732326497,8,2023-02-04,2
380,62.97505763680761,24.515072372072368,8,2023-02-06,2
381,89.9616925851926,33.481984353881415,8,2023-02-07,2
382,79.97434336415219,35.01208165037577,8,2023-02-08,2
383,79.55298287007109,32.750928643252166,8,2023-02-09,2
384,100.62755305152365,40.3105578392196,8,2023-02-10,2
385,101.23158429968727,38.230441269514806,8,2023-02-11,2
386,60.17907564159266,24.7400645654655,8,2023-02-13,2
387,48.439450735774834,21.740504506697675,9,2023-01-16,2
388,59.0773349002952,25.359767172721927,9,2023-01-17,2
389,61.90693327302181,26.64146400862018,9,2023-01-18,2
390,65.93741834578046,28.298637597220885,9,2023-01-19,2
391,62.20391521478667,25.582162149697837,9,2023-01-20,2
392,70.8270064997137,28.66969778707705,9,2023-01-21,2
393,47.59403616767219,21.26132278587425,9,2023-01-23,2
394,55.167210418805915,24.24957703699809,9,2023-01-24,2
395,57.70587212480936,24.934982395425113,9,2023-01-25,2
396,61.82026871311682,26.535679858881732,9,2023-01-26,2
397,58.921984313695546,24.112583053333495,9,2023-01-27,2
398,67.76254661622346,27.85988653161853,9,2023-01-28,2
399,46.51095570182741,19.460217199102058,9,2023-01-30,2
400,56.37335217772011,24.168896971911867,9,2023-01-31,2
401,59.472525839461014,25.174120582539352,9,2023-02-01,2
402,64.71788108257502,27.543015858406804,9,2023-02-02,2
403,60.86741822047981,25.40329128884943,9,2023-02-03,2
404,68.16701966160338,29.141996058787267,9,2023-02-04,2
405,46.49978524219159,20.10097731106612,9,2023-02-06,2
406,56.98561269720645,24.571789096182897,9,2023-02-07,2
407,59.82614993898597,25.23616175082148,9,2023-02-08,2
408,64.20096578177319,27.71162500547619,9,2023-02-09,2
409,62.62912662350395,25.930576387232847,9,2023-02-10,2
410,69.37633529468717,29.00860494118342,9,2023-02-11,2
411,47.66541854572156,20.032625326814557,9,2023-02-13,2
412,59.925,24.4,37,2023-01-16,2
413,53.7,27.0,37,2023-01-17,2
414,62.775,29.6,37,2023-01-18,2
415,67.0,27.85,37,2023-01-19,2
416,65.625,26.2,37,2023-01-20,2
417,94.375,37.5,37,2023-01-21,2
418,53.35,20.9,37,2023-01-23,2
419,61.925,24.85,37,2023-01-24,2
420,70.95,25.6,37,2023-01-25,2
421,63.65,25.8,37,2023-01-26,2
422,67.0,26.25,37,2023-01-27,2
423,104.3,36.85,37,2023-01-28,2
424,52.15,22.4,37,2023-01-30,2
425,56.825,25.1,37,2023-01-31,2
426,62.425,26.2,37,2023-02-01,2
427,75.175,30.65,37,2023-02-02,2
428,59.8,23.0,37,2023-02-03,2
429,107.75,39.85,37,2023-02-04,2
430,54.0,24.6,37,2023-02-06,2
431,56.875,24.35,37,2023-02-07,2
432,64.5,26.1,37,2023-02-08,2
433,70.375,31.4,37,2023-02-09,2
434,66.5,26.55,37,2023-02-10,2
435,96.5,37.5,37,2023-02-11,2
436,56.175,24.1,37,2023-02-13,2
437,83.625,48.43,1,2023-02-28,3
438,88.86,47.35,1,2023-03-01,3
439,95.51,53.18,1,2023-03-02,3
440,78.19,41.65,1,2023-03-03,3
441,142.15,73.71,1,2023-03-04,3
442,70.38,38.35,1,2023-03-06,3
443,91.065,51.35,1,2023-03-07,3
444,85.46,46.48,1,2023-03-08,3
445,99.605,55.74,1,2023-03-09,3
446,81.705,45.67,1,2023-03-10,3
447,141.255,74.81,1,2023-03-11,3
448,69.75,39.01,1,2023-03-13,3
449,86.54,49.01,1,2023-03-14,3
450,89.63,47.97,1,2023-03-15,3
451,102.37,57.66,1,2023-03-16,3
452,81.56,44.54,1,2023-03-17,3
453,150.0,78.97,1,2023-03-18,3
454,68.62,37.73,1,2023-03-20,3
455,85.375,48.1,1,2023-03-21,3
456,90.21,48.2,1,2023-03-22,3
457,99.035,56.93,1,2023-03-23,3
458,78.625,44.7,1,2023-03-24,3
459,144.0,75.78,1,2023-03-25,3
460,67.47,36.76,1,2023-03-27,3
461,83.57,44.77,1,2023-03-28,3
462,91.365,48.63,1,2023-03-29,3
463,135.2313333333333,65.70526666666666,2,2023-02-28,3
464,119.02296666666668,57.67248,2,2023-03-01,3
465,160.657,73.812,2,2023-03-02,3
466,106.96953333333335,48.33466666666667,2,2023-03-03,3
467,225.39,101.402,2,2023-03-04,3
468,71.76866666666666,39.74233333333333,2,2023-03-05,3
469,96.41540073260073,45.58136923076923,2,2023-03-06,3
470,130.03411428571428,63.09137142857143,2,2023-03-07,3
471,127.54274285714285,61.89862857142857,2,2023-03-08,3
472,161.7886666666667,74.348,2,2023-03-09,3
473,105.2092,48.067,2,2023-03-10,3
474,235.674,104.2,2,2023-03-11,3
475,71.42766666666665,39.17533333333333,2,2023-03-12,3
476,99.32033333333334,45.07033333333334,2,2023-03-13,3
477,132.01754545454548,64.10854545454545,2,2023-03-14,3
478,131.76274285714288,64.01981333333335,2,2023-03-15,3
479,160.00466666666665,75.46266666666666,2,2023-03-16,3
480,106.175,47.0685,2,2023-03-17,3
481,241.066,106.352,2,2023-03-18,3
482,76.323,41.996,2,2023-03-19,3
483,101.46593406593406,45.48334065934066,2,2023-03-20,3
484,132.21354545454548,66.09554545454546,2,2023-03-21,3
485,135.7996,62.60586666666667,2,2023-03-22,3
486,165.476,75.524,2,2023-03-23,3
487,104.42348888888888,45.78557777777778,2,2023-03-24,3
488,241.066,108.408,2,2023-03-25,3
489,76.546,42.876,2,2023-03-26,3
490,103.81706666666666,48.042399999999994,2,2023-03-27,3
491,123.23887878787879,62.77721212121212,2,2023-03-28,3
492,140.32566666666668,65.20533333333334,2,2023-03-29,3
493,70.8925,40.3,3,2023-02-28,3
494,72.3075,40.495,3,2023-03-01,3
495,75.4575,41.58,3,2023-03-02,3
496,77.4775,41.86,3,2023-03-03,3
497,77.745,42.25,3,2023-03-04,3
498,54.6425,30.095,3,2023-03-06,3
499,66.965,37.05,3,2023-03-07,3
500,69.31,37.275,3,2023-03-08,3
501,73.275,39.91,3,2023-03-09,3
502,74.85,40.355,3,2023-03-10,3
503,82.615,44.75,3,2023-03-11,3
504,53.94,29.025,3,2023-03-13,3
505,69.9325,39.225,3,2023-03-14,3
506,70.2875,39.125,3,2023-03-15,3
507,74.675,41.09,3,2023-03-16,3
508,79.25,42.95,3,2023-03-17,3
509,83.45,45.32,3,2023-03-18,3
510,54.8825,30.04,3,2023-03-20,3
511,73.8175,40.595,3,2023-03-21,3
512,74.915,40.535,3,2023-03-22,3
513,77.1825,41.99,3,2023-03-23,3
514,77.76,42.775,3,2023-03-24,3
515,84.645,48.02,3,2023-03-25,3
516,54.07,30.28,3,2023-03-27,3
517,72.2925,42.2,3,2023-03-28,3
518,73.9775,39.6,3,2023-03-29,3
519,51.3585,22.673,4,2023-02-28,3
520,52.7575,22.592,4,2023-03-01,3
521,57.4735,26.112,4,2023-03-02,3
522,49.0175,20.033,4,2023-03-03,3
523,94.3375,37.528,4,2023-03-04,3
524,40.372,15.577,4,2023-03-06,3
525,50.5825,21.854,4,2023-03-07,3
526,52.47,22.377,4,2023-03-08,3
527,59.5315,26.725,4,2023-03-09,3
528,48.8915,20.39,4,2023-03-10,3
529,105.2715,41.392,4,2023-03-11,3
530,42.4655,16.891,4,2023-03-13,3
531,50.5635,22.302,4,2023-03-14,3
532,53.805,23.273,4,2023-03-15,3
533,58.7995,25.928,4,2023-03-16,3
534,51.0025,21.393,4,2023-03-17,3
535,105.3495,41.887,4,2023-03-18,3
536,45.087,17.852,4,2023-03-20,3
537,49.681,21.731,4,2023-03-21,3
538,58.8405,25.848,4,2023-03-22,3
539,62.0785,27.468,4,2023-03-23,3
540,50.3,20.756,4,2023-03-24,3
541,113.166,44.304,4,2023-03-25,3
542,42.055,16.341,4,2023-03-27,3
543,50.789,21.958,4,2023-03-28,3
544,58.5175,25.537,4,2023-03-29,3
545,44.72600833333335,32.89405476190477,6,2023-02-28,3
546,58.057848809523776,41.682156349206366,6,2023-03-01,3
547,52.33892301587301,41.063634920634954,6,2023-03-02,3
548,32.28118293650793,24.89031666666666,6,2023-03-03,3
549,54.499092857142834,38.22719682539681,6,2023-03-04,3
550,31.490860714285727,22.52016904761906,6,2023-03-06,3
551,45.01477380952381,34.587814285714295,6,2023-03-07,3
552,62.44865992063492,43.80591269841271,6,2023-03-08,3
553,49.81992380952383,37.56767936507934,6,2023-03-09,3
554,32.38425126262627,26.006984848484844,6,2023-03-10,3
555,55.03824047619044,37.50471428571425,6,2023-03-11,3
556,32.51242142857141,22.98627777777777,6,2023-03-13,3
557,43.468170057720066,33.08035411255411,6,2023-03-14,3
558,66.49523412698412,47.04635873015874,6,2023-03-15,3
559,52.86020396825397,40.9781015873016,6,2023-03-16,3
560,31.8197492063492,26.158545238095243,6,2023-03-17,3
561,55.154128571428565,39.07381904761906,6,2023-03-18,3
562,33.392774675324695,24.08800548340549,6,2023-03-20,3
563,44.15818253968256,34.01734285714288,6,2023-03-21,3
564,69.97255238095237,48.49548095238093,6,2023-03-22,3
565,53.59036450216449,41.51824696969696,6,2023-03-23,3
566,31.414402380952367,23.604460317460326,6,2023-03-24,3
567,57.29573730158728,39.64074682539681,6,2023-03-25,3
568,33.77149603174603,24.872719047619043,6,2023-03-27,3
569,44.39508174603178,33.257102380952375,6,2023-03-28,3
570,80.71485317460316,54.09696984126984,6,2023-03-29,3
571,77.57375,43.73,7,2023-02-28,3
572,76.52,43.9925,7,2023-03-01,3
573,83.23375,50.2675,7,2023-03-02,3
574,65.61375,38.3175,7,2023-03-03,3
575,106.22,56.5225,7,2023-03-04,3
576,52.12125,33.665,7,2023-03-06,3
577,78.09,44.1175,7,2023-03-07,3
578,75.30875,42.9125,7,2023-03-08,3
579,80.54,49.175,7,2023-03-09,3
580,61.77875,35.0825,7,2023-03-10,3
581,107.865,58.2275,7,2023-03-11,3
582,52.095,34.8925,7,2023-03-13,3
583,78.73,44.66,7,2023-03-14,3
584,77.93375,43.595,7,2023-03-15,3
585,82.7125,49.575,7,2023-03-16,3
586,63.5375,35.9925,7,2023-03-17,3
587,108.925,59.015,7,2023-03-18,3
588,52.2525,34.1775,7,2023-03-20,3
589,73.99875,41.3975,7,2023-03-21,3
590,77.15125,43.975,7,2023-03-22,3
591,81.02625,48.125,7,2023-03-23,3
592,62.8025,36.0275,7,2023-03-24,3
593,108.015,58.155,7,2023-03-25,3
594,52.27625,34.0675,7,2023-03-27,3
595,77.14875,42.5525,7,2023-03-28,3
596,78.37625,44.69,7,2023-03-29,3
597,91.395,34.76,8,2023-02-28,3
598,80.925,33.44,8,2023-03-01,3
599,82.365,33.68,8,2023-03-02,3
600,96.665,37.755,8,2023-03-03,3
601,101.4,39.37,8,2023-03-04,3
602,63.94,25.78,8,2023-03-06,3
603,88.475,33.755,8,2023-03-07,3
604,80.59,33.305,8,2023-03-08,3
605,80.2,32.34,8,2023-03-09,3
606,102.97,39.05,8,2023-03-10,3
607,103.145,39.1,8,2023-03-11,3
608,63.235,25.69,8,2023-03-13,3
609,92.6225,34.455,8,2023-03-14,3
610,82.74,34.17,8,2023-03-15,3
611,84.7975,35.15,8,2023-03-16,3
612,98.4425,40.025,8,2023-03-17,3
613,103.885,40.77,8,2023-03-18,3
614,61.5975,24.93,8,2023-03-20,3
615,90.4425,33.87,8,2023-03-21,3
616,83.745,33.205,8,2023-03-22,3
617,85.9,34.065,8,2023-03-23,3
618,103.1375,39.93,8,2023-03-24,3
619,104.5675,40.94,8,2023-03-25,3
620,63.5475,25.935,8,2023-03-27,3
621,90.15,33.8,8,2023-03-28,3
622,83.095,33.7,8,2023-03-29,3
623,54.62933717344747,22.933797184841296,9,2023-02-28,3
624,60.66354093697194,25.650271733061377,9,2023-03-01,3
625,59.70454877189802,24.70355670963024,9,2023-03-02,3
626,57.751939086616424,23.436134107872693,9,2023-03-03,3
627,67.5237812665276,27.27082364979792,9,2023-03-04,3
628,44.77001455965776,17.75870352128093,9,2023-03-06,3
629,55.748295867380335,22.87074214658246,9,2023-03-07,3
630,60.585515188651186,25.549148499784522,9,2023-03-08,3
631,60.91518494909113,24.944528926387605,9,2023-03-09,3
632,58.667939185180586,23.888644756645153,9,2023-03-10,3
633,69.46345399581237,27.395938314793305,9,2023-03-11,3
634,45.00811181554727,18.01353754142744,9,2023-03-13,3
635,58.054874625170605,24.16748479420906,9,2023-03-14,3
636,61.52796111728187,25.462990749339237,9,2023-03-15,3
637,63.70699579114555,26.45380030620395,9,2023-03-16,3
638,60.05534262609169,24.230708938679133,9,2023-03-17,3
639,73.22835200300219,28.68446608115395,9,2023-03-18,3
640,44.63934552199608,18.055368604563657,9,2023-03-20,3
641,57.24262398286004,23.689275349383266,9,2023-03-21,3
642,63.663337281655366,26.529821468392278,9,2023-03-22,3
643,63.80622475237182,26.14723208450044,9,2023-03-23,3
644,60.687397189175606,24.513241514763166,9,2023-03-24,3
645,74.40392656648905,29.53301736457986,9,2023-03-25,3
646,46.75182488263371,19.430852523293712,9,2023-03-27,3
647,60.810625339733775,25.925280565431304,9,2023-03-28,3
648,60.73090474619335,25.657303779553775,9,2023-03-29,3
649,67.6315,29.919,37,2023-02-28,3
650,61.277,28.065,37,2023-03-01,3
651,63.1565,28.275,37,2023-03-02,3
652,60.3345,27.222,37,2023-03-03,3
653,99.997,39.635,37,2023-03-04,3
654,48.9475,22.711,37,2023-03-06,3
655,62.5565,27.957,37,2023-03-07,3
656,61.8195,27.275,37,2023-03-08,3
657,64.6755,28.437,37,2023-03-09,3
658,60.108,26.466,37,2023-03-10,3
659,101.66,40.045,37,2023-03-11,3
660,49.812,22.852,37,2023-03-13,3
661,60.699,27.982,37,2023-03-14,3
662,63.8505,28.278,37,2023-03-15,3
663,65.5795,29.178,37,2023-03-16,3
664,60.7975,26.792,37,2023-03-17,3
665,101.857,40.099,37,2023-03-18,3
666,49.817,22.73,37,2023-03-20,3
667,62.737,28.287,37,2023-03-21,3
668,66.077,28.49,37,2023-03-22,3
669,65.807,28.431,37,2023-03-23,3
670,60.4225,25.966,37,2023-03-24,3
671,96.83,38.89,37,2023-03-25,3
672,49.7845,23.17,37,2023-03-27,3
673,60.864,28.085,37,2023-03-28,3
674,65.5565,28.833,37,2023-03-29,3
675,93.838,53.9,1,2023-04-13,4
676,82.7365,45.999,1,2023-04-14,4
677,137.64,74.178,1,2023-04-15,4
678,71.283,42.946,1,2023-04-17,4
679,85.1,52.086,1,2023-04-18,4
680,98.624,59.564,1,2023-04-19,4
681,102.3615,59.5765,1,2023-04-20,4
682,88.36230769230768,54.00915384615384,1,2023-04-21,4
683,141.048,77.184,1,2023-04-22,4
684,70.846,38.588,1,2023-04-24,4
685,91.395,52.038,1,2023-04-25,4
686,97.936,57.66033333333333,1,2023-04-26,4
687,102.569,59.932,1,2023-04-27,4
688,83.139,49.656,1,2023-04-28,4
689,149.442,81.524,1,2023-04-29,4
690,88.317,51.768,1,2023-05-02,4
691,93.824,55.206,1,2023-05-04,4
692,88.16914285714286,55.341142857142856,1,2023-05-05,4
693,142.997,77.174,1,2023-05-06,4
694,69.902,39.77833333333333,1,2023-05-08,4
695,92.12,52.804,1,2023-05-09,4
696,93.3225,52.229,1,2023-05-10,4
697,98.677,56.88,1,2023-05-11,4
698,83.87114102564102,48.08759829059829,1,2023-05-12,4
699,158.94124271284264,74.10896385281386,2,2023-04-13,4
700,105.71559426406931,47.65097157287162,2,2023-04-14,4
701,201.73570072150073,95.21087121212125,2,2023-04-15,4
702,81.47830656565652,42.53071089466093,2,2023-04-16,4
703,85.63287928182928,37.742111194361186,2,2023-04-17,4
704,117.51753396603398,56.890716089466046,2,2023-04-18,4
705,124.65850833333336,58.90771536796536,2,2023-04-19,4
706,161.24300217005225,75.91004553224546,2,2023-04-20,4
707,106.43843101343093,49.16639488844492,2,2023-04-21,4
708,222.33136796536806,103.84009112554119,2,2023-04-22,4
709,76.41689076479076,41.03052157287156,2,2023-04-23,4
710,98.69955764790765,43.437365945165936,2,2023-04-24,4
711,127.95628167388165,61.7569695526696,2,2023-04-25,4
712,127.69333383838378,61.20513845598846,2,2023-04-26,4
713,166.27702438672446,77.25410894660902,2,2023-04-27,4
714,95.83198039183038,45.47917314907317,2,2023-04-28,4
715,229.35668585858596,105.59621147186155,2,2023-04-29,4
716,75.93626973304468,42.548044805194806,2,2023-04-30,4
717,126.5994711399712,61.462625324675344,2,2023-05-02,4
718,165.76968318903323,77.28177121212123,2,2023-05-04,4
719,105.35556194083686,48.699770707070705,2,2023-05-05,4
720,211.0871480824731,96.4347546342546,2,2023-05-06,4
721,73.51944134199138,41.76372251082252,2,2023-05-07,4
722,92.20007698412698,44.165365800865786,2,2023-05-08,4
723,128.83034227994227,60.70585923520924,2,2023-05-09,4
724,122.69954927849926,55.484939249639304,2,2023-05-10,4
725,164.72515555555572,76.90926984126983,2,2023-05-11,4
726,106.55768466810967,48.624561832611796,2,2023-05-12,4
727,68.65,36.2,3,2023-04-13,4
728,74.65,42.15,3,2023-04-14,4
729,79.8,41.1,3,2023-04-15,4
730,57.55,29.15,3,2023-04-17,4
731,65.45,36.65,3,2023-04-18,4
732,75.55,42.8,3,2023-04-19,4
733,71.45,38.3,3,2023-04-20,4
734,78.875,44.0,3,2023-04-21,4
735,85.8,44.3,3,2023-04-22,4
736,55.1,28.65,3,2023-04-24,4
737,70.475,40.25,3,2023-04-25,4
738,76.075,42.85,3,2023-04-26,4
739,80.175,44.95,3,2023-04-27,4
740,81.75,46.75,3,2023-04-28,4
741,86.5,46.6,3,2023-04-29,4
742,66.2,35.95,3,2023-05-02,4
743,70.475,39.35,3,2023-05-04,4
744,76.8,49.8,3,2023-05-05,4
745,85.8,47.75,3,2023-05-06,4
746,57.15,31.25,3,2023-05-08,4
747,66.7,36.45,3,2023-05-09,4
748,74.475,45.45,3,2023-05-10,4
749,76.55,43.05,3,2023-05-11,4
750,81.1,46.65,3,2023-05-12,4
751,58.1975,25.05,4,2023-04-13,4
752,51.7525,21.355,4,2023-04-14,4
753,86.195,34.585,4,2023-04-15,4
754,44.2075,17.785,4,2023-04-17,4
755,54.4375,23.68,4,2023-04-18,4
756,58.9125,26.405,4,2023-04-19,4
757,61.0125,27.475,4,2023-04-20,4
758,52.2375,23.945,4,2023-04-21,4
759,98.43,39.62,4,2023-04-22,4
760,48.7575,18.365,4,2023-04-24,4
761,52.9425,22.995,4,2023-04-25,4
762,56.3825,24.375,4,2023-04-26,4
763,62.7275,27.65,4,2023-04-27,4
764,50.75,22.105,4,2023-04-28,4
765,101.5875,41.085,4,2023-04-29,4
766,50.3375,21.175,4,2023-05-02,4
767,55.8225,24.93,4,2023-05-04,4
768,52.1475,21.9,4,2023-05-05,4
769,109.2925,43.345,4,2023-05-06,4
770,44.5325,17.99,4,2023-05-08,4
771,59.025,25.29,4,2023-05-09,4
772,57.1925,24.3,4,2023-05-10,4
773,65.435,26.965,4,2023-05-11,4
774,52.245,22.025,4,2023-05-12,4
775,51.59417460317462,41.23375396825396,6,2023-04-13,4
776,32.808985389610406,23.293044913419905,6,2023-04-14,4
777,55.112267857142854,41.09127380952382,6,2023-04-15,4
778,33.53040178571428,23.951498015873018,6,2023-04-17,4
779,45.40056250000002,35.492710317460315,6,2023-04-18,4
780,80.055,54.97674999999998,6,2023-04-19,4
781,52.90511904761905,39.93333333333334,6,2023-04-20,4
782,33.079011904761906,27.259498015873035,6,2023-04-21,4
783,56.7106130952381,40.09792857142857,6,2023-04-22,4
784,36.37365277777779,25.127853174603175,6,2023-04-24,4
785,44.2440138888889,32.20002380952382,6,2023-04-25,4
786,72.0598928571429,49.10586904761904,6,2023-04-26,4
787,56.44666666666666,45.842821428571405,6,2023-04-27,4
788,34.28826217532469,26.506261183261177,6,2023-04-28,4
789,56.21804761904763,40.80670238095238,6,2023-04-29,4
790,42.65268452380953,32.61240476190477,6,2023-05-02,4
791,53.88544047619049,39.98860714285713,6,2023-05-04,4
792,34.99829761904762,28.770670634920624,6,2023-05-05,4
793,56.020589285714266,40.091476190476186,6,2023-05-06,4
794,32.94698538961038,24.96065800865801,6,2023-05-08,4
795,46.5012886904762,35.052886904761884,6,2023-05-09,4
796,74.76319642857142,52.28223809523811,6,2023-05-10,4
797,53.545662698412734,41.18870436507936,6,2023-05-11,4
798,34.729154761904745,26.127831349206346,6,2023-05-12,4
799,74.392,44.685,7,2023-04-13,4
800,70.733,39.683,7,2023-04-14,4
801,106.3975,57.527,7,2023-04-15,4
802,57.032,36.998,7,2023-04-17,4
803,76.8835,43.751,7,2023-04-18,4
804,78.809,46.967,7,2023-04-19,4
805,80.922,47.998,7,2023-04-20,4
806,70.488,41.377,7,2023-04-21,4
807,101.684,54.698,7,2023-04-22,4
808,56.6775,36.435,7,2023-04-24,4
809,73.8035,41.743,7,2023-04-25,4
810,75.0335,43.342,7,2023-04-26,4
811,77.2995,46.108,7,2023-04-27,4
812,66.9865,38.67,7,2023-04-28,4
813,107.34,58.127,7,2023-04-29,4
814,70.334,40.097,7,2023-05-02,4
815,74.931,45.015,7,2023-05-04,4
816,65.884,38.044,7,2023-05-05,4
817,105.863,57.851,7,2023-05-06,4
818,53.629,34.875,7,2023-05-08,4
819,78.639,45.065,7,2023-05-09,4
820,76.6035,43.799,7,2023-05-10,4
821,79.2705,47.518,7,2023-05-11,4
822,68.077,40.545,7,2023-05-12,4
823,74.27239672464187,30.169653382801403,8,2023-04-13,4
824,97.59985695411616,38.311812153940835,8,2023-04-14,4
825,97.04961305743616,37.26065824881816,8,2023-04-15,4
826,63.019990484811935,24.940450462334383,8,2023-04-17,4
827,86.24270180962829,34.7959577130386,8,2023-04-18,4
828,83.5409812393739,36.196224318437295,8,2023-04-19,4
829,86.95091922862068,36.82999114802587,8,2023-04-20,4
830,103.60270522184352,41.679036921970365,8,2023-04-21,4
831,102.5370818712949,40.235587522621,8,2023-04-22,4
832,66.72746200842934,26.365106850107246,8,2023-04-24,4
833,90.70931274954617,35.029064274369425,8,2023-04-25,4
834,86.5615041374389,35.489168077128404,8,2023-04-26,4
835,84.57532531383309,34.12390624534993,8,2023-04-27,4
836,104.62042153206052,42.018477249788404,8,2023-04-28,4
837,104.55258803369833,41.52179030609911,8,2023-04-29,4
838,88.28214967025795,34.683317008821085,8,2023-05-02,4
839,76.45911110309972,31.77019743388707,8,2023-05-04,4
840,99.66674983900899,39.96088537402139,8,2023-05-05,4
841,96.80398326058952,38.56064997667599,8,2023-05-06,4
842,60.73246684049955,25.206763381419933,8,2023-05-08,4
843,88.05542697927072,34.221837034289244,8,2023-05-09,4
844,86.09842521469541,34.785140644486226,8,2023-05-10,4
845,84.14440853828766,34.101822868421024,8,2023-05-11,4
846,107.00408734300831,42.37414909232922,8,2023-05-12,4
847,57.40483520126038,24.484888716886108,9,2023-04-13,4
848,55.61751299341413,23.121396346553666,9,2023-04-14,4
849,72.7838079184704,28.968588600288598,9,2023-04-15,4
850,44.33364470598845,17.659844516594518,9,2023-04-17,4
851,55.450848728895814,23.44524033477306,9,2023-04-18,4
852,59.597619945004226,25.86705109931779,9,2023-04-19,4
853,62.571828189061634,26.861578919794734,9,2023-04-20,4
854,60.31413707116007,25.27934247701449,9,2023-04-21,4
855,72.9464102432384,29.898767805861564,9,2023-04-22,4
856,44.66107146881741,17.329437268585604,9,2023-04-24,4
857,59.79708544479731,25.059878663350577,9,2023-04-25,4
858,61.95080649316254,25.944551736916207,9,2023-04-26,4
859,61.539168523233066,26.185973704616064,9,2023-04-27,4
860,61.29859548125702,26.640181599951035,9,2023-04-28,4
861,72.68263879870129,29.58220490620491,9,2023-04-29,4
862,55.386760229759886,23.297214005702145,9,2023-05-02,4
863,58.49374315232885,24.72784136387052,9,2023-05-04,4
864,58.71672375844232,24.607293173034314,9,2023-05-05,4
865,72.89089246632993,29.01887283549784,9,2023-05-06,4
866,45.21837872882009,18.84983021993437,9,2023-05-08,4
867,56.82979062915051,23.949731302342293,9,2023-05-09,4
868,58.34393181292066,24.25462771456164,9,2023-05-10,4
869,60.17208312579648,25.30113904006153,9,2023-05-11,4
870,59.92329120562851,24.51875143787218,9,2023-05-12,4
871,64.1455,28.398,37,2023-04-13,4
872,65.0365,28.884,37,2023-04-14,4
873,83.1865,32.914,37,2023-04-15,4
874,53.942,25.065,37,2023-04-17,4
875,64.876,30.785,37,2023-04-18,4
876,62.596,28.326,37,2023-04-19,4
877,66.39,28.504,37,2023-04-20,4
878,60.4645,26.325,37,2023-04-21,4
879,87.5675,35.848,37,2023-04-22,4
880,51.3955,23.768,37,2023-04-24,4
881,61.792,28.395,37,2023-04-25,4
882,64.074,29.239,37,2023-04-26,4
883,67.1515,29.473,37,2023-04-27,4
884,61.052,27.582,37,2023-04-28,4
885,95.9005,38.92,37,2023-04-29,4
886,60.106,27.431,37,2023-05-02,4
887,65.905,28.676,37,2023-05-04,4
888,62.857,28.496,37,2023-05-05,4
889,97.6705,37.479,37,2023-05-06,4
890,50.684,23.194,37,2023-05-08,4
891,65.632,30.027,37,2023-05-09,4
892,63.2505,29.058,37,2023-05-10,4
893,69.25,31.212,37,2023-05-11,4
894,61.248,28.244,37,2023-05-12,4
895,151.3875,81.345,1,2023-05-27,5
896,73.0,40.975,1,2023-05-29,5
897,92.57875,53.30875,1,2023-05-30,5
898,97.4575,53.98666666666666,1,2023-05-31,5
899,98.52083333333331,56.11666666666666,1,2023-06-01,5
900,80.8805,46.01466666666667,1,2023-06-02,5
901,146.8475,78.265,1,2023-06-03,5
902,69.14,38.0425,1,2023-06-05,5
903,86.3475,45.605,1,2023-06-06,5
904,94.92,51.36,1,2023-06-07,5
905,77.715,40.63666666666666,1,2023-06-09,5
906,144.3975,74.315,1,2023-06-10,5
907,71.6025,37.9925,1,2023-06-12,5
908,85.8575,47.355,1,2023-06-13,5
909,91.1575,51.20166666666666,1,2023-06-14,5
910,96.055,51.705,1,2023-06-15,5
911,78.8575,41.12,1,2023-06-16,5
912,137.525,71.915,1,2023-06-17,5
913,73.07375,38.275,1,2023-06-19,5
914,81.0975,42.325,1,2023-06-20,5
915,95.445,51.785,1,2023-06-21,5
916,92.89450000000001,50.333,1,2023-06-22,5
917,77.3925,40.54,1,2023-06-23,5
918,128.385,67.33,1,2023-06-24,5
919,241.18,106.63,2,2023-05-27,5
920,75.33,42.18,2,2023-05-28,5
921,101.67,46.73,2,2023-05-29,5
922,126.89,58.36,2,2023-05-30,5
923,145.0,66.33,2,2023-05-31,5
924,181.81,85.53,2,2023-06-01,5
925,109.67,47.95,2,2023-06-02,5
926,244.02,104.5,2,2023-06-03,5
927,76.03,40.74,2,2023-06-04,5
928,107.67,46.35,2,2023-06-05,5
929,131.28,60.0,2,2023-06-06,5
930,139.67,62.07,2,2023-06-07,5
931,103.39,45.28,2,2023-06-09,5
932,231.29,101.34,2,2023-06-10,5
933,78.56,41.35,2,2023-06-11,5
934,101.34,47.88,2,2023-06-12,5
935,127.47,61.78,2,2023-06-13,5
936,146.31,67.12,2,2023-06-14,5
937,161.73,75.88,2,2023-06-15,5
938,115.09,50.76,2,2023-06-16,5
939,230.94,98.58,2,2023-06-17,5
940,75.32,41.94,2,2023-06-18,5
941,104.04,45.89,2,2023-06-19,5
942,128.79,59.72,2,2023-06-20,5
943,143.115,64.63,2,2023-06-21,5
944,164.47,76.08,2,2023-06-22,5
945,108.155,47.86,2,2023-06-23,5
946,238.965,101.47,2,2023-06-24,5
947,79.47,41.12,2,2023-06-25,5
948,88.885,50.2,3,2023-05-27,5
949,55.125,29.47,3,2023-05-29,5
950,70.22,39.37,3,2023-05-30,5
951,76.24,42.04,3,2023-05-31,5
952,79.86,43.0,3,2023-06-01,5
953,80.17,44.96,3,2023-06-02,5
954,84.0,45.19,3,2023-06-03,5
955,54.75,28.63,3,2023-06-05,5
956,67.79,36.61,3,2023-06-06,5
957,79.35,41.68,3,2023-06-07,5
958,72.63,38.93,3,2023-06-09,5
959,80.59,42.77,3,2023-06-10,5
960,56.395,30.16,3,2023-06-12,5
961,72.15,37.83,3,2023-06-13,5
962,74.725,39.96,3,2023-06-14,5
963,78.46,42.07,3,2023-06-15,5
964,79.405,41.95,3,2023-06-16,5
965,82.555,44.62,3,2023-06-17,5
966,56.56,29.69,3,2023-06-19,5
967,71.24,38.45,3,2023-06-20,5
968,74.69,39.66,3,2023-06-21,5
969,78.41,42.34,3,2023-06-22,5
970,79.03,42.89,3,2023-06-23,5
971,82.57,42.78,3,2023-06-24,5
972,111.03153932178931,43.816701298701304,4,2023-05-27,5
973,45.426712301587294,17.54411904761905,4,2023-05-29,5
974,53.95988102079914,23.20845320197044,4,2023-05-30,5
975,58.437541005290996,24.77531084656084,4,2023-05-31,5
976,65.53996951659451,27.21763059163059,4,2023-06-01,5
977,52.01496569652061,21.208900977740786,4,2023-06-02,5
978,113.16035281385278,44.68799891774892,4,2023-06-03,5
979,46.970422619047625,18.653357142857143,4,2023-06-05,5
980,52.55167741220965,22.132911236689342,4,2023-06-06,5
981,60.26604517704518,26.089376678876675,4,2023-06-07,5
982,51.08611904761905,20.504623015873012,4,2023-06-09,5
983,106.88654076479074,39.950152958152955,4,2023-06-10,5
984,48.0191103896104,18.859605699855706,4,2023-06-12,5
985,53.366138826329596,22.997000972954922,4,2023-06-13,5
986,66.03013870851369,27.79349242424243,4,2023-06-14,5
987,62.77483459595958,25.536267316017312,4,2023-06-15,5
988,53.934953703703705,22.198037037037043,4,2023-06-16,5
989,114.01390476190471,43.16305158730159,4,2023-06-17,5
990,49.60794047619048,18.862825396825396,4,2023-06-19,5
991,54.66603369534946,23.076563979392926,4,2023-06-20,5
992,66.11015602453101,28.238509740259747,4,2023-06-21,5
993,64.2760586219336,27.239829365079373,4,2023-06-22,5
994,52.34263381063383,20.91558166833167,4,2023-06-23,5
995,112.5741341991342,42.26950216450217,4,2023-06-24,5
996,60.37109523809523,41.949904761904754,6,2023-05-27,5
997,33.503452380952375,24.498952380952378,6,2023-05-29,5
998,45.57184126984127,34.023444444444436,6,2023-05-30,5
999,95.84051984126985,62.13200793650793,6,2023-05-31,5
1000,52.05182539682541,39.09765873015874,6,2023-06-01,5
1001,30.096765873015876,23.73249206349206,6,2023-06-02,5
1002,61.11311904761904,41.795476190476194,6,2023-06-03,5
1003,34.16733333333333,23.54958730158731,6,2023-06-05,5
1004,45.15492857142857,33.61166666666666,6,2023-06-06,5
1005,91.25603174603171,56.29329365079365,6,2023-06-07,5
1006,33.05347619047618,25.67812698412698,6,2023-06-09,5
1007,62.15120562770563,42.451699134199124,6,2023-06-10,5
1008,34.657194805194806,25.211140692640697,6,2023-06-12,5
1009,44.06031746031746,31.477380952380962,6,2023-06-13,5
1010,83.10512301587303,53.386738095238094,6,2023-06-14,5
1011,53.75395238095237,43.87711904761905,6,2023-06-15,5
1012,32.370015873015866,24.21111904761905,6,2023-06-16,5
1013,62.71464285714287,41.01383333333333,6,2023-06-17,5
1014,34.67090476190476,25.387571428571427,6,2023-06-19,5
1015,45.87553968253968,33.52185714285716,6,2023-06-20,5
1016,86.77495598845597,54.80354761904762,6,2023-06-21,5
1017,53.1547619047619,40.12050000000001,6,2023-06-22,5
1018,32.45140476190476,23.268190476190476,6,2023-06-23,5
1019,58.915790043290045,38.79369047619048,6,2023-06-24,5
1020,111.697,58.353,7,2023-05-27,5
1021,52.992,33.97,7,2023-05-29,5
1022,76.478,42.292,7,2023-05-30,5
1023,76.1385,41.806,7,2023-05-31,5
1024,80.317,46.461,7,2023-06-01,5
1025,63.7295,35.659,7,2023-06-02,5
1026,109.533,57.319,7,2023-06-03,5
1027,53.202,34.507,7,2023-06-05,5
1028,77.26,42.552,7,2023-06-06,5
1029,76.4605,42.219,7,2023-06-07,5
1030,63.1135,36.458,7,2023-06-09,5
1031,106.389,56.726,7,2023-06-10,5
1032,54.878,34.725,7,2023-06-12,5
1033,74.648,41.662,7,2023-06-13,5
1034,77.545,43.743,7,2023-06-14,5
1035,81.439,46.911,7,2023-06-15,5
1036,65.474,37.12,7,2023-06-16,5
1037,108.3955,57.91,7,2023-06-17,5
1038,54.2495,33.819,7,2023-06-19,5
1039,76.0035,41.357,7,2023-06-20,5
1040,79.8155,45.27,7,2023-06-21,5
1041,81.782,46.851,7,2023-06-22,5
1042,65.524,36.763,7,2023-06-23,5
1043,104.451,54.479,7,2023-06-24,5
1044,105.03,39.11,8,2023-05-27,5
1045,63.89,24.26,8,2023-05-29,5
1046,97.71,36.38,8,2023-05-30,5
1047,83.645,33.26,8,2023-05-31,5
1048,86.63,34.03,8,2023-06-01,5
1049,114.19,41.66,8,2023-06-02,5
1050,105.69,38.98,8,2023-06-03,5
1051,69.225,25.51,8,2023-06-05,5
1052,96.67,35.9,8,2023-06-06,5
1053,82.03,33.8,8,2023-06-07,5
1054,106.59,39.52,8,2023-06-09,5
1055,95.495,34.22,8,2023-06-10,5
1056,64.635,23.98,8,2023-06-12,5
1057,94.415,34.43,8,2023-06-13,5
1058,82.88,34.98,8,2023-06-14,5
1059,82.63,33.92,8,2023-06-15,5
1060,111.04,40.63,8,2023-06-16,5
1061,100.88,36.81,8,2023-06-17,5
1062,63.785,24.09,8,2023-06-19,5
1063,93.215,35.74,8,2023-06-20,5
1064,85.11,35.38,8,2023-06-21,5
1065,84.48,36.18,8,2023-06-22,5
1066,109.48,41.3,8,2023-06-23,5
1067,101.715,37.06,8,2023-06-24,5
1068,78.40375,29.9275,9,2023-05-27,5
1069,47.8275,19.23,9,2023-05-29,5
1070,55.8825,23.0625,9,2023-05-30,5
1071,61.3425,25.6775,9,2023-05-31,5
1072,62.41,26.1725,9,2023-06-01,5
1073,62.9875,25.525,9,2023-06-02,5
1074,77.47875,29.1125,9,2023-06-03,5
1075,45.70375,18.495,9,2023-06-05,5
1076,57.41875,23.465,9,2023-06-06,5
1077,61.1225,25.845,9,2023-06-07,5
1078,60.99375,25.045,9,2023-06-09,5
1079,75.78875,29.6875,9,2023-06-10,5
1080,45.19,17.535,9,2023-06-12,5
1081,55.58375,23.5425,9,2023-06-13,5
1082,58.72625,24.2975,9,2023-06-14,5
1083,62.99125,26.4825,9,2023-06-15,5
1084,60.77125,24.5325,9,2023-06-16,5
1085,75.9575,28.645,9,2023-06-17,5
1086,45.73375,17.825,9,2023-06-19,5
1087,56.24875,22.56,9,2023-06-20,5
1088,61.35875,25.58,9,2023-06-21,5
1089,60.9875,25.4625,9,2023-06-22,5
1090,61.18,24.5225,9,2023-06-23,5
1091,75.01125,28.2525,9,2023-06-24,5
1092,101.325,40.7,37,2023-05-27,5
1093,50.525,22.7,37,2023-05-29,5
1094,58.9,24.8,37,2023-05-30,5
1095,75.075,32.8,37,2023-05-31,5
1096,58.6,24.7,37,2023-06-01,5
1097,68.85,29.05,37,2023-06-02,5
1098,99.5,42.9,37,2023-06-03,5
1099,48.15,22.35,37,2023-06-05,5
1100,64.45,29.3,37,2023-06-06,5
1101,70.45,29.55,37,2023-06-07,5
1102,56.775,27.0,37,2023-06-09,5
1103,103.35,40.4,37,2023-06-10,5
1104,49.125,23.75,37,2023-06-12,5
1105,67.6,31.6,37,2023-06-13,5
1106,67.45,28.85,37,2023-06-14,5
1107,59.75,27.0,37,2023-06-15,5
1108,69.35,28.9,37,2023-06-16,5
1109,101.15,38.9,37,2023-06-17,5
1110,53.6,23.3,37,2023-06-19,5
1111,65.5,29.55,37,2023-06-20,5
1112,70.1,29.1,37,2023-06-21,5
1113,65.15,29.1,37,2023-06-22,5
1114,62.725,26.55,37,2023-06-23,5
1115,105.55,41.7,37,2023-06-24,5
1116,69.86892857142858,35.449,1,2023-07-10,6
1117,86.16149999999999,45.2235,1,2023-07-11,6
1118,91.09000000000002,48.231,1,2023-07-12,6
1119,95.61219047619046,50.54978571428572,1,2023-07-13,6
1120,77.23376190476192,39.36666666666667,1,2023-07-14,6
1121,131.04252380952377,68.96603968253967,1,2023-07-15,6
1122,69.35985714285715,34.9137619047619,1,2023-07-17,6
1123,89.54483333333333,48.19533333333334,1,2023-07-18,6
1124,94.06566666666667,50.648714285714284,1,2023-07-19,6
1125,98.5242619047619,50.88933333333334,1,2023-07-20,6
1126,80.66309523809524,42.130714285714284,1,2023-07-21,6
1127,132.93304761904764,66.64280952380953,1,2023-07-22,6
1128,69.85083333333333,35.37816666666666,1,2023-07-24,6
1129,85.03407142857142,45.94530952380953,1,2023-07-25,6
1130,94.663,49.672000000000004,1,2023-07-26,6
1131,101.1042619047619,55.531190476190474,1,2023-07-27,6
1132,74.6097619047619,37.975904761904765,1,2023-07-28,6
1133,132.24044444444448,66.61888888888889,1,2023-07-29,6
1134,72.86242857142857,37.13971428571429,1,2023-07-31,6
1135,88.84309523809523,47.17819047619049,1,2023-08-01,6
1136,97.49709523809526,53.36485714285715,1,2023-08-02,6
1137,96.24177777777778,51.008515873015874,1,2023-08-03,6
1138,82.52133333333333,42.64088888888889,1,2023-08-04,6
1139,125.23147619047617,63.78469047619047,1,2023-08-05,6
1140,68.44416666666666,33.71983333333334,1,2023-08-07,6
1141,85.98030952380954,44.746761904761904,1,2023-08-08,6
1142,102.82893479279855,45.84267928167424,2,2023-07-10,6
1143,124.56108098759718,58.08620965353711,2,2023-07-11,6
1144,136.37045546180588,61.99246034867252,2,2023-07-12,6
1145,168.61994361949326,74.41762286595558,2,2023-07-13,6
1146,107.09576010296061,47.24760467990999,2,2023-07-14,6
1147,242.38371343936288,97.10366928204279,2,2023-07-15,6
1148,77.15944033669375,40.40196974405646,2,2023-07-16,6
1149,102.42709253993527,46.244911124408546,2,2023-07-17,6
1150,124.37299011785282,56.23838184533356,2,2023-07-18,6
1151,135.32382062998636,61.12857989760499,2,2023-07-19,6
1152,168.8217567709853,74.96579407750399,2,2023-07-20,6
1153,104.22546690824974,46.569598993608004,2,2023-07-21,6
1154,228.1775385755097,91.68371341367231,2,2023-07-22,6
1155,75.86542485289489,40.08462152680573,2,2023-07-23,6
1156,99.36447339413749,44.87439567755471,2,2023-07-24,6
1157,123.57121039959424,56.77463403955885,2,2023-07-25,6
1158,133.37274271704578,60.24287564354416,2,2023-07-26,6
1159,167.41135119958,75.32786387726124,2,2023-07-27,6
1160,104.87118009851967,45.58519464632667,2,2023-07-28,6
1161,237.70671584122027,98.00554763052905,2,2023-07-29,6
1162,73.68129037924,39.526319637639794,2,2023-07-30,6
1163,98.02048019824666,43.89566483862136,2,2023-07-31,6
1164,126.74865619941544,58.19789879119749,2,2023-08-01,6
1165,129.66996685263007,59.34847341560645,2,2023-08-02,6
1166,167.84698698768207,73.49364028931896,2,2023-08-03,6
1167,102.74476459946136,45.74096740129072,2,2023-08-04,6
1168,234.83355727935702,96.20558457096375,2,2023-08-05,6
1169,73.69306821397561,38.62901128471846,2,2023-08-06,6
1170,95.55951541390246,44.15948098187771,2,2023-08-07,6
1171,123.90844766680168,57.13098367632099,2,2023-08-08,6
1172,54.2875,28.0725,3,2023-07-10,6
1173,70.1225,36.9875,3,2023-07-11,6
1174,74.6425,37.7075,3,2023-07-12,6
1175,79.69125,41.4925,3,2023-07-13,6
1176,79.96,40.465,3,2023-07-14,6
1177,83.49625,42.4625,3,2023-07-15,6
1178,54.74375,28.6,3,2023-07-17,6
1179,71.90625,38.7775,3,2023-07-18,6
1180,73.61375,37.66,3,2023-07-19,6
1181,77.1375,40.075,3,2023-07-20,6
1182,80.0,41.7575,3,2023-07-21,6
1183,83.75125,43.0775,3,2023-07-22,6
1184,53.35,28.2225,3,2023-07-24,6
1185,66.28375,35.3625,3,2023-07-25,6
1186,74.75625,40.265,3,2023-07-26,6
1187,81.0475,43.9975,3,2023-07-27,6
1188,80.43625,41.8975,3,2023-07-28,6
1189,82.855,43.08,3,2023-07-29,6
1190,55.31,28.8325,3,2023-07-31,6
1191,71.71,38.24,3,2023-08-01,6
1192,73.1775,39.5175,3,2023-08-02,6
1193,78.42,41.785,3,2023-08-03,6
1194,81.67375,42.21,3,2023-08-04,6
1195,86.975,46.12,3,2023-08-05,6
1196,52.415,27.7075,3,2023-08-07,6
1197,72.6525,37.3725,3,2023-08-08,6
1198,48.77136607142857,18.672224206349192,4,2023-07-10,6
1199,58.30939753668765,23.681215259059595,4,2023-07-11,6
1200,65.56578472222223,27.467269841269836,4,2023-07-12,6
1201,66.05306817160829,26.988137878107217,4,2023-07-13,6
1202,55.787772408963576,20.874103479853478,4,2023-07-14,6
1203,118.66220833333331,41.47901785714284,4,2023-07-15,6
1204,47.13673214285713,18.069440476190476,4,2023-07-17,6
1205,58.58274295515807,23.739904292248625,4,2023-07-18,6
1206,66.94812073343326,27.21702494727495,4,2023-07-19,6
1207,71.28947619047617,28.494281746031756,4,2023-07-20,6
1208,56.707595238095216,20.996426587301585,4,2023-07-21,6
1209,115.34483035714284,41.74930753968255,4,2023-07-22,6
1210,49.918761904761894,19.432654761904764,4,2023-07-24,6
1211,57.16983928571429,23.634071428571428,4,2023-07-25,6
1212,61.59934935897433,26.30204532967033,4,2023-07-26,6
1213,66.58702876984121,26.415007936507926,4,2023-07-27,6
1214,57.09406994047618,21.163592261904753,4,2023-07-28,6
1215,113.47166666666669,41.97319841269841,4,2023-07-29,6
1216,48.5083988095238,18.496142857142853,4,2023-07-31,6
1217,56.22932738095237,23.951099206349205,4,2023-08-01,6
1218,66.78157142857143,26.49300216450217,4,2023-08-02,6
1219,66.00155212842715,26.681635281385287,4,2023-08-03,6
1220,54.25953273809523,20.345916666666668,4,2023-08-04,6
1221,111.21274404761908,41.346630952380956,4,2023-08-05,6
1222,55.4789420995671,23.2245545981796,4,2023-08-06,6
1223,45.18356349206351,17.66644444444445,4,2023-08-07,6
1224,57.82630306171813,24.31143259727694,4,2023-08-08,6
1225,32.921,23.889,6,2023-07-10,6
1226,45.681,32.826,6,2023-07-11,6
1227,84.9515,53.286,6,2023-07-12,6
1228,54.247,40.782,6,2023-07-13,6
1229,33.8425,25.005,6,2023-07-14,6
1230,60.052,40.131,6,2023-07-15,6
1231,33.205,23.979,6,2023-07-17,6
1232,45.578,33.189,6,2023-07-18,6
1233,82.2305,52.043,6,2023-07-19,6
1234,53.622,40.002,6,2023-07-20,6
1235,33.42,23.939,6,2023-07-21,6
1236,56.246,37.778,6,2023-07-22,6
1237,32.568,23.321,6,2023-07-24,6
1238,44.2465,32.176,6,2023-07-25,6
1239,79.2885,50.866,6,2023-07-26,6
1240,55.2925,40.87,6,2023-07-27,6
1241,32.9575,23.583,6,2023-07-28,6
1242,56.457,37.8,6,2023-07-29,6
1243,33.994,24.246,6,2023-07-31,6
1244,44.747,32.452,6,2023-08-01,6
1245,81.6965,51.876,6,2023-08-02,6
1246,55.266,42.364,6,2023-08-03,6
1247,33.6305,24.339,6,2023-08-04,6
1248,57.9895,39.386,6,2023-08-05,6
1249,32.9055,24.158,6,2023-08-07,6
1250,43.712,31.236,6,2023-08-08,6
1251,51.57,32.55,7,2023-07-10,6
1252,76.275,38.34,7,2023-07-11,6
1253,74.71,39.99,7,2023-07-12,6
1254,79.78,46.46,7,2023-07-13,6
1255,64.13,34.93,7,2023-07-14,6
1256,106.625,53.33,7,2023-07-15,6
1257,49.39,31.08,7,2023-07-17,6
1258,73.735,38.78,7,2023-07-18,6
1259,76.165,39.49,7,2023-07-19,6
1260,80.13,44.37,7,2023-07-20,6
1261,65.475,35.99,7,2023-07-21,6
1262,106.24,52.06,7,2023-07-22,6
1263,50.365,31.42,7,2023-07-24,6
1264,74.465,36.57,7,2023-07-25,6
1265,74.4,39.34,7,2023-07-26,6
1266,81.64,46.25,7,2023-07-27,6
1267,62.48,35.68,7,2023-07-28,6
1268,106.13,52.95,7,2023-07-29,6
1269,53.935,34.37,7,2023-07-31,6
1270,73.245,37.89,7,2023-08-01,6
1271,74.365,40.33,7,2023-08-02,6
1272,81.18,44.68,7,2023-08-03,6
1273,67.805,37.1,7,2023-08-04,6
1274,107.4,54.26,7,2023-08-05,6
1275,53.535,33.6,7,2023-08-07,6
1276,74.605,36.63,7,2023-08-08,6
1277,65.51568462571468,24.991129964950776,8,2023-07-10,6
1278,93.8158741428675,34.18390527405707,8,2023-07-11,6
1279,83.3784066880975,33.954270550980524,8,2023-07-12,6
1280,88.29215624054675,34.78699773057799,8,2023-07-13,6
1281,109.3478678228977,40.83012805864538,8,2023-07-14,6
1282,100.40726953448937,35.746394115423755,8,2023-07-15,6
1283,64.13489681185796,24.3507770255318,8,2023-07-17,6
1284,93.11633817024004,33.43998316790129,8,2023-07-18,6
1285,82.07849205831403,33.45406273730251,8,2023-07-19,6
1286,88.19383506670887,34.82391235037995,8,2023-07-20,6
1287,108.71586666938313,40.14175669610972,8,2023-07-21,6
1288,98.27646591169297,33.70131887948988,8,2023-07-22,6
1289,65.15726624272935,24.434839383957407,8,2023-07-24,6
1290,93.37307877032573,33.989550050013534,8,2023-07-25,6
1291,80.58623120835136,32.241320438879534,8,2023-07-26,6
1292,88.27930479299195,34.76462466632288,8,2023-07-27,6
1293,107.4006731011468,39.66709659839342,8,2023-07-28,6
1294,97.7719508515322,34.33937247761346,8,2023-07-29,6
1295,64.67830070839922,23.820517291501154,8,2023-07-31,6
1296,92.7691259921999,33.95441346036327,8,2023-08-01,6
1297,83.7266196028443,34.03110591526646,8,2023-08-02,6
1298,87.95080021654198,35.0554011787886,8,2023-08-03,6
1299,105.23242402935932,38.98793812036764,8,2023-08-04,6
1300,97.22941849028187,34.66506960641227,8,2023-08-05,6
1301,66.12715776857057,25.231711305000818,8,2023-08-07,6
1302,93.74971584657737,34.07324778394434,8,2023-08-08,6
1303,43.70304761904761,17.12459523809524,9,2023-07-10,6
1304,54.58116666666669,20.899515873015865,9,2023-07-11,6
1305,58.69733333333333,23.31025,9,2023-07-12,6
1306,61.86264285714285,24.635273809523806,9,2023-07-13,6
1307,57.12343101343101,21.540322954822955,9,2023-07-14,6
1308,72.68157936507936,27.221825396825395,9,2023-07-15,6
1309,41.90090476190477,16.30404761904762,9,2023-07-17,6
1310,53.001817460317454,21.26962698412698,9,2023-07-18,6
1311,59.574198412698415,24.001888888888892,9,2023-07-19,6
1312,59.29868253968254,24.83881746031747,9,2023-07-20,6
1313,59.11615873015873,23.5423253968254,9,2023-07-21,6
1314,76.42827056277055,29.283722943722946,9,2023-07-22,6
1315,43.74461111111112,16.336936507936503,9,2023-07-24,6
1316,53.95840476190477,22.362206349206353,9,2023-07-25,6
1317,58.55613888888888,23.620484126984127,9,2023-07-26,6
1318,61.640821428571435,24.893571428571434,9,2023-07-27,6
1319,57.87530555555556,21.266595238095245,9,2023-07-28,6
1320,75.39731746031744,30.316238095238106,9,2023-07-29,6
1321,41.3033253968254,14.987738095238093,9,2023-07-31,6
1322,53.74744047619048,23.137976190476188,9,2023-08-01,6
1323,60.147059523809524,24.951624098124103,9,2023-08-02,6
1324,61.75357142857143,26.74077200577201,9,2023-08-03,6
1325,56.3777380952381,20.761253968253968,9,2023-08-04,6
1326,74.40485714285713,27.373301587301583,9,2023-08-05,6
1327,45.19250072150073,17.955310966810963,9,2023-08-07,6
1328,55.856833333333334,21.10529761904762,9,2023-08-08,6
1329,50.034641495562035,23.138668224826365,37,2023-07-10,6
1330,64.19236956475123,29.73768729264606,37,2023-07-11,6
1331,67.07573201554018,27.842117916379554,37,2023-07-12,6
1332,69.88252326665629,30.07650134369898,37,2023-07-13,6
1333,63.756124139208694,28.209597534351186,37,2023-07-14,6
1334,96.47496874138423,39.856748802032136,37,2023-07-15,6
1335,50.06233800494535,23.532082670783485,37,2023-07-17,6
1336,63.67442371506908,29.171157015622498,37,2023-07-18,6
1337,66.27379958929805,28.73322239940598,37,2023-07-19,6
1338,69.02420421417251,29.327279922941294,37,2023-07-20,6
1339,61.98235766352731,27.340395626928046,37,2023-07-21,6
1340,100.62052496773427,41.629114586284224,37,2023-07-22,6
1341,49.256655756578795,22.75484515199407,37,2023-07-24,6
1342,63.19452652251314,28.888947988732603,37,2023-07-25,6
1343,66.38052160181542,28.559615020349693,37,2023-07-26,6
1344,69.59786296994356,30.00896621010913,37,2023-07-27,6
1345,62.75778887211377,27.52437879332279,37,2023-07-28,6
1346,100.89029247514898,40.80783287848948,37,2023-07-29,6
1347,50.2961356878686,23.046328730909778,37,2023-07-31,6
1348,64.00140495207599,28.82539861754718,37,2023-08-01,6
1349,66.17999689360167,28.880544786841526,37,2023-08-02,6
1350,68.26270108866167,29.050691892592127,37,2023-08-03,6
1351,60.945746720071114,27.519389189549287,37,2023-08-04,6
1352,101.88571590882339,41.52206455363992,37,2023-08-05,6
1353,51.9269200432823,23.53491057052093,37,2023-08-07,6
1354,62.01738555049377,28.440910344966806,37,2023-08-08,6
1355,92.62377877511167,50.6898405013699,1,2023-08-23,7
1356,98.37994975361725,53.26659150475877,1,2023-08-24,7
1357,75.14135903108556,40.107399865902686,1,2023-08-25,7
1358,128.860116538282,64.86329784186401,1,2023-08-26,7
1359,77.0088760433525,40.01582007395146,1,2023-08-28,7
1360,86.93024622930282,47.363833867260425,1,2023-08-29,7
1361,90.37585519205516,47.975682441227065,1,2023-08-30,7
1362,99.59762791151766,53.99569354015095,1,2023-08-31,7
1363,76.80715877377796,40.43624944740747,1,2023-09-01,7
1364,132.84704316389127,66.03258854965401,1,2023-09-02,7
1365,72.48447767275074,37.22991270529447,1,2023-09-04,7
1366,90.77775773090623,49.52036449702539,1,2023-09-05,7
1367,93.78048116439317,49.92725314268238,1,2023-09-06,7
1368,97.41660842072635,52.129156310160035,1,2023-09-07,7
1369,78.91951343445471,41.769988388083256,1,2023-09-08,7
1370,133.30032225617518,66.79751998947188,1,2023-09-09,7
1371,74.72668630062203,40.055069628133595,1,2023-09-11,7
1372,85.94994529943835,45.91189593293162,1,2023-09-12,7
1373,92.02496631624314,50.032114654558114,1,2023-09-13,7
1374,100.56710243873893,54.68618796434535,1,2023-09-14,7
1375,76.09623059863047,40.27847943137655,1,2023-09-15,7
1376,144.43666127091862,75.3591592737328,1,2023-09-16,7
1377,71.38626396084427,36.88855906273348,1,2023-09-18,7
1378,92.12461881500205,50.56286795974225,1,2023-09-19,7
1379,93.50453012511909,50.39298894105963,1,2023-09-20,7
1380,98.89256992486067,54.4570307540449,1,2023-09-21,7
1381,132.66031282365626,60.063093331029,2,2023-08-23,7
1382,175.92891049481986,78.20439473765768,2,2023-08-24,7
1383,104.41453937378888,46.28481835935534,2,2023-08-25,7
1384,222.28907857431147,93.10192901292089,2,2023-08-26,7
1385,82.34778419403752,43.07499941396208,2,2023-08-27,7
1386,121.44301851270409,53.52005079894006,2,2023-08-28,7
1387,126.08692580649257,57.717466487888295,2,2023-08-29,7
1388,132.19107736862532,59.64859588081206,2,2023-08-30,7
1389,170.31684520281055,75.81598176813047,2,2023-08-31,7
1390,107.40101949733256,47.08305370442077,2,2023-09-01,7
1391,216.70001860592416,90.49828920883195,2,2023-09-02,7
1392,82.2083147769272,41.36538026210282,2,2023-09-03,7
1393,118.8106032620731,52.83719857667648,2,2023-09-04,7
1394,122.79897013137537,56.71747064430211,2,2023-09-05,7
1395,135.64561170958197,60.31954765844304,2,2023-09-06,7
1396,170.67776156640764,75.97858732170386,2,2023-09-07,7
1397,106.09795662794895,45.82686374169837,2,2023-09-08,7
1398,221.9137163580473,92.30281949638996,2,2023-09-09,7
1399,80.91672761741351,40.033790607159034,2,2023-09-10,7
1400,116.20909419062538,52.6403202333512,2,2023-09-11,7
1401,124.49511183869826,58.02929490276889,2,2023-09-12,7
1402,136.2107269153121,61.47942200489435,2,2023-09-13,7
1403,168.76046800336314,75.3684283569973,2,2023-09-14,7
1404,106.81988645328624,47.08887453374885,2,2023-09-15,7
1405,236.48862970943523,96.51067257556642,2,2023-09-16,7
1406,76.63407524204477,39.83805159480524,2,2023-09-17,7
1407,100.60565997318103,43.552351471027734,2,2023-09-18,7
1408,126.53395908189778,58.51798425437732,2,2023-09-19,7
1409,141.48320119045556,63.88642884830526,2,2023-09-20,7
1410,169.13732598635448,75.81595825412917,2,2023-09-21,7
1411,77.94375,41.2075,3,2023-08-23,7
1412,79.51,40.9625,3,2023-08-24,7
1413,81.42375,42.38,3,2023-08-25,7
1414,84.97125,45.11,3,2023-08-26,7
1415,57.59125,29.625,3,2023-08-28,7
1416,71.875,37.4725,3,2023-08-29,7
1417,74.74125,39.635,3,2023-08-30,7
1418,78.98625,40.9675,3,2023-08-31,7
1419,80.84375,42.98,3,2023-09-01,7
1420,85.94,45.955,3,2023-09-02,7
1421,56.88375,29.415,3,2023-09-04,7
1422,74.61875,39.575,3,2023-09-05,7
1423,76.92625,40.97,3,2023-09-06,7
1424,80.18625,40.98,3,2023-09-07,7
1425,82.8725,44.1075,3,2023-09-08,7
1426,85.24125,44.87,3,2023-09-09,7
1427,57.24125,30.1225,3,2023-09-11,7
1428,74.28,39.005,3,2023-09-12,7
1429,75.45875,39.9425,3,2023-09-13,7
1430,78.81625,41.37,3,2023-09-14,7
1431,83.2575,44.9125,3,2023-09-15,7
1432,87.98,47.0875,3,2023-09-16,7
1433,55.95625,29.1025,3,2023-09-18,7
1434,74.74625,38.935,3,2023-09-19,7
1435,78.3125,40.8575,3,2023-09-20,7
1436,79.69625,41.5975,3,2023-09-21,7
1437,65.309,25.969,4,2023-08-23,7
1438,70.508,27.896,4,2023-08-24,7
1439,53.5495,20.951,4,2023-08-25,7
1440,104.8285,38.867,4,2023-08-26,7
1441,56.324,21.076,4,2023-08-28,7
1442,57.678,23.327,4,2023-08-29,7
1443,60.5245,24.4,4,2023-08-30,7
1444,69.038,27.243,4,2023-08-31,7
1445,53.7325,20.634,4,2023-09-01,7
1446,105.479,38.261,4,2023-09-02,7
1447,53.589,20.231,4,2023-09-04,7
1448,57.9405,23.237,4,2023-09-05,7
1449,58.1685,22.958,4,2023-09-06,7
1450,69.8555,27.618,4,2023-09-07,7
1451,55.549,21.078,4,2023-09-08,7
1452,113.3655,41.349,4,2023-09-09,7
1453,56.2535,21.815,4,2023-09-11,7
1454,59.0605,23.827,4,2023-09-12,7
1455,63.2965,25.043,4,2023-09-13,7
1456,68.328,27.21,4,2023-09-14,7
1457,54.4515,20.778,4,2023-09-15,7
1458,114.672,41.376,4,2023-09-16,7
1459,49.295,18.152,4,2023-09-18,7
1460,57.94,23.179,4,2023-09-19,7
1461,62.3555,24.88,4,2023-09-20,7
1462,68.671,26.839,4,2023-09-21,7
1463,81.04875,52.9925,6,2023-08-23,7
1464,55.81625,40.085,6,2023-08-24,7
1465,33.24875,23.5025,6,2023-08-25,7
1466,58.545,40.395,6,2023-08-26,7
1467,43.3875,30.39,6,2023-08-28,7
1468,42.8075,30.8175,6,2023-08-29,7
1469,82.56375,51.925,6,2023-08-30,7
1470,54.77625,39.7525,6,2023-08-31,7
1471,35.5575,26.135,6,2023-09-01,7
1472,56.06,36.8475,6,2023-09-02,7
1473,42.37375,29.945,6,2023-09-04,7
1474,45.2725,32.765,6,2023-09-05,7
1475,81.7675,51.8425,6,2023-09-06,7
1476,54.59625,39.29,6,2023-09-07,7
1477,33.9,24.665,6,2023-09-08,7
1478,58.10375,38.655,6,2023-09-09,7
1479,41.33375,30.2175,6,2023-09-11,7
1480,43.765,31.8175,6,2023-09-12,7
1481,81.12875,52.83,6,2023-09-13,7
1482,54.6775,40.0875,6,2023-09-14,7
1483,32.8575,23.345,6,2023-09-15,7
1484,58.95375,39.2925,6,2023-09-16,7
1485,37.7775,26.92,6,2023-09-18,7
1486,45.46,32.4775,6,2023-09-19,7
1487,83.59125,52.3825,6,2023-09-20,7
1488,55.86875,41.71,6,2023-09-21,7
1489,75.09,38.8375,7,2023-08-23,7
1490,80.91625,44.3375,7,2023-08-24,7
1491,64.8025,36.5075,7,2023-08-25,7
1492,103.38,52.8625,7,2023-08-26,7
1493,54.485,33.6825,7,2023-08-28,7
1494,78.28875,39.0875,7,2023-08-29,7
1495,76.09,39.4775,7,2023-08-30,7
1496,80.81,44.2075,7,2023-08-31,7
1497,64.73375,35.2725,7,2023-09-01,7
1498,106.2025,54.1275,7,2023-09-02,7
1499,54.515,32.665,7,2023-09-04,7
1500,75.80125,37.0575,7,2023-09-05,7
1501,76.3725,39.835,7,2023-09-06,7
1502,81.25875,45.34,7,2023-09-07,7
1503,66.80375,35.895,7,2023-09-08,7
1504,107.505,55.34,7,2023-09-09,7
1505,53.97125,32.895,7,2023-09-11,7
1506,76.98375,39.2825,7,2023-09-12,7
1507,76.245,40.7425,7,2023-09-13,7
1508,82.36125,46.005,7,2023-09-14,7
1509,64.3,35.93,7,2023-09-15,7
1510,107.9625,55.32,7,2023-09-16,7
1511,52.19,31.775,7,2023-09-18,7
1512,76.575,39.04,7,2023-09-19,7
1513,77.31125,41.485,7,2023-09-20,7
1514,82.56125,45.85,7,2023-09-21,7
1515,83.79615079365081,32.44303174603175,8,2023-08-23,7
1516,92.22852777777778,34.89020634920635,8,2023-08-24,7
1517,110.98219913419912,42.436889610389606,8,2023-08-25,7
1518,98.03057142857146,32.33159523809525,8,2023-08-26,7
1519,77.64313852813854,27.592282106782115,8,2023-08-28,7
1520,97.83754761904764,35.93819047619048,8,2023-08-29,7
1521,85.36478571428572,33.11040476190476,8,2023-08-30,7
1522,91.8046865079365,33.547253968253955,8,2023-08-31,7
1523,115.94053968253968,40.758944444444445,8,2023-09-01,7
1524,98.70228571428572,31.8153253968254,8,2023-09-02,7
1525,75.29177344877344,28.126626262626267,8,2023-09-04,7
1526,99.96434523809523,33.25430952380952,8,2023-09-05,7
1527,87.59046103896104,34.86770490620491,8,2023-09-06,7
1528,94.51218253968253,35.65548412698413,8,2023-09-07,7
1529,114.26050793650796,40.93881746031746,8,2023-09-08,7
1530,97.95060317460319,32.89119047619049,8,2023-09-09,7
1531,73.97892857142855,27.374253968253974,8,2023-09-11,7
1532,98.5966904761905,33.878182539682534,8,2023-09-12,7
1533,91.99834199134197,35.204149350649345,8,2023-09-13,7
1534,92.6400158730159,33.74146825396826,8,2023-09-14,7
1535,116.78042857142853,40.62161111111111,8,2023-09-15,7
1536,97.49957936507937,29.709031746031748,8,2023-09-16,7
1537,69.28815079365079,24.35973015873016,8,2023-09-18,7
1538,97.57154761904759,34.519912698412696,8,2023-09-19,7
1539,86.03019047619047,32.451,8,2023-09-20,7
1540,90.28750793650794,32.62619047619048,8,2023-09-21,7
1541,58.61800761804436,23.210203833280186,9,2023-08-23,7
1542,63.61959794543077,25.51009723519857,9,2023-08-24,7
1543,58.30169882730535,22.182105617506533,9,2023-08-25,7
1544,75.64773557329748,29.277441140782166,9,2023-08-26,7
1545,45.33216547811063,17.05512245594961,9,2023-08-28,7
1546,56.964602575973025,22.41480977322478,9,2023-08-29,7
1547,60.12991144003882,23.977290826757667,9,2023-08-30,7
1548,61.57361367313343,24.569863244369145,9,2023-08-31,7
1549,58.80640883522956,22.93171978503152,9,2023-09-01,7
1550,75.4990245662146,29.484552942662763,9,2023-09-02,7
1551,45.654316960709565,17.1491574158985,9,2023-09-04,7
1552,58.05528872743261,23.14032119401231,9,2023-09-05,7
1553,59.14411222986935,23.785813462022986,9,2023-09-06,7
1554,64.72490414584253,26.21301300428595,9,2023-09-07,7
1555,57.71408417754285,21.81003144998541,9,2023-09-08,7
1556,78.05855460085573,30.480598405438727,9,2023-09-09,7
1557,44.63070421434009,16.844825055577385,9,2023-09-11,7
1558,57.25324241901004,22.67570067070891,9,2023-09-12,7
1559,59.88163170953192,23.77959329657371,9,2023-09-13,7
1560,64.19918872804212,26.39160257268617,9,2023-09-14,7
1561,57.41002763631877,22.047817520176146,9,2023-09-15,7
1562,76.81827714115956,29.967830133428674,9,2023-09-16,7
1563,44.68878852060669,17.31939213549235,9,2023-09-18,7
1564,56.90845097468044,23.01053823267565,9,2023-09-19,7
1565,61.84126932616753,24.86684459204629,9,2023-09-20,7
1566,67.16178794841383,28.34082196377058,9,2023-09-21,7
1567,71.09540322341057,31.01050475341651,37,2023-08-23,7
1568,72.7876156135531,31.49014942002442,37,2023-08-24,7
1569,60.69265277777777,27.232452380952367,37,2023-08-25,7
1570,100.60108766233766,43.52049891774891,37,2023-08-26,7
1571,53.68142857142856,24.524174603174608,37,2023-08-28,7
1572,63.994038609087404,29.62219295744904,37,2023-08-29,7
1573,70.41813997113996,31.27620274170274,37,2023-08-30,7
1574,68.87526307189542,30.17224136321196,37,2023-08-31,7
1575,62.01758899689492,28.221333239129297,37,2023-09-01,7
1576,98.78541666666666,41.092734126984126,37,2023-09-02,7
1577,53.62204365079365,23.162309523809522,37,2023-09-04,7
1578,65.16714307914307,28.772953685203685,37,2023-09-05,7
1579,71.21863045955061,31.85549816697841,37,2023-09-06,7
1580,70.70169001994736,30.57995709192769,37,2023-09-07,7
1581,62.81189730816568,28.78242817884729,37,2023-09-08,7
1582,101.48959523809522,44.56244047619049,37,2023-09-09,7
1583,55.41432611832612,25.199000721500724,37,2023-09-11,7
1584,64.16332838277154,29.96826963986625,37,2023-09-12,7
1585,67.65250686003985,29.95463626233003,37,2023-09-13,7
1586,68.79651587301586,29.538642857142854,37,2023-09-14,7
1587,60.28759921514799,27.599986247492353,37,2023-09-15,7
1588,101.52067496392498,42.12135606060606,37,2023-09-16,7
1589,51.55042261904762,23.68113095238095,37,2023-09-18,7
1590,64.82699186019293,29.664688517152072,37,2023-09-19,7
1591,67.09203492820053,29.25312961271465,37,2023-09-20,7
1592,72.08760422910422,31.701199106449103,37,2023-09-21,7
1593,79.80786839826847,45.53198845598846,1,2023-10-06,8
1594,150.44363636363644,79.6742416305916,1,2023-10-07,8
1595,71.83475434842927,38.82430345765345,1,2023-10-09,8
1596,90.4061253968254,50.40619206349204,1,2023-10-10,8
1597,94.64573023088019,51.77045822510822,1,2023-10-11,8
1598,103.00677241924747,58.39060677100676,1,2023-10-12,8
1599,81.29919888167386,45.77127308802309,1,2023-10-13,8
1600,151.6042036075035,80.63516717171724,1,2023-10-14,8
1601,68.51146248196247,36.390518975468986,1,2023-10-16,8
1602,89.43635901875909,50.02435649350652,1,2023-10-17,8
1603,96.57460220057715,54.432109668109696,1,2023-10-18,8
1604,103.24554015151521,57.90317914862914,1,2023-10-19,8
1605,79.57846562049058,45.70492943722941,1,2023-10-20,8
1606,151.71935097402596,81.47750981240979,1,2023-10-21,8
1607,70.62148981851475,38.11403607503606,1,2023-10-23,8
1608,90.2069023448773,50.73766435786434,1,2023-10-24,8
1609,97.32033665223668,54.98766125541122,1,2023-10-25,8
1610,103.9374295621046,57.84263837273839,1,2023-10-26,8
1611,79.61555414862914,45.56207914862916,1,2023-10-27,8
1612,153.79489628427132,82.7544994949495,1,2023-10-28,8
1613,71.63947777777783,38.53286111111113,1,2023-10-30,8
1614,90.6200580808081,51.45619797979797,1,2023-10-31,8
1615,97.976763961039,55.610081673881695,1,2023-11-02,8
1616,79.45556962481962,45.21421998556999,1,2023-11-03,8
1617,151.57830382395377,81.02452720057723,1,2023-11-04,8
1618,104.19,46.54,2,2023-10-06,8
1619,240.01,102.14,2,2023-10-07,8
1620,77.0325,41.45,2,2023-10-08,8
1621,101.39,44.395,2,2023-10-09,8
1622,123.66,59.275,2,2023-10-10,8
1623,136.9475,62.315,2,2023-10-11,8
1624,170.825,77.56,2,2023-10-12,8
1625,103.9925,45.37,2,2023-10-13,8
1626,240.6425,102.735,2,2023-10-14,8
1627,75.02,40.01,2,2023-10-15,8
1628,100.7575,45.675,2,2023-10-16,8
1629,130.225,60.685,2,2023-10-17,8
1630,137.125,64.01,2,2023-10-18,8
1631,171.5425,78.605,2,2023-10-19,8
1632,103.6875,44.785,2,2023-10-20,8
1633,237.935,99.37,2,2023-10-21,8
1634,74.9575,39.91,2,2023-10-22,8
1635,100.8225,44.68,2,2023-10-23,8
1636,124.4,57.6,2,2023-10-24,8
1637,136.2125,63.425,2,2023-10-25,8
1638,167.43,76.71,2,2023-10-26,8
1639,100.6825,46.11,2,2023-10-27,8
1640,240.7675,100.995,2,2023-10-28,8
1641,76.9125,40.325,2,2023-10-29,8
1642,101.275,44.33,2,2023-10-30,8
1643,130.8725,60.4,2,2023-10-31,8
1644,172.4025,78.445,2,2023-11-02,8
1645,104.585,46.575,2,2023-11-03,8
1646,232.6275,104.1,2,2023-11-04,8
1647,81.31375,44.635,3,2023-10-06,8
1648,88.87125,49.0825,3,2023-10-07,8
1649,56.73125,30.3375,3,2023-10-09,8
1650,72.5325,39.69,3,2023-10-10,8
1651,75.48,41.0575,3,2023-10-11,8
1652,81.9025,44.44,3,2023-10-12,8
1653,81.2975,44.57,3,2023-10-13,8
1654,87.83375,47.81,3,2023-10-14,8
1655,56.3825,31.105,3,2023-10-16,8
1656,70.8575,38.9525,3,2023-10-17,8
1657,75.7825,41.485,3,2023-10-18,8
1658,78.3575,42.65,3,2023-10-19,8
1659,79.79,43.5125,3,2023-10-20,8
1660,86.77875,47.6175,3,2023-10-21,8
1661,54.4675,29.11,3,2023-10-23,8
1662,69.9925,38.0125,3,2023-10-24,8
1663,71.66375,38.9275,3,2023-10-25,8
1664,78.56125,42.5275,3,2023-10-26,8
1665,81.00375,44.2875,3,2023-10-27,8
1666,86.255,46.64,3,2023-10-28,8
1667,54.4925,28.36,3,2023-10-30,8
1668,71.60875,39.5475,3,2023-10-31,8
1669,73.00125,39.7025,3,2023-11-02,8
1670,75.1475,41.2375,3,2023-11-03,8
1671,79.33,43.4225,3,2023-11-04,8
1672,58.50383333333334,22.962619047619047,4,2023-10-06,8
1673,122.03316666666667,45.46685714285714,4,2023-10-07,8
1674,50.60345238095238,20.19985714285714,4,2023-10-09,8
1675,60.97039285714286,23.49521428571429,4,2023-10-10,8
1676,67.5142619047619,26.828619047619053,4,2023-10-11,8
1677,76.36575396825397,31.49830158730158,4,2023-10-12,8
1678,59.92485714285716,22.49088888888888,4,2023-10-13,8
1679,124.20466666666661,45.59085714285714,4,2023-10-14,8
1680,52.43427777777778,20.392444444444447,4,2023-10-16,8
1681,60.035035714285726,23.678738095238096,4,2023-10-17,8
1682,72.64533333333333,28.692761904761902,4,2023-10-18,8
1683,73.28811904761903,30.235476190476188,4,2023-10-19,8
1684,55.584047619047624,21.48209523809524,4,2023-10-20,8
1685,119.7376349206349,44.163476190476196,4,2023-10-21,8
1686,50.577333333333335,19.60466666666667,4,2023-10-23,8
1687,57.22975,22.815833333333334,4,2023-10-24,8
1688,66.59235714285715,27.61009523809524,4,2023-10-25,8
1689,68.15095238095235,26.535666666666668,4,2023-10-26,8
1690,54.758666666666684,21.629809523809527,4,2023-10-27,8
1691,119.13864285714286,43.03330952380953,4,2023-10-28,8
1692,52.738000000000014,20.770714285714284,4,2023-10-30,8
1693,59.35941666666667,23.274285714285714,4,2023-10-31,8
1694,72.80992857142857,28.024809523809523,4,2023-11-02,8
1695,55.61405555555556,21.737444444444442,4,2023-11-03,8
1696,122.40513492063494,45.55054761904763,4,2023-11-04,8
1697,32.71,24.305,6,2023-10-06,8
1698,61.315,39.71,6,2023-10-07,8
1699,33.9025,24.985,6,2023-10-09,8
1700,46.5725,33.19,6,2023-10-10,8
1701,88.655,54.0,6,2023-10-11,8
1702,54.465,40.04,6,2023-10-12,8
1703,32.61,23.855,6,2023-10-13,8
1704,61.115,39.59,6,2023-10-14,8
1705,34.93,25.145,6,2023-10-16,8
1706,47.55,33.995,6,2023-10-17,8
1707,88.505,53.135,6,2023-10-18,8
1708,54.76,39.605,6,2023-10-19,8
1709,33.3,24.005,6,2023-10-20,8
1710,60.3425,38.585,6,2023-10-21,8
1711,33.545,24.4,6,2023-10-23,8
1712,46.695,33.6,6,2023-10-24,8
1713,87.6825,54.045,6,2023-10-25,8
1714,53.86,39.415,6,2023-10-26,8
1715,32.66,22.665,6,2023-10-27,8
1716,59.22,37.725,6,2023-10-28,8
1717,33.5575,23.9,6,2023-10-30,8
1718,46.26,33.03,6,2023-10-31,8
1719,50.54,37.26,6,2023-11-02,8
1720,34.1675,25.35,6,2023-11-03,8
1721,55.275,37.29,6,2023-11-04,8
1722,64.735,35.42,7,2023-10-06,8
1723,108.38,55.44,7,2023-10-07,8
1724,52.5,32.6,7,2023-10-09,8
1725,75.17,40.38,7,2023-10-10,8
1726,76.625,40.97,7,2023-10-11,8
1727,81.865,46.45,7,2023-10-12,8
1728,63.11,35.37,7,2023-10-13,8
1729,108.87,55.45,7,2023-10-14,8
1730,53.285,32.52,7,2023-10-16,8
1731,77.09,41.47,7,2023-10-17,8
1732,76.775,41.51,7,2023-10-18,8
1733,81.16,46.74,7,2023-10-19,8
1734,66.695,35.89,7,2023-10-20,8
1735,106.51,53.92,7,2023-10-21,8
1736,54.58,34.03,7,2023-10-23,8
1737,77.35,42.11,7,2023-10-24,8
1738,76.215,41.33,7,2023-10-25,8
1739,80.05,46.11,7,2023-10-26,8
1740,64.22,35.57,7,2023-10-27,8
1741,105.09,52.88,7,2023-10-28,8
1742,51.385,31.92,7,2023-10-30,8
1743,74.28,40.03,7,2023-10-31,8
1744,77.285,44.13,7,2023-11-02,8
1745,64.625,35.35,7,2023-11-03,8
1746,107.18,54.95,7,2023-11-04,8
1747,122.14638062687067,44.17419257585802,8,2023-10-06,8
1748,102.96187674254949,35.62338453136121,8,2023-10-07,8
1749,69.52037654450932,26.11239125374159,8,2023-10-09,8
1750,95.67418415999073,34.237725965360085,8,2023-10-10,8
1751,89.06047569207489,35.0118353232222,8,2023-10-11,8
1752,92.36505466210127,34.691546479371986,8,2023-10-12,8
1753,122.91684084285309,43.14264303789093,8,2023-10-13,8
1754,102.75683807075032,36.210901051843024,8,2023-10-14,8
1755,72.30159976230827,27.262821246520456,8,2023-10-16,8
1756,97.57716436190655,34.858560466576456,8,2023-10-17,8
1757,89.03777368334623,34.63114776566108,8,2023-10-18,8
1758,89.6856893824836,34.13713723674046,8,2023-10-19,8
1759,116.76827705594232,41.407755534084714,8,2023-10-20,8
1760,106.67100887659598,38.868257752980014,8,2023-10-21,8
1761,70.37075602489782,27.070252832669432,8,2023-10-23,8
1762,95.84176166346067,35.03655520345464,8,2023-10-24,8
1763,88.01678779206863,34.842191233651334,8,2023-10-25,8
1764,88.28540109874409,33.165490069210726,8,2023-10-26,8
1765,115.34418035124806,41.62969609295748,8,2023-10-27,8
1766,103.52858370863862,34.93140545827425,8,2023-10-28,8
1767,69.38634707992917,26.137690134505146,8,2023-10-30,8
1768,97.70125585476514,35.26121272959727,8,2023-10-31,8
1769,84.76460049232254,31.885795232140953,8,2023-11-02,8
1770,110.59454382148071,41.03683133712875,8,2023-11-03,8
1771,101.17770538368411,35.57229708088928,8,2023-11-04,8
1772,56.7575,20.69,9,2023-10-06,8
1773,75.885,29.505,9,2023-10-07,8
1774,43.89,16.755,9,2023-10-09,8
1775,55.07716666666667,22.225,9,2023-10-10,8
1776,58.95177083333333,23.660208333333333,9,2023-10-11,8
1777,61.135,24.405,9,2023-10-12,8
1778,56.435,20.023333333333333,9,2023-10-13,8
1779,77.255,29.465,9,2023-10-14,8
1780,43.88,16.25,9,2023-10-16,8
1781,59.34716666666667,23.945,9,2023-10-17,8
1782,60.2978125,23.891875,9,2023-10-18,8
1783,61.9525,25.425,9,2023-10-19,8
1784,55.31,20.66,9,2023-10-20,8
1785,75.775,28.045,9,2023-10-21,8
1786,45.605,17.95,9,2023-10-23,8
1787,59.11,25.59,9,2023-10-24,8
1788,60.77125,24.75375,9,2023-10-25,8
1789,62.9475,26.10166666666667,9,2023-10-26,8
1790,55.4825,21.905,9,2023-10-27,8
1791,77.0075,29.665,9,2023-10-28,8
1792,44.5,16.6,9,2023-10-30,8
1793,56.0475,23.275,9,2023-10-31,8
1794,58.225,23.68,9,2023-11-02,8
1795,54.0325,21.085,9,2023-11-03,8
1796,73.3125,27.685,9,2023-11-04,8
1797,63.555,28.23,37,2023-10-06,8
1798,102.05,42.23,37,2023-10-07,8
1799,50.745,24.9,37,2023-10-09,8
1800,63.4,28.2,37,2023-10-10,8
1801,70.52,31.61,37,2023-10-11,8
1802,69.63,30.31,37,2023-10-12,8
1803,62.645,27.39,37,2023-10-13,8
1804,106.05,44.46,37,2023-10-14,8
1805,50.98,23.94,37,2023-10-16,8
1806,62.45,27.9,37,2023-10-17,8
1807,68.645,30.1,37,2023-10-18,8
1808,68.925,29.92,37,2023-10-19,8
1809,62.875,27.53,37,2023-10-20,8
1810,102.99,43.38,37,2023-10-21,8
1811,50.23,23.53,37,2023-10-23,8
1812,63.57,29.38,37,2023-10-24,8
1813,68.75,29.21,37,2023-10-25,8
1814,70.63,31.07,37,2023-10-26,8
1815,64.78,30.05,37,2023-10-27,8
1816,105.0,43.52,37,2023-10-28,8
1817,50.8,24.69,37,2023-10-30,8
1818,63.44,27.46,37,2023-10-31,8
1819,65.025,29.41,37,2023-11-02,8
1820,64.15,29.48,37,2023-11-03,8
1821,102.49,43.37,37,2023-11-04,8
